task_name,input_file,data_model,property_file,expected
2LS,c/xcsp/CostasArray-11.c,32,c/properties/unreach-call.prp,False
2LS,c/hardness-nfm22/hardness_loopvsstraightlinecode_100-while_file-96.i,32,c/properties/unreach-call.prp,True
2LS,c/aws-c-common/aws_linked_list_front_harness_negated.i,64,c/properties/unreach-call.prp,False
2LS,c/product-lines/minepump_spec1_product47.cil.c,32,c/properties/termination.prp,False
2LS,c/product-lines/minepump_spec1_product47.cil.c,32,c/properties/unreach-call.prp,True
2LS,c/hardness-nfm22/hardness_operatoramount_amount100_file-21.i,32,c/properties/unreach-call.prp,True
2LS,c/Juliet_Test/CWE190_Integer_Overflow__int_fscanf_square_61_good.i,64,c/properties/no-overflow.prp,True
2LS,c/hardware-verification-bv/btor2c-lazyMod.driving_phils.5.prop1-func-interl.c,64,c/properties/unreach-call.prp,False
2LS,c/hardness-nfm22/hardness_fillercode_fillercodestructure_filler-ps-cn_file-47.i,32,c/properties/unreach-call.prp,True
2LS,c/hardness-nfm22/hardness_operatoramount_amount250_file-63.i,32,c/properties/unreach-call.prp,True
2LS,c/list-simple/dll2c_remove_all_reverse.i,32,c/properties/no-overflow.prp,True
2LS,c/list-simple/dll2c_remove_all_reverse.i,32,c/properties/unreach-call.prp,True
2LS,c/list-simple/dll2c_remove_all_reverse.i,32,c/properties/valid-memsafety.prp,True
2LS,c/Juliet_Test/CWE190_Integer_Overflow__int_fscanf_square_32_good.i,64,c/properties/no-overflow.prp,True
2LS,c/nla-digbench-scaling/mannadiv_unwindbound5.c,32,c/properties/unreach-call.prp,False
2LS,c/nla-digbench-scaling/mannadiv_unwindbound5.c,32,c/properties/no-overflow.prp,True
2LS,c/list-simple/sll2c_remove_all.i,32,c/properties/no-overflow.prp,True
2LS,c/list-simple/sll2c_remove_all.i,32,c/properties/unreach-call.prp,True
2LS,c/list-simple/sll2c_remove_all.i,32,c/properties/valid-memsafety.prp,True
2LS,c/hardness-nfm22/hardness_loopvsstraightlinecode_25-1loop_file-65.i,32,c/properties/unreach-call.prp,True
2LS,c/hardness-nfm22/hardness_fillercode_fillercodesize_ps-cn-250_file-7.i,32,c/properties/unreach-call.prp,True
2LS,c/Juliet_Test/CWE190_Integer_Overflow__int_rand_square_34_good.i,64,c/properties/no-overflow.prp,True
2LS,c/hardness-nfm22/hardness_loopvsstraightlinecode_100-1loop_file-73.i,32,c/properties/unreach-call.prp,True
2LS,c/Juliet_Test/CWE190_Integer_Overflow__int_fscanf_square_34_good.i,64,c/properties/no-overflow.prp,True
2LS,c/Juliet_Test/CWE190_Integer_Overflow__int_max_square_09_good.i,64,c/properties/no-overflow.prp,True
2LS,c/nla-digbench-scaling/cohendiv-ll_valuebound2.c,32,c/properties/unreach-call.prp,True
2LS,c/nla-digbench-scaling/cohendiv-ll_valuebound2.c,32,c/properties/no-overflow.prp,True
2LS,c/hardness-nfm22/hardness_operatoramount_amount250_file-18.i,32,c/properties/unreach-call.prp,True
2LS,c/product-lines/minepump_spec2_product51.cil.c,32,c/properties/termination.prp,False
2LS,c/product-lines/minepump_spec2_product51.cil.c,32,c/properties/unreach-call.prp,True
2LS,c/hardness-nfm22/hardness_loopvsstraightlinecode_50-1loop_file-47.i,32,c/properties/unreach-call.prp,True
2LS,c/termination-crafted/LexIndexValue-Array-1.c,64,c/properties/no-overflow.prp,True
2LS,c/termination-crafted/LexIndexValue-Array-1.c,64,c/properties/termination.prp,True
2LS,c/termination-crafted/LexIndexValue-Array-1.c,64,c/properties/valid-memsafety.prp,True
2LS,c/Juliet_Test/CWE190_Integer_Overflow__int_max_square_05_good.i,64,c/properties/no-overflow.prp,True
2LS,c/Juliet_Test/CWE190_Integer_Overflow__int_fscanf_square_53_good.i,64,c/properties/no-overflow.prp,True
2LS,c/Juliet_Test/CWE190_Integer_Overflow__int_fscanf_square_31_good.i,64,c/properties/no-overflow.prp,True
2LS,c/list-simple/sll2c_remove_all.i,32,c/properties/no-overflow.prp,True
2LS,c/list-simple/sll2c_remove_all.i,32,c/properties/unreach-call.prp,True
2LS,c/list-simple/sll2c_remove_all.i,32,c/properties/valid-memsafety.prp,True
2LS,c/hardware-verification-bv/btor2c-lazyMod.driving_phils.3.prop1-func-interl.c,64,c/properties/unreach-call.prp,False
2LS,c/list-simple/sll2n_append_unequal.i,32,c/properties/no-overflow.prp,True
2LS,c/list-simple/sll2n_append_unequal.i,32,c/properties/unreach-call.prp,True
2LS,c/list-simple/sll2n_append_unequal.i,32,c/properties/valid-memsafety.prp,True
2LS,c/Juliet_Test/CWE190_Integer_Overflow__int_rand_square_64_good.i,64,c/properties/no-overflow.prp,True
2LS,c/Juliet_Test/CWE190_Integer_Overflow__int_fscanf_square_52_good.i,64,c/properties/no-overflow.prp,True
2LS,c/nla-digbench-scaling/ps4-ll_valuebound1.c,32,c/properties/unreach-call.prp,True
2LS,c/nla-digbench-scaling/ps4-ll_valuebound1.c,32,c/properties/no-overflow.prp,True
2LS,c/product-lines/minepump_spec2_product59.cil.c,32,c/properties/termination.prp,False
2LS,c/product-lines/minepump_spec2_product59.cil.c,32,c/properties/unreach-call.prp,True
2LS,c/loop-lit/gj2007.i,32,c/properties/no-overflow.prp,True
2LS,c/loop-lit/gj2007.i,32,c/properties/termination.prp,True
2LS,c/loop-lit/gj2007.i,32,c/properties/unreach-call.prp,True
2LS,c/seq-mthreaded/pals_STARTPALS_Triplicated.1.ufo.BOUNDED-10.pals.c,32,c/properties/termination.prp,True
2LS,c/seq-mthreaded/pals_STARTPALS_Triplicated.1.ufo.BOUNDED-10.pals.c,32,c/properties/unreach-call.prp,False
2LS,c/nla-digbench-scaling/prodbin-ll_valuebound5.c,32,c/properties/unreach-call.prp,True
2LS,c/nla-digbench-scaling/prodbin-ll_valuebound5.c,32,c/properties/no-overflow.prp,True
2LS,c/product-lines/minepump_spec2_product40.cil.c,32,c/properties/termination.prp,False
2LS,c/product-lines/minepump_spec2_product40.cil.c,32,c/properties/unreach-call.prp,True
2LS,c/hardness-nfm22/hardness_operatoramount_amount25_file-65.i,32,c/properties/unreach-call.prp,True
2LS,c/hardness-nfm22/hardness_variablewrapping_wrapper-a_file-40.i,32,c/properties/unreach-call.prp,True
2LS,c/hardness-nfm22/hardness_loopvsstraightlinecode_100-while_file-73.i,32,c/properties/unreach-call.prp,True
2LS,c/product-lines/minepump_spec2_product47.cil.c,32,c/properties/termination.prp,False
2LS,c/product-lines/minepump_spec2_product47.cil.c,32,c/properties/unreach-call.prp,True
2LS,c/hardness-nfm22/hardness_loopvsstraightlinecode_25-while_file-8.i,32,c/properties/unreach-call.prp,True
2LS,c/product-lines/minepump_spec2_product56.cil.c,32,c/properties/termination.prp,False
2LS,c/product-lines/minepump_spec2_product56.cil.c,32,c/properties/unreach-call.prp,True
2LS,c/list-simple/dll2c_insert_unequal.i,32,c/properties/no-overflow.prp,True
2LS,c/list-simple/dll2c_insert_unequal.i,32,c/properties/unreach-call.prp,True
2LS,c/list-simple/dll2c_insert_unequal.i,32,c/properties/valid-memsafety.prp,True
2LS,c/product-lines/minepump_spec2_product34.cil.c,32,c/properties/termination.prp,False
2LS,c/product-lines/minepump_spec2_product34.cil.c,32,c/properties/unreach-call.prp,False
2LS,c/product-lines/minepump_spec2_product50.cil.c,32,c/properties/termination.prp,False
2LS,c/product-lines/minepump_spec2_product50.cil.c,32,c/properties/unreach-call.prp,True
2LS,c/product-lines/minepump_spec2_product48.cil.c,32,c/properties/termination.prp,False
2LS,c/product-lines/minepump_spec2_product48.cil.c,32,c/properties/unreach-call.prp,True
2LS,c/product-lines/minepump_spec2_product52.cil.c,32,c/properties/termination.prp,False
2LS,c/product-lines/minepump_spec2_product52.cil.c,32,c/properties/unreach-call.prp,True
2LS,c/product-lines/minepump_spec2_product64.cil.c,32,c/properties/termination.prp,False
2LS,c/product-lines/minepump_spec2_product64.cil.c,32,c/properties/unreach-call.prp,True
2LS,c/Juliet_Test/CWE190_Integer_Overflow__int_rand_square_44_good.i,64,c/properties/no-overflow.prp,True
2LS,c/hardness-nfm22/hardness_operatoramount_amount100_file-73.i,32,c/properties/unreach-call.prp,True
2LS,c/product-lines/email_spec0_product10.cil.c,32,c/properties/termination.prp,True
2LS,c/product-lines/email_spec0_product10.cil.c,32,c/properties/unreach-call.prp,True
2LS,c/product-lines/minepump_spec2_product58.cil.c,32,c/properties/termination.prp,False
2LS,c/product-lines/minepump_spec2_product58.cil.c,32,c/properties/unreach-call.prp,True
2LS,c/Juliet_Test/CWE190_Integer_Overflow__int_fscanf_square_64_good.i,64,c/properties/no-overflow.prp,True
2LS,c/Juliet_Test/CWE190_Integer_Overflow__int_fscanf_square_63_good.i,64,c/properties/no-overflow.prp,True
2LS,c/hardness-nfm22/hardness_fillercode_fillercodestructure_filler-ps-co_file-0.i,32,c/properties/unreach-call.prp,True
2LS,c/hardware-verification-bv/btor2c-lazyMod.sw_ball2004_1.c,64,c/properties/unreach-call.prp,True
2LS,c/list-simple/sll2n_append_equal.i,32,c/properties/unreach-call.prp,True
2LS,c/list-simple/sll2n_append_equal.i,32,c/properties/valid-memsafety.prp,True
2LS,c/Juliet_Test/CWE190_Integer_Overflow__int_rand_square_65_good.i,64,c/properties/no-overflow.prp,True
2LS,c/seq-mthreaded/pals_lcr.8.ufo.BOUNDED-16.pals.c,32,c/properties/termination.prp,True
2LS,c/seq-mthreaded/pals_lcr.8.ufo.BOUNDED-16.pals.c,32,c/properties/unreach-call.prp,True
2LS,c/hardness-nfm22/hardness_fillercode_fillercodestructure_filler-pe-ci_file-3.i,32,c/properties/unreach-call.prp,True
2LS,c/memsafety/test-0521.i,32,c/properties/valid-memsafety.prp,True
2LS,c/hardware-verification-bv/btor2c-lazyMod.cal181.c,64,c/properties/unreach-call.prp,True
2LS,c/hardness-nfm22/hardness_loopvsstraightlinecode_50-while_file-54.i,32,c/properties/unreach-call.prp,True
2LS,c/nla-digbench-scaling/hard-u_valuebound50.c,32,c/properties/unreach-call.prp,True
2LS,c/nla-digbench-scaling/hard-u_valuebound50.c,32,c/properties/no-overflow.prp,True
2LS,c/Juliet_Test/CWE190_Integer_Overflow__int_rand_square_68_good.i,64,c/properties/no-overflow.prp,True
2LS,c/array-multidimensional/init-4-n-u.c,32,c/properties/no-overflow.prp,True
2LS,c/array-multidimensional/init-4-n-u.c,32,c/properties/unreach-call.prp,True
2LS,c/hardness-nfm22/hardness_operatoramount_amount250_file-98.i,32,c/properties/unreach-call.prp,True
2LS,c/list-simple/dll2c_insert_equal.i,32,c/properties/unreach-call.prp,True
2LS,c/list-simple/dll2c_insert_equal.i,32,c/properties/valid-memsafety.prp,True
2LS,c/hardness-nfm22/hardness_fillercode_fillercodesize_ps-cn-25_file-3.i,32,c/properties/unreach-call.prp,True
2LS,c/product-lines/minepump_spec2_product60.cil.c,32,c/properties/termination.prp,False
2LS,c/product-lines/minepump_spec2_product60.cil.c,32,c/properties/unreach-call.prp,True
2LS,c/product-lines/minepump_spec2_product54.cil.c,32,c/properties/termination.prp,False
2LS,c/product-lines/minepump_spec2_product54.cil.c,32,c/properties/unreach-call.prp,True
2LS,c/hardness-nfm22/hardness_codestructure_normal_file-35.i,32,c/properties/unreach-call.prp,True
2LS,c/product-lines/minepump_spec2_product36.cil.c,32,c/properties/termination.prp,False
2LS,c/product-lines/minepump_spec2_product36.cil.c,32,c/properties/unreach-call.prp,False
2LS,c/list-simple/sll2c_update_all.i,32,c/properties/no-overflow.prp,True
2LS,c/list-simple/sll2c_update_all.i,32,c/properties/unreach-call.prp,True
2LS,c/list-simple/sll2c_update_all.i,32,c/properties/valid-memsafety.prp,True
2LS,c/product-lines/email_spec11_product10.cil.c,32,c/properties/termination.prp,True
2LS,c/product-lines/email_spec11_product10.cil.c,32,c/properties/unreach-call.prp,True
2LS,c/forester-heap/sll-buckets-2.i,32,c/properties/unreach-call.prp,False
2LS,c/forester-heap/sll-buckets-2.i,32,c/properties/valid-memcleanup.prp,False
2LS,c/hardness-nfm22/hardness_fillercode_fillercodestructure_filler-pr-ci_file-3.i,32,c/properties/unreach-call.prp,True
2LS,c/loop-acceleration/array_2-1-simple.i,32,c/properties/no-overflow.prp,True
2LS,c/loop-acceleration/array_2-1-simple.i,32,c/properties/termination.prp,True
2LS,c/loop-acceleration/array_2-1-simple.i,32,c/properties/unreach-call.prp,False
2LS,c/Juliet_Test/CWE190_Integer_Overflow__int_rand_square_45_good.i,64,c/properties/no-overflow.prp,True
2LS,c/termination-crafted/NonTermination3-2.c,64,c/properties/valid-memsafety.prp,True
2LS,c/termination-crafted/NonTermination3-2.c,64,c/properties/no-overflow.prp,True
2LS,c/termination-crafted/NonTermination3-2.c,64,c/properties/termination.prp,False
2LS,c/product-lines/minepump_spec2_product38.cil.c,32,c/properties/termination.prp,False
2LS,c/product-lines/minepump_spec2_product38.cil.c,32,c/properties/unreach-call.prp,True
2LS,c/product-lines/minepump_spec2_product63.cil.c,32,c/properties/termination.prp,False
2LS,c/product-lines/minepump_spec2_product63.cil.c,32,c/properties/unreach-call.prp,True
2LS,c/product-lines/elevator_spec3_product23.cil.c,32,c/properties/termination.prp,True
2LS,c/product-lines/elevator_spec3_product23.cil.c,32,c/properties/unreach-call.prp,False
2LS,c/xcsp/Haystacks-07.c,32,c/properties/unreach-call.prp,True
2LS,c/nla-digbench-scaling/mannadiv_unwindbound10.c,32,c/properties/unreach-call.prp,False
2LS,c/nla-digbench-scaling/mannadiv_unwindbound10.c,32,c/properties/no-overflow.prp,True
2LS,c/hardness-nfm22/hardness_variablewrapping_wrapper-s_file-75.i,32,c/properties/unreach-call.prp,True
2LS,c/floats-cdfpl/newton_1_1.i,32,c/properties/termination.prp,True
2LS,c/floats-cdfpl/newton_1_1.i,32,c/properties/unreach-call.prp,True
2LS,c/hardness-nfm22/hardness_operatoramount_amount100_file-70.i,32,c/properties/unreach-call.prp,True
2LS,c/product-lines/minepump_spec2_product39.cil.c,32,c/properties/termination.prp,False
2LS,c/product-lines/minepump_spec2_product39.cil.c,32,c/properties/unreach-call.prp,True
2LS,c/eca-rers2012/Problem02_label33.c,32,c/properties/termination.prp,False
2LS,c/eca-rers2012/Problem02_label33.c,32,c/properties/unreach-call.prp,True
2LS,c/hardness-nfm22/hardness_fillercode_fillercodestructure_normal_file-54.i,32,c/properties/unreach-call.prp,True
2LS,c/hardness-nfm22/hardness_variablewrapping_normal_file-93.i,32,c/properties/unreach-call.prp,True
2LS,c/loop-acceleration/array_2-2-simple.i,32,c/properties/no-overflow.prp,True
2LS,c/loop-acceleration/array_2-2-simple.i,32,c/properties/termination.prp,True
2LS,c/loop-acceleration/array_2-2-simple.i,32,c/properties/unreach-call.prp,True
2LS,c/Juliet_Test/CWE190_Integer_Overflow__int_fscanf_square_54_good.i,64,c/properties/no-overflow.prp,True
2LS,c/hardness-nfm22/hardness_operatoramount_amount50_file-54.i,32,c/properties/unreach-call.prp,True
2LS,c/product-lines/elevator_spec3_product29.cil.c,32,c/properties/termination.prp,True
2LS,c/product-lines/elevator_spec3_product29.cil.c,32,c/properties/unreach-call.prp,True
2LS,c/list-simple/sll2n_remove_all_reverse.i,32,c/properties/no-overflow.prp,True
2LS,c/list-simple/sll2n_remove_all_reverse.i,32,c/properties/unreach-call.prp,True
2LS,c/list-simple/sll2n_remove_all_reverse.i,32,c/properties/valid-memsafety.prp,True
2LS,c/list-simple/sll2n_prepend_equal.i,32,c/properties/no-overflow.prp,True
2LS,c/list-simple/sll2n_prepend_equal.i,32,c/properties/unreach-call.prp,True
2LS,c/list-simple/sll2n_prepend_equal.i,32,c/properties/valid-memsafety.prp,True
2LS,c/hardness-nfm22/hardness_fillercode_fillercodesize_normal_file-0.i,32,c/properties/unreach-call.prp,True
2LS,c/hardness-nfm22/hardness_fillercode_fillercodesize_ps-cn-500_file-22.i,32,c/properties/unreach-call.prp,True
2LS,c/eca-rers2012/Problem02_label25.c,32,c/properties/termination.prp,False
2LS,c/eca-rers2012/Problem02_label25.c,32,c/properties/unreach-call.prp,True
2LS,c/hardness-nfm22/hardness_loopvsstraightlinecode_50-1loop_file-54.i,32,c/properties/unreach-call.prp,True
2LS,c/list-simple/sll2n_append_unequal.i,32,c/properties/no-overflow.prp,True
2LS,c/list-simple/sll2n_append_unequal.i,32,c/properties/unreach-call.prp,True
2LS,c/list-simple/sll2n_append_unequal.i,32,c/properties/valid-memsafety.prp,True
2LS,c/seq-mthreaded/pals_STARTPALS_Triplicated.2.ufo.BOUNDED-10.pals.c,32,c/properties/termination.prp,True
2LS,c/seq-mthreaded/pals_STARTPALS_Triplicated.2.ufo.BOUNDED-10.pals.c,32,c/properties/unreach-call.prp,False
2LS,c/hardness-nfm22/hardness_loopvsstraightlinecode_50-while_file-0.i,32,c/properties/unreach-call.prp,True
2LS,c/product-lines/minepump_spec2_product35.cil.c,32,c/properties/termination.prp,False
2LS,c/product-lines/minepump_spec2_product35.cil.c,32,c/properties/unreach-call.prp,False
2LS,c/hardness-nfm22/hardness_fillercode_fillercodestructure_filler-pr-cn_file-3.i,32,c/properties/unreach-call.prp,True
2LS,c/seq-mthreaded/pals_floodmax.5.2.ufo.BOUNDED-10.pals.c,32,c/properties/termination.prp,True
2LS,c/seq-mthreaded/pals_floodmax.5.2.ufo.BOUNDED-10.pals.c,32,c/properties/unreach-call.prp,False
2LS,c/hardness-nfm22/hardness_loopvsstraightlinecode_25-while_file-65.i,32,c/properties/unreach-call.prp,True
2LS,c/hardness-nfm22/hardness_operatoramount_amount100_file-51.i,32,c/properties/unreach-call.prp,True
2LS,c/eca-rers2012/Problem02_label59.c,32,c/properties/termination.prp,False
2LS,c/eca-rers2012/Problem02_label59.c,32,c/properties/unreach-call.prp,False
2LS,c/hardness-nfm22/hardness_codestructure_dependencies_file-2.i,32,c/properties/unreach-call.prp,True
2LS,c/floats-cdfpl/newton_1_2.i,32,c/properties/termination.prp,True
2LS,c/floats-cdfpl/newton_1_2.i,32,c/properties/unreach-call.prp,True
2LS,c/hardness-nfm22/hardness_fillercode_fillercodestructure_filler-ps-co_file-3.i,32,c/properties/unreach-call.prp,True
2LS,c/hardness-nfm22/hardness_fillercode_fillercodesize_normal_file-54.i,32,c/properties/unreach-call.prp,True
2LS,c/xcsp/CostasArray-12.c,32,c/properties/unreach-call.prp,False
2LS,c/hardness-nfm22/hardness_variablewrapping_wrapper-s_file-52.i,32,c/properties/unreach-call.prp,True
2LS,c/eca-rers2012/Problem02_label02.c,32,c/properties/termination.prp,False
2LS,c/eca-rers2012/Problem02_label02.c,32,c/properties/unreach-call.prp,True
2LS,c/hardness-nfm22/hardness_fillercode_fillercodestructure_filler-pe-co_file-54.i,32,c/properties/unreach-call.prp,True
2LS,c/hardness-nfm22/hardness_codestructure_functionizing_file-5.i,32,c/properties/unreach-call.prp,True
2LS,c/hardness-nfm22/hardness_fillercode_fillercodestructure_filler-pr-co_file-3.i,32,c/properties/unreach-call.prp,True
2LS,c/eca-rers2012/Problem02_label50.c,32,c/properties/termination.prp,False
2LS,c/eca-rers2012/Problem02_label50.c,32,c/properties/unreach-call.prp,False
2LS,c/hardness-nfm22/hardness_codestructure_dependencies_file-8.i,32,c/properties/unreach-call.prp,True
2LS,c/hardness-nfm22/hardness_codestructure_dependencies_file-35.i,32,c/properties/unreach-call.prp,True
2LS,c/nla-digbench-scaling/prod4br-ll_unwindbound1.c,32,c/properties/unreach-call.prp,False
2LS,c/nla-digbench-scaling/prod4br-ll_unwindbound1.c,32,c/properties/no-overflow.prp,True
2LS,c/eca-rers2012/Problem02_label51.c,32,c/properties/termination.prp,False
2LS,c/eca-rers2012/Problem02_label51.c,32,c/properties/unreach-call.prp,True
2LS,c/hardness-nfm22/hardness_operatoramount_amount250_file-21.i,32,c/properties/unreach-call.prp,True
2LS,c/hardness-nfm22/hardness_fillercode_fillercodesize_ps-cn-100_file-3.i,32,c/properties/unreach-call.prp,True
2LS,c/Juliet_Test/CWE190_Integer_Overflow__int_rand_square_63_good.i,64,c/properties/no-overflow.prp,True
2LS,c/product-lines/elevator_spec3_product21.cil.c,32,c/properties/termination.prp,True
2LS,c/product-lines/elevator_spec3_product21.cil.c,32,c/properties/unreach-call.prp,True
2LS,c/product-lines/minepump_spec2_productSimulator.cil.c,32,c/properties/termination.prp,False
2LS,c/product-lines/minepump_spec2_productSimulator.cil.c,32,c/properties/unreach-call.prp,False
2LS,c/list-simple/sll2n_insert_unequal.i,32,c/properties/unreach-call.prp,True
2LS,c/list-simple/sll2n_insert_unequal.i,32,c/properties/valid-memsafety.prp,True
2LS,c/eca-rers2012/Problem02_label04.c,32,c/properties/termination.prp,False
2LS,c/eca-rers2012/Problem02_label04.c,32,c/properties/unreach-call.prp,True
2LS,c/combinations/gcd_4+newton_1_1.i,32,c/properties/unreach-call.prp,True
2LS,c/hardness-nfm22/hardness_operatoramount_amount50_file-3.i,32,c/properties/unreach-call.prp,True
2LS,c/hardware-verification-bv/btor2c-lazyMod.driving_phils.4.prop1-func-interl.c,64,c/properties/unreach-call.prp,False
2LS,c/seq-mthreaded/pals_STARTPALS_Triplicated.ufo.BOUNDED-10.pals.c,32,c/properties/termination.prp,True
2LS,c/seq-mthreaded/pals_STARTPALS_Triplicated.ufo.BOUNDED-10.pals.c,32,c/properties/unreach-call.prp,True
2LS,c/eca-rers2012/Problem02_label44.c,32,c/properties/termination.prp,False
2LS,c/eca-rers2012/Problem02_label44.c,32,c/properties/unreach-call.prp,False
2LS,c/hardness-nfm22/hardness_codestructure_dependencies_file-54.i,32,c/properties/unreach-call.prp,True
2LS,c/hardware-verification-bv/btor2c-lazyMod.production_cell.5.prop1-func-interl.c,64,c/properties/unreach-call.prp,False
2LS,c/hardness-nfm22/hardness_loopvsstraightlinecode_50-1loop_file-3.i,32,c/properties/unreach-call.prp,True
2LS,c/hardness-nfm22/hardness_loopvsstraightlinecode_100-while_file-70.i,32,c/properties/unreach-call.prp,True
2LS,c/hardware-verification-bv/btor2c-lazyMod.h_Rrobin.c,64,c/properties/unreach-call.prp,True
2LS,c/eca-rers2012/Problem02_label13.c,32,c/properties/termination.prp,False
2LS,c/eca-rers2012/Problem02_label13.c,32,c/properties/unreach-call.prp,False
2LS,c/eca-rers2012/Problem02_label31.c,32,c/properties/termination.prp,False
2LS,c/eca-rers2012/Problem02_label31.c,32,c/properties/unreach-call.prp,True
2LS,c/hardness-nfm22/hardness_fillercode_fillercodestructure_filler-pr-ci_file-35.i,32,c/properties/unreach-call.prp,True
2LS,c/hardness-nfm22/hardness_fillercode_fillercodesize_ps-cn-500_file-33.i,32,c/properties/unreach-call.prp,True
2LS,c/hardness-nfm22/hardness_fillercode_fillercodestructure_normal_file-0.i,32,c/properties/unreach-call.prp,True
2LS,c/hardness-nfm22/hardness_fillercode_fillercodestructure_filler-ps-co_file-54.i,32,c/properties/unreach-call.prp,True
2LS,c/hardness-nfm22/hardness_operatoramount_amount250_file-11.i,32,c/properties/unreach-call.prp,True
2LS,c/nla-digbench-scaling/hard2_valuebound5.c,32,c/properties/unreach-call.prp,True
2LS,c/nla-digbench-scaling/hard2_valuebound5.c,32,c/properties/no-overflow.prp,True
2LS,c/eca-rers2012/Problem02_label39.c,32,c/properties/termination.prp,False
2LS,c/eca-rers2012/Problem02_label39.c,32,c/properties/unreach-call.prp,True
2LS,c/hardness-nfm22/hardness_fillercode_fillercodestructure_filler-pr-co_file-35.i,32,c/properties/unreach-call.prp,True
2LS,c/hardness-nfm22/hardness_fillercode_fillercodestructure_filler-pr-cn_file-54.i,32,c/properties/unreach-call.prp,True
2LS,c/hardness-nfm22/hardness_fillercode_fillercodestructure_filler-pr-co_file-54.i,32,c/properties/unreach-call.prp,True
2LS,c/hardness-nfm22/hardness_loopvsstraightlinecode_50-1loop_file-0.i,32,c/properties/unreach-call.prp,True
2LS,c/list-simple/dll2n_append_equal.i,32,c/properties/unreach-call.prp,True
2LS,c/list-simple/dll2n_append_equal.i,32,c/properties/valid-memsafety.prp,True
2LS,c/eca-rers2012/Problem02_label32.c,32,c/properties/termination.prp,False
2LS,c/eca-rers2012/Problem02_label32.c,32,c/properties/unreach-call.prp,True
2LS,c/hardness-nfm22/hardness_fillercode_fillercodesize_ps-cn-50_file-54.i,32,c/properties/unreach-call.prp,True
2LS,c/hardness-nfm22/hardness_operatoramount_amount10_file-71.i,32,c/properties/unreach-call.prp,True
2LS,c/Juliet_Test/CWE190_Integer_Overflow__int_rand_square_01_good.i,64,c/properties/no-overflow.prp,True
2LS,c/nla-digbench-scaling/ps4-ll_unwindbound1.c,32,c/properties/unreach-call.prp,False
2LS,c/nla-digbench-scaling/ps4-ll_unwindbound1.c,32,c/properties/no-overflow.prp,True
2LS,c/product-lines/minepump_spec4_product33.cil.c,32,c/properties/termination.prp,False
2LS,c/product-lines/minepump_spec4_product33.cil.c,32,c/properties/unreach-call.prp,False
2LS,c/eca-rers2012/Problem02_label35.c,32,c/properties/termination.prp,False
2LS,c/eca-rers2012/Problem02_label35.c,32,c/properties/unreach-call.prp,True
2LS,c/heap-manipulation/merge_sort-1.i,32,c/properties/unreach-call.prp,False
2LS,c/heap-manipulation/merge_sort-1.i,32,c/properties/valid-memcleanup.prp,False
2LS,c/eca-rers2012/Problem02_label36.c,32,c/properties/termination.prp,False
2LS,c/eca-rers2012/Problem02_label36.c,32,c/properties/unreach-call.prp,True
2LS,c/eca-rers2012/Problem02_label11.c,32,c/properties/termination.prp,False
2LS,c/eca-rers2012/Problem02_label11.c,32,c/properties/unreach-call.prp,True
2LS,c/list-simple/dll2c_update_all_reverse.i,32,c/properties/no-overflow.prp,True
2LS,c/list-simple/dll2c_update_all_reverse.i,32,c/properties/unreach-call.prp,True
2LS,c/list-simple/dll2c_update_all_reverse.i,32,c/properties/valid-memsafety.prp,True
2LS,c/eca-rers2012/Problem02_label42.c,32,c/properties/termination.prp,False
2LS,c/eca-rers2012/Problem02_label42.c,32,c/properties/unreach-call.prp,True
2LS,c/eca-rers2012/Problem02_label09.c,32,c/properties/termination.prp,False
2LS,c/eca-rers2012/Problem02_label09.c,32,c/properties/unreach-call.prp,True
2LS,c/hardness-nfm22/hardness_fillercode_fillercodesize_ps-cn-10_file-35.i,32,c/properties/unreach-call.prp,True
2LS,c/hardness-nfm22/hardness_fillercode_fillercodesize_ps-cn-10_file-54.i,32,c/properties/unreach-call.prp,True
2LS,c/list-simple/sll2c_append_unequal.i,32,c/properties/unreach-call.prp,True
2LS,c/list-simple/sll2c_append_unequal.i,32,c/properties/valid-memsafety.prp,True
2LS,c/hardness-nfm22/hardness_fillercode_fillercodestructure_filler-ps-ci_file-35.i,32,c/properties/unreach-call.prp,True
2LS,c/eca-rers2012/Problem02_label06.c,32,c/properties/termination.prp,False
2LS,c/eca-rers2012/Problem02_label06.c,32,c/properties/unreach-call.prp,True
2LS,c/eca-rers2012/Problem02_label05.c,32,c/properties/termination.prp,False
2LS,c/eca-rers2012/Problem02_label05.c,32,c/properties/unreach-call.prp,True
2LS,c/eca-rers2012/Problem02_label03.c,32,c/properties/termination.prp,False
2LS,c/eca-rers2012/Problem02_label03.c,32,c/properties/unreach-call.prp,True
2LS,c/hardness-nfm22/hardness_fillercode_fillercodesize_ps-cn-25_file-54.i,32,c/properties/unreach-call.prp,True
2LS,c/eca-rers2012/Problem02_label26.c,32,c/properties/termination.prp,False
2LS,c/eca-rers2012/Problem02_label26.c,32,c/properties/unreach-call.prp,True
2LS,c/product-lines/elevator_spec3_product18.cil.c,32,c/properties/termination.prp,True
2LS,c/product-lines/elevator_spec3_product18.cil.c,32,c/properties/unreach-call.prp,True
2LS,c/hardness-nfm22/hardness_fillercode_fillercodesize_ps-cn-10_file-2.i,32,c/properties/unreach-call.prp,True
2LS,c/eca-rers2012/Problem02_label19.c,32,c/properties/termination.prp,False
2LS,c/eca-rers2012/Problem02_label19.c,32,c/properties/unreach-call.prp,True
2LS,c/hardness-nfm22/hardness_fillercode_fillercodestructure_filler-pe-cn_file-35.i,32,c/properties/unreach-call.prp,True
2LS,c/product-lines/elevator_spec3_product20.cil.c,32,c/properties/termination.prp,True
2LS,c/product-lines/elevator_spec3_product20.cil.c,32,c/properties/unreach-call.prp,False
2LS,c/hardness-nfm22/hardness_operatoramount_amount250_file-35.i,32,c/properties/unreach-call.prp,True
2LS,c/hardness-nfm22/hardness_loopvsstraightlinecode_50-1loop_file-35.i,32,c/properties/unreach-call.prp,True
2LS,c/list-simple/sll2c_update_all_reverse.i,32,c/properties/no-overflow.prp,True
2LS,c/list-simple/sll2c_update_all_reverse.i,32,c/properties/unreach-call.prp,True
2LS,c/list-simple/sll2c_update_all_reverse.i,32,c/properties/valid-memsafety.prp,True
2LS,c/hardness-nfm22/hardness_operatoramount_amount250_file-46.i,32,c/properties/unreach-call.prp,True
2LS,c/list-simple/sll2n_prepend_unequal.i,32,c/properties/no-overflow.prp,True
2LS,c/list-simple/sll2n_prepend_unequal.i,32,c/properties/unreach-call.prp,True
2LS,c/list-simple/sll2n_prepend_unequal.i,32,c/properties/valid-memsafety.prp,True
2LS,c/hardness-nfm22/hardness_codestructure_steplocals_file-35.i,32,c/properties/unreach-call.prp,True
2LS,c/eca-rers2012/Problem02_label16.c,32,c/properties/termination.prp,False
2LS,c/eca-rers2012/Problem02_label16.c,32,c/properties/unreach-call.prp,False
2LS,c/eca-rers2012/Problem02_label14.c,32,c/properties/termination.prp,False
2LS,c/eca-rers2012/Problem02_label14.c,32,c/properties/unreach-call.prp,True
2LS,c/Juliet_Test/CWE190_Integer_Overflow__int_rand_square_42_good.i,64,c/properties/no-overflow.prp,True
2LS,c/hardness-nfm22/hardness_variablewrapping_wrapper-p_file-60.i,32,c/properties/unreach-call.prp,True
2LS,c/hardness-nfm22/hardness_operatoramount_amount100_file-10.i,32,c/properties/unreach-call.prp,True
2LS,c/seq-mthreaded/pals_opt-floodmax.5.1.ufo.BOUNDED-10.pals.c,32,c/properties/termination.prp,True
2LS,c/seq-mthreaded/pals_opt-floodmax.5.1.ufo.BOUNDED-10.pals.c,32,c/properties/unreach-call.prp,False
2LS,c/eca-rers2012/Problem02_label46.c,32,c/properties/termination.prp,False
2LS,c/eca-rers2012/Problem02_label46.c,32,c/properties/unreach-call.prp,True
2LS,c/list-simple/dll2n_insert_equal.i,32,c/properties/unreach-call.prp,True
2LS,c/list-simple/dll2n_insert_equal.i,32,c/properties/valid-memsafety.prp,True
2LS,c/list-simple/sll2c_update_all.i,32,c/properties/no-overflow.prp,True
2LS,c/list-simple/sll2c_update_all.i,32,c/properties/unreach-call.prp,True
2LS,c/list-simple/sll2c_update_all.i,32,c/properties/valid-memsafety.prp,True
2LS,c/array-tiling/pr3.c,32,c/properties/no-overflow.prp,True
2LS,c/array-tiling/pr3.c,32,c/properties/unreach-call.prp,True
2LS,c/hardness-nfm22/hardness_fillercode_fillercodestructure_normal_file-3.i,32,c/properties/unreach-call.prp,True
2LS,c/nla-digbench-scaling/prodbin-ll_valuebound10.c,32,c/properties/unreach-call.prp,True
2LS,c/nla-digbench-scaling/prodbin-ll_valuebound10.c,32,c/properties/no-overflow.prp,True
2LS,c/eca-rers2012/Problem02_label10.c,32,c/properties/termination.prp,False
2LS,c/eca-rers2012/Problem02_label10.c,32,c/properties/unreach-call.prp,True
2LS,c/hardness-nfm22/hardness_loopvsstraightlinecode_50-while_file-2.i,32,c/properties/unreach-call.prp,True
2LS,c/eca-rers2012/Problem02_label29.c,32,c/properties/termination.prp,False
2LS,c/eca-rers2012/Problem02_label29.c,32,c/properties/unreach-call.prp,True
2LS,c/product-lines/elevator_spec3_product31.cil.c,32,c/properties/termination.prp,True
2LS,c/product-lines/elevator_spec3_product31.cil.c,32,c/properties/unreach-call.prp,False
2LS,c/floats-cdfpl/newton_1_3.i,32,c/properties/termination.prp,True
2LS,c/floats-cdfpl/newton_1_3.i,32,c/properties/unreach-call.prp,True
2LS,c/eca-rers2012/Problem02_label43.c,32,c/properties/termination.prp,False
2LS,c/eca-rers2012/Problem02_label43.c,32,c/properties/unreach-call.prp,False
2LS,c/hardness-nfm22/hardness_fillercode_fillercodesize_normal_file-35.i,32,c/properties/unreach-call.prp,True
2LS,c/hardness-nfm22/hardness_fillercode_fillercodesize_ps-cn-50_file-35.i,32,c/properties/unreach-call.prp,True
2LS,c/eca-rers2012/Problem02_label54.c,32,c/properties/termination.prp,False
2LS,c/eca-rers2012/Problem02_label54.c,32,c/properties/unreach-call.prp,True
2LS,c/product-lines/elevator_spec14_product28.cil.c,32,c/properties/termination.prp,True
2LS,c/product-lines/elevator_spec14_product28.cil.c,32,c/properties/unreach-call.prp,False
2LS,c/hardness-nfm22/hardness_fillercode_fillercodesize_ps-cn-10_file-3.i,32,c/properties/unreach-call.prp,True
2LS,c/hardness-nfm22/hardness_fillercode_fillercodestructure_filler-ps-ci_file-54.i,32,c/properties/unreach-call.prp,True
2LS,c/hardness-nfm22/hardness_loopvsstraightlinecode_25-1loop_file-79.i,32,c/properties/unreach-call.prp,True
2LS,c/eca-rers2012/Problem02_label23.c,32,c/properties/termination.prp,False
2LS,c/eca-rers2012/Problem02_label23.c,32,c/properties/unreach-call.prp,True
2LS,c/hardness-nfm22/hardness_fillercode_fillercodesize_normal_file-3.i,32,c/properties/unreach-call.prp,True
2LS,c/list-simple/sll2n_insert_equal.i,32,c/properties/unreach-call.prp,True
2LS,c/list-simple/sll2n_insert_equal.i,32,c/properties/valid-memsafety.prp,True
2LS,c/hardness-nfm22/hardness_fillercode_fillercodesize_ps-cn-250_file-54.i,32,c/properties/unreach-call.prp,True
2LS,c/hardness-nfm22/hardness_fillercode_fillercodesize_ps-cn-25_file-35.i,32,c/properties/unreach-call.prp,True
2LS,c/eca-rers2012/Problem02_label55.c,32,c/properties/termination.prp,False
2LS,c/eca-rers2012/Problem02_label55.c,32,c/properties/unreach-call.prp,True
2LS,c/combinations/gcd_2+newton_2_8.i,32,c/properties/unreach-call.prp,False
2LS,c/nla-digbench-scaling/egcd2-ll_valuebound1.c,32,c/properties/unreach-call.prp,True
2LS,c/nla-digbench-scaling/egcd2-ll_valuebound1.c,32,c/properties/no-overflow.prp,True
2LS,c/hardness-nfm22/hardness_loopvsstraightlinecode_100-1loop_file-10.i,32,c/properties/unreach-call.prp,True
2LS,c/combinations/gcd_4+newton_1_3.i,32,c/properties/unreach-call.prp,True
2LS,c/eca-rers2012/Problem02_label47.c,32,c/properties/termination.prp,False
2LS,c/eca-rers2012/Problem02_label47.c,32,c/properties/unreach-call.prp,True
2LS,c/eca-rers2012/Problem02_label49.c,32,c/properties/termination.prp,False
2LS,c/eca-rers2012/Problem02_label49.c,32,c/properties/unreach-call.prp,True
2LS,c/list-simple/dll2n_prepend_equal.i,32,c/properties/unreach-call.prp,True
2LS,c/list-simple/dll2n_prepend_equal.i,32,c/properties/valid-memsafety.prp,True
2LS,c/Juliet_Test/CWE190_Integer_Overflow__int_rand_square_16_good.i,64,c/properties/no-overflow.prp,True
2LS,c/hardness-nfm22/hardness_fillercode_fillercodestructure_filler-ps-ci_file-2.i,32,c/properties/unreach-call.prp,True
2LS,c/hardness-nfm22/hardness_fillercode_fillercodesize_ps-cn-500_file-85.i,32,c/properties/unreach-call.prp,True
2LS,c/hardness-nfm22/hardness_fillercode_fillercodestructure_filler-ps-ci_file-3.i,32,c/properties/unreach-call.prp,True
2LS,c/hardness-nfm22/hardness_fillercode_fillercodesize_ps-cn-500_file-7.i,32,c/properties/unreach-call.prp,True
2LS,c/hardness-nfm22/hardness_operatoramount_amount500_file-97.i,32,c/properties/unreach-call.prp,True
2LS,c/hardness-nfm22/hardness_fillercode_fillercodestructure_filler-pe-ci_file-2.i,32,c/properties/unreach-call.prp,True
2LS,c/hardness-nfm22/hardness_fillercode_fillercodestructure_filler-pe-co_file-3.i,32,c/properties/unreach-call.prp,True
2LS,c/eca-rers2012/Problem02_label12.c,32,c/properties/termination.prp,False
2LS,c/eca-rers2012/Problem02_label12.c,32,c/properties/unreach-call.prp,True
2LS,c/eca-rers2012/Problem02_label20.c,32,c/properties/termination.prp,False
2LS,c/eca-rers2012/Problem02_label20.c,32,c/properties/unreach-call.prp,True
2LS,c/eca-rers2012/Problem02_label45.c,32,c/properties/termination.prp,False
2LS,c/eca-rers2012/Problem02_label45.c,32,c/properties/unreach-call.prp,False
2LS,c/Juliet_Test/CWE190_Integer_Overflow__int_max_square_44_good.i,64,c/properties/no-overflow.prp,True
2LS,c/floats-cdfpl/newton_2_7.i,32,c/properties/termination.prp,True
2LS,c/floats-cdfpl/newton_2_7.i,32,c/properties/unreach-call.prp,False
2LS,c/eca-rers2012/Problem02_label52.c,32,c/properties/termination.prp,False
2LS,c/eca-rers2012/Problem02_label52.c,32,c/properties/unreach-call.prp,True
2LS,c/nla-digbench-scaling/cohendiv-ll_unwindbound2.c,32,c/properties/unreach-call.prp,True
2LS,c/nla-digbench-scaling/cohendiv-ll_unwindbound2.c,32,c/properties/no-overflow.prp,True
2LS,c/combinations/gcd_2+newton_1_2.i,32,c/properties/unreach-call.prp,True
2LS,c/eca-rers2012/Problem02_label21.c,32,c/properties/termination.prp,False
2LS,c/eca-rers2012/Problem02_label21.c,32,c/properties/unreach-call.prp,True
2LS,c/hardness-nfm22/hardness_operatoramount_amount10_file-95.i,32,c/properties/unreach-call.prp,True
2LS,c/hardness-nfm22/hardness_fillercode_fillercodesize_ps-cn-250_file-14.i,32,c/properties/unreach-call.prp,True
2LS,c/list-simple/dll2n_insert_unequal.i,32,c/properties/unreach-call.prp,True
2LS,c/list-simple/dll2n_insert_unequal.i,32,c/properties/valid-memsafety.prp,True
2LS,c/product-lines/minepump_spec4_product41.cil.c,32,c/properties/termination.prp,False
2LS,c/product-lines/minepump_spec4_product41.cil.c,32,c/properties/unreach-call.prp,False
2LS,c/hardness-nfm22/hardness_fillercode_fillercodestructure_filler-pe-co_file-2.i,32,c/properties/unreach-call.prp,True
2LS,c/product-lines/elevator_spec3_product28.cil.c,32,c/properties/termination.prp,True
2LS,c/product-lines/elevator_spec3_product28.cil.c,32,c/properties/unreach-call.prp,False
2LS,c/loops/lu.cmp.c,32,c/properties/unreach-call.prp,True
2LS,c/eca-rers2012/Problem02_label01.c,32,c/properties/termination.prp,False
2LS,c/eca-rers2012/Problem02_label01.c,32,c/properties/unreach-call.prp,True
2LS,c/hardness-nfm22/hardness_loopvsstraightlinecode_50-1loop_file-2.i,32,c/properties/unreach-call.prp,True
2LS,c/hardness-nfm22/hardness_variablewrapping_wrapper-p_file-75.i,32,c/properties/unreach-call.prp,True
2LS,c/hardness-nfm22/hardness_fillercode_fillercodestructure_filler-pr-cn_file-2.i,32,c/properties/unreach-call.prp,True
2LS,c/hardness-nfm22/hardness_operatoramount_amount50_file-2.i,32,c/properties/unreach-call.prp,True
2LS,c/eca-rers2012/Problem02_label53.c,32,c/properties/termination.prp,False
2LS,c/eca-rers2012/Problem02_label53.c,32,c/properties/unreach-call.prp,True
2LS,c/hardness-nfm22/hardness_fillercode_fillercodesize_ps-cn-500_file-17.i,32,c/properties/unreach-call.prp,True
2LS,c/combinations/gcd_3+newton_1_1.i,32,c/properties/unreach-call.prp,True
2LS,c/Juliet_Test/CWE190_Integer_Overflow__int_rand_square_54_good.i,64,c/properties/no-overflow.prp,True
2LS,c/eca-rers2012/Problem02_label24.c,32,c/properties/termination.prp,False
2LS,c/eca-rers2012/Problem02_label24.c,32,c/properties/unreach-call.prp,True
2LS,c/combinations/gcd_1+newton_3_7.i,32,c/properties/unreach-call.prp,False
2LS,c/combinations/gcd_2+newton_1_3.i,32,c/properties/unreach-call.prp,True
2LS,c/hardness-nfm22/hardness_fillercode_fillercodestructure_filler-pe-ci_file-54.i,32,c/properties/unreach-call.prp,True
2LS,c/eca-rers2012/Problem02_label34.c,32,c/properties/termination.prp,False
2LS,c/eca-rers2012/Problem02_label34.c,32,c/properties/unreach-call.prp,True
2LS,c/eca-rers2012/Problem02_label15.c,32,c/properties/termination.prp,False
2LS,c/eca-rers2012/Problem02_label15.c,32,c/properties/unreach-call.prp,True
2LS,c/hardness-nfm22/hardness_fillercode_fillercodestructure_filler-pe-cn_file-54.i,32,c/properties/unreach-call.prp,True
2LS,c/hardness-nfm22/hardness_fillercode_fillercodesize_ps-cn-500_file-28.i,32,c/properties/unreach-call.prp,True
2LS,c/eca-rers2012/Problem02_label00.c,32,c/properties/termination.prp,False
2LS,c/eca-rers2012/Problem02_label00.c,32,c/properties/unreach-call.prp,True
2LS,c/eca-rers2012/Problem02_label30.c,32,c/properties/termination.prp,False
2LS,c/eca-rers2012/Problem02_label30.c,32,c/properties/unreach-call.prp,True
2LS,c/seq-mthreaded/pals_opt-floodmax.5.3.ufo.BOUNDED-10.pals.c,32,c/properties/termination.prp,True
2LS,c/seq-mthreaded/pals_opt-floodmax.5.3.ufo.BOUNDED-10.pals.c,32,c/properties/unreach-call.prp,False
2LS,c/hardness-nfm22/hardness_fillercode_fillercodesize_ps-cn-50_file-2.i,32,c/properties/unreach-call.prp,True
2LS,c/hardness-nfm22/hardness_operatoramount_amount25_file-79.i,32,c/properties/unreach-call.prp,True
2LS,c/Juliet_Test/CWE190_Integer_Overflow__int_max_square_65_good.i,64,c/properties/no-overflow.prp,True
2LS,c/list-simple/dll2n_append_unequal.i,32,c/properties/unreach-call.prp,True
2LS,c/list-simple/dll2n_append_unequal.i,32,c/properties/valid-memsafety.prp,True
2LS,c/nla-digbench-scaling/ps2-ll_valuebound2.c,32,c/properties/unreach-call.prp,True
2LS,c/nla-digbench-scaling/ps2-ll_valuebound2.c,32,c/properties/no-overflow.prp,True
2LS,c/hardness-nfm22/hardness_variablewrapping_wrapper-sp_file-60.i,32,c/properties/unreach-call.prp,True
2LS,c/hardness-nfm22/hardness_fillercode_fillercodestructure_normal_file-2.i,32,c/properties/unreach-call.prp,True
2LS,c/heap-manipulation/tree-2.i,32,c/properties/unreach-call.prp,False
2LS,c/heap-manipulation/tree-2.i,32,c/properties/valid-memsafety.prp,False
2LS,c/Juliet_Test/CWE190_Integer_Overflow__int_fscanf_square_16_good.i,64,c/properties/no-overflow.prp,True
2LS,c/Juliet_Test/CWE190_Integer_Overflow__int_fscanf_square_42_good.i,64,c/properties/no-overflow.prp,True
2LS,c/nla-digbench-scaling/egcd-ll_valuebound2.c,32,c/properties/unreach-call.prp,True
2LS,c/nla-digbench-scaling/egcd-ll_valuebound2.c,32,c/properties/no-overflow.prp,True
2LS,c/nla-digbench-scaling/ps4-ll_valuebound1.c,32,c/properties/unreach-call.prp,True
2LS,c/nla-digbench-scaling/ps4-ll_valuebound1.c,32,c/properties/no-overflow.prp,True
2LS,c/product-lines/elevator_spec14_product20.cil.c,32,c/properties/termination.prp,True
2LS,c/product-lines/elevator_spec14_product20.cil.c,32,c/properties/unreach-call.prp,False
2LS,c/eca-rers2012/Problem02_label22.c,32,c/properties/termination.prp,False
2LS,c/eca-rers2012/Problem02_label22.c,32,c/properties/unreach-call.prp,True
2LS,c/nla-digbench-scaling/ps2-ll_unwindbound2.c,32,c/properties/unreach-call.prp,True
2LS,c/nla-digbench-scaling/ps2-ll_unwindbound2.c,32,c/properties/no-overflow.prp,True
2LS,c/Juliet_Test/CWE190_Integer_Overflow__int_rand_square_18_good.i,64,c/properties/no-overflow.prp,True
2LS,c/hardness-nfm22/hardness_fillercode_fillercodesize_ps-cn-25_file-2.i,32,c/properties/unreach-call.prp,True
2LS,c/combinations/gcd_3+newton_1_2.i,32,c/properties/unreach-call.prp,True
2LS,c/list-simple/dll2c_update_all_reverse.i,32,c/properties/no-overflow.prp,True
2LS,c/list-simple/dll2c_update_all_reverse.i,32,c/properties/unreach-call.prp,True
2LS,c/list-simple/dll2c_update_all_reverse.i,32,c/properties/valid-memsafety.prp,True
2LS,c/list-ext2-properties/list_and_tree_cnstr-1.i,32,c/properties/termination.prp,False
2LS,c/list-ext2-properties/list_and_tree_cnstr-1.i,32,c/properties/unreach-call.prp,False
2LS,c/ldv-linux-3.4-simple/32_1_cilled_ok_nondet_linux-3.4-32_1-drivers--macintosh--mac_hid.ko-ldv_main0_sequence_infinite_withcheck_stateful.cil.out.i,64,c/properties/unreach-call.prp,True
2LS,c/hardness-nfm22/hardness_fillercode_fillercodestructure_filler-ps-co_file-2.i,32,c/properties/unreach-call.prp,True
2LS,c/eca-rers2012/Problem02_label40.c,32,c/properties/termination.prp,False
2LS,c/eca-rers2012/Problem02_label40.c,32,c/properties/unreach-call.prp,True
2LS,c/hardness-nfm22/hardness_fillercode_fillercodestructure_filler-pe-ci_file-35.i,32,c/properties/unreach-call.prp,True
2LS,c/hardness-nfm22/hardness_fillercode_fillercodesize_ps-cn-250_file-56.i,32,c/properties/unreach-call.prp,True
2LS,c/list-simple/dll2c_update_all.i,32,c/properties/no-overflow.prp,True
2LS,c/list-simple/dll2c_update_all.i,32,c/properties/unreach-call.prp,True
2LS,c/list-simple/dll2c_update_all.i,32,c/properties/valid-memsafety.prp,True
2LS,c/hardness-nfm22/hardness_loopvsstraightlinecode_25-while_file-79.i,32,c/properties/unreach-call.prp,True
2LS,c/hardness-nfm22/hardness_loopvsstraightlinecode_50-while_file-35.i,32,c/properties/unreach-call.prp,True
2LS,c/list-simple/sll2c_update_all_reverse.i,32,c/properties/no-overflow.prp,True
2LS,c/list-simple/sll2c_update_all_reverse.i,32,c/properties/unreach-call.prp,True
2LS,c/list-simple/sll2c_update_all_reverse.i,32,c/properties/valid-memsafety.prp,True
2LS,c/list-simple/dll2n_prepend_unequal.i,32,c/properties/unreach-call.prp,True
2LS,c/list-simple/dll2n_prepend_unequal.i,32,c/properties/valid-memsafety.prp,True
2LS,c/hardness-nfm22/hardness_loopvsstraightlinecode_100-while_file-76.i,32,c/properties/unreach-call.prp,True
2LS,c/hardness-nfm22/hardness_fillercode_fillercodestructure_filler-pe-co_file-35.i,32,c/properties/unreach-call.prp,True
2LS,c/eca-rers2012/Problem02_label41.c,32,c/properties/termination.prp,False
2LS,c/eca-rers2012/Problem02_label41.c,32,c/properties/unreach-call.prp,True
2LS,c/hardness-nfm22/hardness_fillercode_fillercodestructure_filler-pr-cn_file-35.i,32,c/properties/unreach-call.prp,True
2LS,c/eca-rers2012/Problem02_label56.c,32,c/properties/termination.prp,False
2LS,c/eca-rers2012/Problem02_label56.c,32,c/properties/unreach-call.prp,True
2LS,c/nla-digbench-scaling/cohendiv-ll_unwindbound1.c,32,c/properties/unreach-call.prp,True
2LS,c/nla-digbench-scaling/cohendiv-ll_unwindbound1.c,32,c/properties/no-overflow.prp,True
2LS,c/product-lines/elevator_spec3_product26.cil.c,32,c/properties/termination.prp,True
2LS,c/product-lines/elevator_spec3_product26.cil.c,32,c/properties/unreach-call.prp,True
2LS,c/combinations/gcd_2+newton_1_1.i,32,c/properties/unreach-call.prp,True
2LS,c/nla-digbench-scaling/ps5-ll_valuebound1.c,32,c/properties/unreach-call.prp,True
2LS,c/nla-digbench-scaling/ps5-ll_valuebound1.c,32,c/properties/no-overflow.prp,True
2LS,c/hardness-nfm22/hardness_fillercode_fillercodestructure_filler-pr-ci_file-2.i,32,c/properties/unreach-call.prp,True
2LS,c/nla-digbench-scaling/hard2_valuebound20.c,32,c/properties/unreach-call.prp,True
2LS,c/nla-digbench-scaling/hard2_valuebound20.c,32,c/properties/no-overflow.prp,True
2LS,c/seq-mthreaded/pals_floodmax.4.ufo.BOUNDED-8.pals.c,32,c/properties/termination.prp,True
2LS,c/seq-mthreaded/pals_floodmax.4.ufo.BOUNDED-8.pals.c,32,c/properties/unreach-call.prp,True
2LS,c/hardness-nfm22/hardness_fillercode_fillercodesize_normal_file-2.i,32,c/properties/unreach-call.prp,True
2LS,c/hardness-nfm22/hardness_loopvsstraightlinecode_100-1loop_file-34.i,32,c/properties/unreach-call.prp,True
2LS,c/list-simple/dll2c_update_all.i,32,c/properties/no-overflow.prp,True
2LS,c/list-simple/dll2c_update_all.i,32,c/properties/unreach-call.prp,True
2LS,c/list-simple/dll2c_update_all.i,32,c/properties/valid-memsafety.prp,True
2LS,c/hardness-nfm22/hardness_fillercode_fillercodestructure_filler-ps-co_file-35.i,32,c/properties/unreach-call.prp,True
2LS,c/nla-digbench-scaling/hard2_valuebound10.c,32,c/properties/unreach-call.prp,True
2LS,c/nla-digbench-scaling/hard2_valuebound10.c,32,c/properties/no-overflow.prp,True
2LS,c/combinations/gcd_1+newton_1_3.i,32,c/properties/unreach-call.prp,True
2LS,c/Juliet_Test/CWE190_Integer_Overflow__int_fscanf_square_65_good.i,64,c/properties/no-overflow.prp,True
2LS,c/heap-manipulation/tree-4.i,32,c/properties/unreach-call.prp,False
2LS,c/heap-manipulation/tree-4.i,32,c/properties/valid-memcleanup.prp,False
2LS,c/hardness-nfm22/hardness_fillercode_fillercodestructure_filler-ps-ci_file-0.i,32,c/properties/unreach-call.prp,True
2LS,c/hardness-nfm22/hardness_operatoramount_amount250_file-8.i,32,c/properties/unreach-call.prp,True
2LS,c/hardness-nfm22/hardness_loopvsstraightlinecode_100-while_file-51.i,32,c/properties/unreach-call.prp,True
2LS,c/hardness-nfm22/hardness_codestructure_steplocals_file-72.i,32,c/properties/unreach-call.prp,True
2LS,c/combinations/gcd_1+newton_1_2.i,32,c/properties/unreach-call.prp,True
2LS,c/hardness-nfm22/hardness_loopvsstraightlinecode_50-while_file-3.i,32,c/properties/unreach-call.prp,True
2LS,c/hardness-nfm22/hardness_loopvsstraightlinecode_100-1loop_file-51.i,32,c/properties/unreach-call.prp,True
2LS,c/nla-digbench-scaling/cohencu-ll_unwindbound1.c,32,c/properties/unreach-call.prp,False
2LS,c/nla-digbench-scaling/cohencu-ll_unwindbound1.c,32,c/properties/no-overflow.prp,True
2LS,c/Juliet_Test/CWE190_Integer_Overflow__int_rand_square_32_good.i,64,c/properties/no-overflow.prp,True
2LS,c/Juliet_Test/CWE190_Integer_Overflow__int_max_square_21_good.i,64,c/properties/no-overflow.prp,True
2LS,c/hardness-nfm22/hardness_fillercode_fillercodestructure_filler-pr-co_file-2.i,32,c/properties/unreach-call.prp,True
2LS,c/hardness-nfm22/hardness_fillercode_fillercodestructure_filler-pr-ci_file-54.i,32,c/properties/unreach-call.prp,True
2LS,c/Juliet_Test/CWE190_Integer_Overflow__int_fscanf_square_44_good.i,64,c/properties/no-overflow.prp,True
2LS,c/combinations/gcd_4+newton_1_2.i,32,c/properties/unreach-call.prp,True
2LS,c/hardness-nfm22/hardness_operatoramount_amount250_file-80.i,32,c/properties/unreach-call.prp,True
2LS,c/Juliet_Test/CWE190_Integer_Overflow__int_rand_square_61_good.i,64,c/properties/no-overflow.prp,True
2LS,c/nla-digbench-scaling/mannadiv_unwindbound10.c,32,c/properties/unreach-call.prp,False
2LS,c/nla-digbench-scaling/mannadiv_unwindbound10.c,32,c/properties/no-overflow.prp,True
2LS,c/hardness-nfm22/hardness_fillercode_fillercodestructure_filler-pe-cn_file-2.i,32,c/properties/unreach-call.prp,True
2LS,c/hardness-nfm22/hardness_variablewrapping_wrapper-sp_file-99.i,32,c/properties/unreach-call.prp,True
2LS,c/xcsp/AllInterval-012.c,32,c/properties/unreach-call.prp,False
2LS,c/hardness-nfm22/hardness_loopvsstraightlinecode_100-while_file-71.i,32,c/properties/unreach-call.prp,True
2LS,c/hardness-nfm22/hardness_operatoramount_amount50_file-35.i,32,c/properties/unreach-call.prp,True
2LS,c/floats-cdfpl/square_7.i,32,c/properties/termination.prp,True
2LS,c/floats-cdfpl/square_7.i,32,c/properties/unreach-call.prp,True
2LS,c/hardness-nfm22/hardness_variablewrapping_wrapper-p_file-99.i,32,c/properties/unreach-call.prp,True
2LS,c/combinations/gcd_1+newton_1_1.i,32,c/properties/unreach-call.prp,True
2LS,c/Juliet_Test/CWE190_Integer_Overflow__int_max_square_22_good.i,64,c/properties/no-overflow.prp,True
2LS,c/hardness-nfm22/hardness_fillercode_fillercodestructure_filler-pr-cn_file-0.i,32,c/properties/unreach-call.prp,True
2LS,c/nla-digbench-scaling/sqrt1-ll_valuebound5.c,32,c/properties/unreach-call.prp,True
2LS,c/nla-digbench-scaling/sqrt1-ll_valuebound5.c,32,c/properties/no-overflow.prp,True
2LS,c/nla-digbench-scaling/ps4-ll_unwindbound1.c,32,c/properties/unreach-call.prp,False
2LS,c/nla-digbench-scaling/ps4-ll_unwindbound1.c,32,c/properties/no-overflow.prp,True
2LS,c/hardness-nfm22/hardness_fillercode_fillercodesize_ps-cn-250_file-2.i,32,c/properties/unreach-call.prp,True
2LS,c/Juliet_Test/CWE190_Integer_Overflow__int_rand_square_41_good.i,64,c/properties/no-overflow.prp,True
2LS,c/nla-digbench-scaling/dijkstra-u_valuebound10.c,32,c/properties/unreach-call.prp,True
2LS,c/nla-digbench-scaling/dijkstra-u_valuebound10.c,32,c/properties/no-overflow.prp,True
2LS,c/hardness-nfm22/hardness_fillercode_fillercodestructure_normal_file-35.i,32,c/properties/unreach-call.prp,True
2LS,c/list-simple/dll2n_remove_all_reverse.i,32,c/properties/no-overflow.prp,True
2LS,c/list-simple/dll2n_remove_all_reverse.i,32,c/properties/unreach-call.prp,True
2LS,c/list-simple/dll2n_remove_all_reverse.i,32,c/properties/valid-memsafety.prp,True
2LS,c/memsafety-ext/tree_of_cslls.i,32,c/properties/valid-memsafety.prp,True
2LS,c/hardness-nfm22/hardness_codestructure_normal_file-72.i,32,c/properties/unreach-call.prp,True
2LS,c/hardness-nfm22/hardness_fillercode_fillercodestructure_filler-pr-co_file-0.i,32,c/properties/unreach-call.prp,True
2LS,c/loops/sum_array-2-2.i,32,c/properties/no-overflow.prp,True
2LS,c/loops/sum_array-2-2.i,32,c/properties/unreach-call.prp,True
2LS,c/hardness-nfm22/hardness_fillercode_fillercodesize_ps-cn-100_file-2.i,32,c/properties/unreach-call.prp,True
2LS,c/xcsp/CostasArray-13.c,32,c/properties/unreach-call.prp,False
2LS,c/nla-digbench-scaling/bresenham-ll_valuebound1.c,32,c/properties/unreach-call.prp,True
2LS,c/nla-digbench-scaling/bresenham-ll_valuebound1.c,32,c/properties/no-overflow.prp,True
2LS,c/list-simple/sll2n_append_equal.i,32,c/properties/unreach-call.prp,True
2LS,c/list-simple/sll2n_append_equal.i,32,c/properties/valid-memsafety.prp,True
2LS,c/hardness-nfm22/hardness_operatoramount_amount250_file-99.i,32,c/properties/unreach-call.prp,True
2LS,c/product-lines/minepump_spec4_product37.cil.c,32,c/properties/termination.prp,False
2LS,c/product-lines/minepump_spec4_product37.cil.c,32,c/properties/unreach-call.prp,False
2LS,c/hardness-nfm22/hardness_fillercode_fillercodesize_ps-cn-100_file-35.i,32,c/properties/unreach-call.prp,True
2LS,c/Juliet_Test/CWE190_Integer_Overflow__int_rand_square_52_good.i,64,c/properties/no-overflow.prp,True
2LS,c/nla-digbench-scaling/egcd3-ll_valuebound1.c,32,c/properties/unreach-call.prp,True
2LS,c/nla-digbench-scaling/egcd3-ll_valuebound1.c,32,c/properties/no-overflow.prp,True
2LS,c/hardware-verification-bv/btor2c-lazyMod.production_cell.6.prop1-func-interl.c,64,c/properties/unreach-call.prp,False
2LS,c/hardness-nfm22/hardness_variablewrapping_wrapper-a_file-75.i,32,c/properties/unreach-call.prp,True
2LS,c/product-lines/minepump_spec4_product45.cil.c,32,c/properties/termination.prp,False
2LS,c/product-lines/minepump_spec4_product45.cil.c,32,c/properties/unreach-call.prp,False
2LS,c/nla-digbench-scaling/sqrt1-ll_valuebound10.c,32,c/properties/unreach-call.prp,True
2LS,c/nla-digbench-scaling/sqrt1-ll_valuebound10.c,32,c/properties/no-overflow.prp,True
2LS,c/hardness-nfm22/hardness_fillercode_fillercodestructure_filler-ps-cn_file-3.i,32,c/properties/unreach-call.prp,True
2LS,c/Juliet_Test/CWE190_Integer_Overflow__int_fscanf_square_17_good.i,64,c/properties/no-overflow.prp,True
2LS,c/combinations/gcd_2+newton_2_7.i,32,c/properties/unreach-call.prp,False
2LS,c/Juliet_Test/CWE190_Integer_Overflow__int_rand_square_17_good.i,64,c/properties/no-overflow.prp,True
2LS,c/hardness-nfm22/hardness_variablewrapping_wrapper-p_file-65.i,32,c/properties/unreach-call.prp,True
2LS,c/hardness-nfm22/hardness_operatoramount_amount250_file-44.i,32,c/properties/unreach-call.prp,True
2LS,c/hardness-nfm22/hardness_fillercode_fillercodesize_ps-cn-100_file-54.i,32,c/properties/unreach-call.prp,True
2LS,c/list-simple/sll2n_append_unequal.i,32,c/properties/no-overflow.prp,True
2LS,c/list-simple/sll2n_append_unequal.i,32,c/properties/unreach-call.prp,True
2LS,c/list-simple/sll2n_append_unequal.i,32,c/properties/valid-memsafety.prp,True
2LS,c/hardness-nfm22/hardness_loopvsstraightlinecode_100-1loop_file-76.i,32,c/properties/unreach-call.prp,True
2LS,c/nla-digbench-scaling/ps6-ll_valuebound1.c,32,c/properties/unreach-call.prp,True
2LS,c/nla-digbench-scaling/ps6-ll_valuebound1.c,32,c/properties/no-overflow.prp,True
2LS,c/combinations/gcd_3+newton_1_3.i,32,c/properties/unreach-call.prp,True
2LS,c/list-simple/sll2c_update_all_reverse.i,32,c/properties/no-overflow.prp,True
2LS,c/list-simple/sll2c_update_all_reverse.i,32,c/properties/unreach-call.prp,True
2LS,c/list-simple/sll2c_update_all_reverse.i,32,c/properties/valid-memsafety.prp,True
2LS,c/hardness-nfm22/hardness_loopvsstraightlinecode_100-1loop_file-4.i,32,c/properties/unreach-call.prp,True
2LS,c/list-simple/sll2c_update_all.i,32,c/properties/no-overflow.prp,True
2LS,c/list-simple/sll2c_update_all.i,32,c/properties/unreach-call.prp,True
2LS,c/list-simple/sll2c_update_all.i,32,c/properties/valid-memsafety.prp,True
2LS,c/hardness-nfm22/hardness_fillercode_fillercodestructure_filler-ps-cn_file-54.i,32,c/properties/unreach-call.prp,True
2LS,c/hardness-nfm22/hardness_fillercode_fillercodestructure_filler-ps-cn_file-2.i,32,c/properties/unreach-call.prp,True
2LS,c/nla-digbench-scaling/egcd3-ll_unwindbound1.c,32,c/properties/unreach-call.prp,False
2LS,c/nla-digbench-scaling/egcd3-ll_unwindbound1.c,32,c/properties/no-overflow.prp,True
2LS,c/hardness-nfm22/hardness_operatoramount_amount250_file-81.i,32,c/properties/unreach-call.prp,True
2LS,c/nla-digbench-scaling/egcd-ll_valuebound2.c,32,c/properties/unreach-call.prp,True
2LS,c/nla-digbench-scaling/egcd-ll_valuebound2.c,32,c/properties/no-overflow.prp,True
2LS,c/product-lines/elevator_spec14_product03.cil.c,32,c/properties/termination.prp,True
2LS,c/product-lines/elevator_spec14_product03.cil.c,32,c/properties/unreach-call.prp,True
2LS,c/Juliet_Test/CWE190_Integer_Overflow__int_max_square_15_good.i,64,c/properties/no-overflow.prp,True
2LS,c/product-lines/elevator_spec14_product27.cil.c,32,c/properties/termination.prp,True
2LS,c/product-lines/elevator_spec14_product27.cil.c,32,c/properties/unreach-call.prp,True
2LS,c/psyco/psyco_abp_1-1.c,32,c/properties/no-overflow.prp,True
2LS,c/psyco/psyco_abp_1-1.c,32,c/properties/termination.prp,False
2LS,c/psyco/psyco_abp_1-1.c,32,c/properties/unreach-call.prp,False
2LS,c/array-examples/standard_palindrome_ground.i,32,c/properties/no-overflow.prp,True
2LS,c/array-examples/standard_palindrome_ground.i,32,c/properties/unreach-call.prp,True
2LS,c/list-simple/sll2c_remove_all_reverse.i,32,c/properties/no-overflow.prp,True
2LS,c/list-simple/sll2c_remove_all_reverse.i,32,c/properties/unreach-call.prp,True
2LS,c/list-simple/sll2c_remove_all_reverse.i,32,c/properties/valid-memsafety.prp,True
2LS,c/hardness-nfm22/hardness_operatoramount_amount250_file-51.i,32,c/properties/unreach-call.prp,True
2LS,c/nla-digbench-scaling/cohencu-ll_unwindbound1.c,32,c/properties/unreach-call.prp,False
2LS,c/nla-digbench-scaling/cohencu-ll_unwindbound1.c,32,c/properties/no-overflow.prp,True
2LS,c/hardness-nfm22/hardness_operatoramount_amount100_file-76.i,32,c/properties/unreach-call.prp,True
2LS,c/nla-digbench-scaling/dijkstra-u_valuebound5.c,32,c/properties/unreach-call.prp,True
2LS,c/nla-digbench-scaling/dijkstra-u_valuebound5.c,32,c/properties/no-overflow.prp,True
2LS,c/hardness-nfm22/hardness_fillercode_fillercodestructure_filler-ps-cn_file-35.i,32,c/properties/unreach-call.prp,True
2LS,c/nla-digbench-scaling/sqrt1-ll_valuebound20.c,32,c/properties/unreach-call.prp,True
2LS,c/nla-digbench-scaling/sqrt1-ll_valuebound20.c,32,c/properties/no-overflow.prp,True
2LS,c/hardness-nfm22/hardness_operatoramount_amount10_file-99.i,32,c/properties/unreach-call.prp,True
2LS,c/Juliet_Test/CWE190_Integer_Overflow__int_rand_square_67_good.i,64,c/properties/no-overflow.prp,True
2LS,c/product-lines/minepump_spec4_product34.cil.c,32,c/properties/termination.prp,False
2LS,c/product-lines/minepump_spec4_product34.cil.c,32,c/properties/unreach-call.prp,False
2LS,c/hardness-nfm22/hardness_operatoramount_amount250_file-94.i,32,c/properties/unreach-call.prp,True
2LS,c/hardness-nfm22/hardness_fillercode_fillercodesize_ps-cn-500_file-23.i,32,c/properties/unreach-call.prp,True
2LS,c/list-simple/dll2c_update_all.i,32,c/properties/no-overflow.prp,True
2LS,c/list-simple/dll2c_update_all.i,32,c/properties/unreach-call.prp,True
2LS,c/list-simple/dll2c_update_all.i,32,c/properties/valid-memsafety.prp,True
2LS,c/nla-digbench-scaling/ps5-ll_unwindbound1.c,32,c/properties/unreach-call.prp,False
2LS,c/nla-digbench-scaling/ps5-ll_unwindbound1.c,32,c/properties/no-overflow.prp,True
2LS,c/forester-heap/sll-rb-sentinel-2.i,32,c/properties/unreach-call.prp,False
2LS,c/forester-heap/sll-rb-sentinel-2.i,32,c/properties/valid-memcleanup.prp,False
2LS,c/hardness-nfm22/hardness_loopvsstraightlinecode_100-1loop_file-0.i,32,c/properties/unreach-call.prp,True
2LS,c/hardness-nfm22/hardness_fillercode_fillercodesize_ps-cn-250_file-3.i,32,c/properties/unreach-call.prp,True
2LS,c/nla-digbench-scaling/bresenham-ll_valuebound1.c,32,c/properties/unreach-call.prp,True
2LS,c/nla-digbench-scaling/bresenham-ll_valuebound1.c,32,c/properties/no-overflow.prp,True
2LS,c/termination-crafted-lit/HeizmannHoenickeLeikePodelski-ATVA2013-Fig7.c,64,c/properties/no-overflow.prp,False
2LS,c/seq-mthreaded/pals_opt-floodmax.4.4.ufo.BOUNDED-8.pals.c,32,c/properties/termination.prp,True
2LS,c/seq-mthreaded/pals_opt-floodmax.4.4.ufo.BOUNDED-8.pals.c,32,c/properties/unreach-call.prp,False
2LS,c/hardness-nfm22/hardness_operatoramount_amount100_file-71.i,32,c/properties/unreach-call.prp,True
2LS,c/hardness-nfm22/hardness_variablewrapping_wrapper-sp_file-65.i,32,c/properties/unreach-call.prp,True
2LS,c/nla-digbench-scaling/bresenham-ll_unwindbound1.c,32,c/properties/unreach-call.prp,False
2LS,c/nla-digbench-scaling/bresenham-ll_unwindbound1.c,32,c/properties/no-overflow.prp,True
2LS,c/hardness-nfm22/hardness_variablewrapping_wrapper-a_file-80.i,32,c/properties/unreach-call.prp,True
2LS,c/nla-digbench/hard-u.c,32,c/properties/unreach-call.prp,False
2LS,c/nla-digbench/hard-u.c,32,c/properties/no-overflow.prp,True
2LS,c/list-simple/sll2n_insert_equal.i,32,c/properties/unreach-call.prp,True
2LS,c/list-simple/sll2n_insert_equal.i,32,c/properties/valid-memsafety.prp,True
2LS,c/Juliet_Test/CWE190_Integer_Overflow__int_fscanf_square_18_good.i,64,c/properties/no-overflow.prp,True
2LS,c/combinations/gcd_3+newton_2_6.i,32,c/properties/unreach-call.prp,False
2LS,c/hardness-nfm22/hardness_fillercode_fillercodesize_ps-cn-500_file-83.i,32,c/properties/unreach-call.prp,True
2LS,c/hardware-verification-bv/btor2c-lazyMod.synabs.c,64,c/properties/unreach-call.prp,True
2LS,c/nla-digbench-scaling/hard-ll_valuebound2.c,32,c/properties/unreach-call.prp,True
2LS,c/nla-digbench-scaling/hard-ll_valuebound2.c,32,c/properties/no-overflow.prp,True
2LS,c/list-simple/sll2n_insert_unequal.i,32,c/properties/unreach-call.prp,True
2LS,c/list-simple/sll2n_insert_unequal.i,32,c/properties/valid-memsafety.prp,True
2LS,c/hardness-nfm22/hardness_operatoramount_amount25_file-59.i,32,c/properties/unreach-call.prp,True
2LS,c/nla-digbench-scaling/knuth_valuebound10.i,32,c/properties/unreach-call.prp,True
2LS,c/nla-digbench-scaling/knuth_valuebound10.i,32,c/properties/no-overflow.prp,True
2LS,c/product-lines/email_spec8_product28.cil.c,32,c/properties/termination.prp,True
2LS,c/product-lines/email_spec8_product28.cil.c,32,c/properties/unreach-call.prp,True
2LS,c/nla-digbench-scaling/knuth_valuebound10.i,32,c/properties/unreach-call.prp,True
2LS,c/nla-digbench-scaling/knuth_valuebound10.i,32,c/properties/no-overflow.prp,True
2LS,c/hardness-nfm22/hardness_fillercode_fillercodesize_ps-cn-50_file-3.i,32,c/properties/unreach-call.prp,True
2LS,c/product-lines/minepump_spec4_product43.cil.c,32,c/properties/termination.prp,False
2LS,c/product-lines/minepump_spec4_product43.cil.c,32,c/properties/unreach-call.prp,False
2LS,c/floats-cdfpl/sine_4.i,32,c/properties/termination.prp,True
2LS,c/floats-cdfpl/sine_4.i,32,c/properties/unreach-call.prp,True
2LS,c/hardness-nfm22/hardness_loopvsstraightlinecode_50-1loop_file-73.i,32,c/properties/unreach-call.prp,True
2LS,c/list-simple/dll2n_insert_equal.i,32,c/properties/unreach-call.prp,True
2LS,c/list-simple/dll2n_insert_equal.i,32,c/properties/valid-memsafety.prp,True
2LS,c/hardness-nfm22/hardness_loopvsstraightlinecode_25-while_file-59.i,32,c/properties/unreach-call.prp,True
2LS,c/nla-digbench-scaling/hard2_valuebound100.c,32,c/properties/unreach-call.prp,True
2LS,c/nla-digbench-scaling/hard2_valuebound100.c,32,c/properties/no-overflow.prp,True
2LS,c/product-lines/elevator_spec14_product11.cil.c,32,c/properties/termination.prp,True
2LS,c/product-lines/elevator_spec14_product11.cil.c,32,c/properties/unreach-call.prp,True
2LS,c/product-lines/elevator_spec14_product24.cil.c,32,c/properties/termination.prp,True
2LS,c/product-lines/elevator_spec14_product24.cil.c,32,c/properties/unreach-call.prp,False
2LS,c/product-lines/minepump_spec4_product44.cil.c,32,c/properties/termination.prp,False
2LS,c/product-lines/minepump_spec4_product44.cil.c,32,c/properties/unreach-call.prp,False
2LS,c/bitvector/soft_float_3.c.cil.c,32,c/properties/no-overflow.prp,False
2LS,c/nla-digbench-scaling/divbin_valuebound2.i,32,c/properties/unreach-call.prp,True
2LS,c/nla-digbench-scaling/divbin_valuebound2.i,32,c/properties/no-overflow.prp,True
2LS,c/hardness-nfm22/hardness_loopvsstraightlinecode_100-1loop_file-78.i,32,c/properties/unreach-call.prp,True
2LS,c/hardness-nfm22/hardness_operatoramount_amount500_file-82.i,32,c/properties/unreach-call.prp,True
2LS,c/product-lines/minepump_spec4_product38.cil.c,32,c/properties/termination.prp,False
2LS,c/product-lines/minepump_spec4_product38.cil.c,32,c/properties/unreach-call.prp,False
2LS,c/hardness-nfm22/hardness_operatoramount_amount250_file-69.i,32,c/properties/unreach-call.prp,True
2LS,c/product-lines/elevator_spec14_product23.cil.c,32,c/properties/termination.prp,True
2LS,c/product-lines/elevator_spec14_product23.cil.c,32,c/properties/unreach-call.prp,True
2LS,c/nla-digbench-scaling/egcd-ll_unwindbound1.c,32,c/properties/unreach-call.prp,False
2LS,c/nla-digbench-scaling/egcd-ll_unwindbound1.c,32,c/properties/no-overflow.prp,True
2LS,c/product-lines/email_spec0_product09.cil.c,32,c/properties/termination.prp,True
2LS,c/product-lines/email_spec0_product09.cil.c,32,c/properties/unreach-call.prp,True
2LS,c/nla-digbench-scaling/hard2_valuebound50.c,32,c/properties/unreach-call.prp,True
2LS,c/nla-digbench-scaling/hard2_valuebound50.c,32,c/properties/no-overflow.prp,True
2LS,c/hardness-nfm22/hardness_loopvsstraightlinecode_100-while_file-4.i,32,c/properties/unreach-call.prp,True
2LS,c/list-simple/dll2c_update_all_reverse.i,32,c/properties/no-overflow.prp,True
2LS,c/list-simple/dll2c_update_all_reverse.i,32,c/properties/unreach-call.prp,True
2LS,c/list-simple/dll2c_update_all_reverse.i,32,c/properties/valid-memsafety.prp,True
2LS,c/product-lines/elevator_spec3_product24.cil.c,32,c/properties/termination.prp,True
2LS,c/product-lines/elevator_spec3_product24.cil.c,32,c/properties/unreach-call.prp,False
2LS,c/product-lines/minepump_spec4_product35.cil.c,32,c/properties/termination.prp,False
2LS,c/product-lines/minepump_spec4_product35.cil.c,32,c/properties/unreach-call.prp,False
2LS,c/product-lines/elevator_spec3_product30.cil.c,32,c/properties/termination.prp,True
2LS,c/product-lines/elevator_spec3_product30.cil.c,32,c/properties/unreach-call.prp,True
2LS,c/eca-rers2012/Problem01_label58.c,32,c/properties/termination.prp,False
2LS,c/eca-rers2012/Problem01_label58.c,32,c/properties/unreach-call.prp,True
2LS,c/Juliet_Test/CWE190_Integer_Overflow__int_rand_square_51_good.i,64,c/properties/no-overflow.prp,True
2LS,c/hardness-nfm22/hardness_codestructure_normal_file-44.i,32,c/properties/unreach-call.prp,True
2LS,c/product-lines/minepump_spec4_product40.cil.c,32,c/properties/termination.prp,False
2LS,c/product-lines/minepump_spec4_product40.cil.c,32,c/properties/unreach-call.prp,False
2LS,c/hardness-nfm22/hardness_loopvsstraightlinecode_100-while_file-78.i,32,c/properties/unreach-call.prp,True
2LS,c/combinations/gcd_4+newton_2_6.i,32,c/properties/unreach-call.prp,False
2LS,c/bitvector/soft_float_3a.c.cil.c,32,c/properties/no-overflow.prp,True
2LS,c/bitvector/soft_float_3a.c.cil.c,32,c/properties/termination.prp,True
2LS,c/bitvector/soft_float_3a.c.cil.c,32,c/properties/unreach-call.prp,True
2LS,c/bitvector/soft_float_2.c.cil.c,32,c/properties/no-overflow.prp,False
2LS,c/hardness-nfm22/hardness_fillercode_fillercodesize_ps-cn-500_file-35.i,32,c/properties/unreach-call.prp,True
2LS,c/product-lines/elevator_spec14_product19.cil.c,32,c/properties/termination.prp,True
2LS,c/product-lines/elevator_spec14_product19.cil.c,32,c/properties/unreach-call.prp,True
2LS,c/list-simple/dll2n_append_equal.i,32,c/properties/unreach-call.prp,True
2LS,c/list-simple/dll2n_append_equal.i,32,c/properties/valid-memsafety.prp,True
2LS,c/product-lines/minepump_spec4_product36.cil.c,32,c/properties/termination.prp,False
2LS,c/product-lines/minepump_spec4_product36.cil.c,32,c/properties/unreach-call.prp,False
2LS,c/hardness-nfm22/hardness_fillercode_fillercodesize_ps-cn-250_file-35.i,32,c/properties/unreach-call.prp,True
2LS,c/hardness-nfm22/hardness_codestructure_functionizing_file-7.i,32,c/properties/unreach-call.prp,True
2LS,c/forester-heap/sll-buckets-2.i,32,c/properties/unreach-call.prp,False
2LS,c/forester-heap/sll-buckets-2.i,32,c/properties/valid-memcleanup.prp,False
2LS,c/product-lines/email_spec1_product30.cil.c,32,c/properties/termination.prp,True
2LS,c/product-lines/email_spec1_product30.cil.c,32,c/properties/unreach-call.prp,False
2LS,c/hardness-nfm22/hardness_operatoramount_amount100_file-78.i,32,c/properties/unreach-call.prp,True
2LS,c/Juliet_Test/CWE190_Integer_Overflow__int_rand_square_53_good.i,64,c/properties/no-overflow.prp,True
2LS,c/eca-rers2012/Problem01_label13.c,32,c/properties/termination.prp,False
2LS,c/eca-rers2012/Problem01_label13.c,32,c/properties/unreach-call.prp,True
2LS,c/product-lines/elevator_spec3_product22.cil.c,32,c/properties/termination.prp,True
2LS,c/product-lines/elevator_spec3_product22.cil.c,32,c/properties/unreach-call.prp,True
2LS,c/heap-manipulation/tree-2.i,32,c/properties/unreach-call.prp,False
2LS,c/heap-manipulation/tree-2.i,32,c/properties/valid-memsafety.prp,False
2LS,c/hardness-nfm22/hardness_loopvsstraightlinecode_25-1loop_file-59.i,32,c/properties/unreach-call.prp,True
2LS,c/hardness-nfm22/hardness_operatoramount_amount250_file-85.i,32,c/properties/unreach-call.prp,True
2LS,c/product-lines/elevator_spec14_product32.cil.c,32,c/properties/termination.prp,True
2LS,c/product-lines/elevator_spec14_product32.cil.c,32,c/properties/unreach-call.prp,False
2LS,c/product-lines/minepump_spec4_product46.cil.c,32,c/properties/termination.prp,False
2LS,c/product-lines/minepump_spec4_product46.cil.c,32,c/properties/unreach-call.prp,False
2LS,c/eca-rers2012/Problem01_label55.c,32,c/properties/termination.prp,False
2LS,c/eca-rers2012/Problem01_label55.c,32,c/properties/unreach-call.prp,True
2LS,c/bitvector/soft_float_5.c.cil.c,32,c/properties/no-overflow.prp,False
2LS,c/product-lines/email_spec9_product28.cil.c,32,c/properties/termination.prp,True
2LS,c/product-lines/email_spec9_product28.cil.c,32,c/properties/unreach-call.prp,True
2LS,c/nla-digbench-scaling/dijkstra-u_valuebound50.c,32,c/properties/unreach-call.prp,True
2LS,c/nla-digbench-scaling/dijkstra-u_valuebound50.c,32,c/properties/no-overflow.prp,True
2LS,c/hardness-nfm22/hardness_variablewrapping_wrapper-p_file-15.i,32,c/properties/unreach-call.prp,True
2LS,c/hardness-nfm22/hardness_fillercode_fillercodesize_ps-cn-25_file-51.i,32,c/properties/unreach-call.prp,True
2LS,c/product-lines/minepump_spec4_product42.cil.c,32,c/properties/termination.prp,False
2LS,c/product-lines/minepump_spec4_product42.cil.c,32,c/properties/unreach-call.prp,False
2LS,c/product-lines/minepump_spec4_product48.cil.c,32,c/properties/termination.prp,False
2LS,c/product-lines/minepump_spec4_product48.cil.c,32,c/properties/unreach-call.prp,False
2LS,c/list-simple/dll2n_append_unequal.i,32,c/properties/unreach-call.prp,True
2LS,c/list-simple/dll2n_append_unequal.i,32,c/properties/valid-memsafety.prp,True
2LS,c/eca-rers2012/Problem01_label03.c,32,c/properties/termination.prp,False
2LS,c/eca-rers2012/Problem01_label03.c,32,c/properties/unreach-call.prp,True
2LS,c/nla-digbench-scaling/dijkstra-u_valuebound20.c,32,c/properties/unreach-call.prp,True
2LS,c/nla-digbench-scaling/dijkstra-u_valuebound20.c,32,c/properties/no-overflow.prp,True
2LS,c/heap-manipulation/merge_sort-1.i,32,c/properties/unreach-call.prp,False
2LS,c/heap-manipulation/merge_sort-1.i,32,c/properties/valid-memcleanup.prp,False
2LS,c/array-industry-pattern/array_of_struct_ptr_monotonic.i,32,c/properties/no-overflow.prp,True
2LS,c/array-industry-pattern/array_of_struct_ptr_monotonic.i,32,c/properties/unreach-call.prp,True
2LS,c/product-lines/minepump_spec4_product39.cil.c,32,c/properties/termination.prp,False
2LS,c/product-lines/minepump_spec4_product39.cil.c,32,c/properties/unreach-call.prp,False
2LS,c/hardness-nfm22/hardness_codestructure_steplocals_file-51.i,32,c/properties/unreach-call.prp,True
2LS,c/nla-digbench-scaling/hard-u_valuebound100.c,32,c/properties/unreach-call.prp,True
2LS,c/nla-digbench-scaling/hard-u_valuebound100.c,32,c/properties/no-overflow.prp,True
2LS,c/product-lines/minepump_spec2_product41.cil.c,32,c/properties/termination.prp,False
2LS,c/product-lines/minepump_spec2_product41.cil.c,32,c/properties/unreach-call.prp,False
2LS,c/nla-digbench-scaling/divbin_valuebound10.i,32,c/properties/unreach-call.prp,True
2LS,c/nla-digbench-scaling/divbin_valuebound10.i,32,c/properties/no-overflow.prp,True
2LS,c/hardness-nfm22/hardness_operatoramount_amount500_file-49.i,32,c/properties/unreach-call.prp,True
2LS,c/array-industry-pattern/array_of_struct_ptr_cond_init.i,32,c/properties/no-overflow.prp,True
2LS,c/array-industry-pattern/array_of_struct_ptr_cond_init.i,32,c/properties/unreach-call.prp,True
2LS,c/hardness-nfm22/hardness_fillercode_fillercodestructure_filler-pe-cn_file-3.i,32,c/properties/unreach-call.prp,True
2LS,c/product-lines/email_spec11_product07.cil.c,32,c/properties/termination.prp,True
2LS,c/product-lines/email_spec11_product07.cil.c,32,c/properties/unreach-call.prp,True
2LS,c/Juliet_Test/CWE190_Integer_Overflow__int_max_square_17_good.i,64,c/properties/no-overflow.prp,True
2LS,c/hardness-nfm22/hardness_loopvsstraightlinecode_100-while_file-0.i,32,c/properties/unreach-call.prp,True
2LS,c/combinations/gcd_4+newton_2_7.i,32,c/properties/unreach-call.prp,False
2LS,c/combinations/gcd_4+newton_2_8.i,32,c/properties/unreach-call.prp,False
2LS,c/nla-digbench-scaling/sqrt1-ll_valuebound50.c,32,c/properties/unreach-call.prp,True
2LS,c/nla-digbench-scaling/sqrt1-ll_valuebound50.c,32,c/properties/no-overflow.prp,True
2LS,c/Juliet_Test/CWE190_Integer_Overflow__int_fscanf_square_41_good.i,64,c/properties/no-overflow.prp,True
2LS,c/nla-digbench-scaling/bresenham-ll_valuebound2.c,32,c/properties/unreach-call.prp,True
2LS,c/nla-digbench-scaling/bresenham-ll_valuebound2.c,32,c/properties/no-overflow.prp,True
2LS,c/hardness-nfm22/hardness_operatoramount_amount25_file-10.i,32,c/properties/unreach-call.prp,True
2LS,c/hardness-nfm22/hardness_variablewrapping_wrapper-sp_file-75.i,32,c/properties/unreach-call.prp,True
2LS,c/floats-cdfpl/newton_2_2.i,32,c/properties/termination.prp,True
2LS,c/floats-cdfpl/newton_2_2.i,32,c/properties/unreach-call.prp,True
2LS,c/product-lines/email_spec8_product12.cil.c,32,c/properties/termination.prp,True
2LS,c/product-lines/email_spec8_product12.cil.c,32,c/properties/unreach-call.prp,True
2LS,c/product-lines/email_spec6_product16.cil.c,32,c/properties/termination.prp,True
2LS,c/product-lines/email_spec6_product16.cil.c,32,c/properties/unreach-call.prp,False
2LS,c/product-lines/minepump_spec4_product47.cil.c,32,c/properties/termination.prp,False
2LS,c/product-lines/minepump_spec4_product47.cil.c,32,c/properties/unreach-call.prp,False
2LS,c/array-tiling/pr4.c,32,c/properties/no-overflow.prp,True
2LS,c/array-tiling/pr4.c,32,c/properties/unreach-call.prp,True
2LS,c/eca-rers2012/Problem01_label36.c,32,c/properties/termination.prp,False
2LS,c/eca-rers2012/Problem01_label36.c,32,c/properties/unreach-call.prp,True
2LS,c/termination-nla/hard2-both-nt.c,32,c/properties/no-overflow.prp,False
2LS,c/product-lines/email_spec11_product36.cil.c,32,c/properties/termination.prp,True
2LS,c/product-lines/email_spec11_product36.cil.c,32,c/properties/unreach-call.prp,True
2LS,c/list-simple/dll2n_insert_unequal.i,32,c/properties/unreach-call.prp,True
2LS,c/list-simple/dll2n_insert_unequal.i,32,c/properties/valid-memsafety.prp,True
2LS,c/hardness-nfm22/hardness_codestructure_dependencies_file-51.i,32,c/properties/unreach-call.prp,True
2LS,c/combinations/gcd_1+newton_2_8.i,32,c/properties/unreach-call.prp,False
2LS,c/hardness-nfm22/hardness_operatoramount_amount50_file-73.i,32,c/properties/unreach-call.prp,True
2LS,c/array-tiling/nr2.c,32,c/properties/no-overflow.prp,True
2LS,c/array-tiling/nr2.c,32,c/properties/unreach-call.prp,True
2LS,c/Juliet_Test/CWE190_Integer_Overflow__int_max_square_12_good.i,64,c/properties/no-overflow.prp,True
2LS,c/eca-rers2012/Problem01_label44.c,32,c/properties/termination.prp,False
2LS,c/eca-rers2012/Problem01_label44.c,32,c/properties/unreach-call.prp,False
2LS,c/product-lines/minepump_spec2_product42.cil.c,32,c/properties/termination.prp,False
2LS,c/product-lines/minepump_spec2_product42.cil.c,32,c/properties/unreach-call.prp,False
2LS,c/hardness-nfm22/hardness_codestructure_normal_file-51.i,32,c/properties/unreach-call.prp,True
2LS,c/combinations/square_7+soft_float_2a.c.cil.c,32,c/properties/unreach-call.prp,True
2LS,c/product-lines/email_spec8_product22.cil.c,32,c/properties/termination.prp,True
2LS,c/product-lines/email_spec8_product22.cil.c,32,c/properties/unreach-call.prp,False
2LS,c/eca-rers2012/Problem01_label45.c,32,c/properties/termination.prp,False
2LS,c/eca-rers2012/Problem01_label45.c,32,c/properties/unreach-call.prp,True
2LS,c/eca-rers2012/Problem01_label05.c,32,c/properties/termination.prp,False
2LS,c/eca-rers2012/Problem01_label05.c,32,c/properties/unreach-call.prp,True
2LS,c/nla-digbench-scaling/divbin_valuebound5.i,32,c/properties/unreach-call.prp,True
2LS,c/nla-digbench-scaling/divbin_valuebound5.i,32,c/properties/no-overflow.prp,True
2LS,c/product-lines/email_spec7_product18.cil.c,32,c/properties/termination.prp,True
2LS,c/product-lines/email_spec7_product18.cil.c,32,c/properties/unreach-call.prp,True
2LS,c/eca-rers2012/Problem01_label00.c,32,c/properties/termination.prp,False
2LS,c/eca-rers2012/Problem01_label00.c,32,c/properties/unreach-call.prp,True
2LS,c/eca-rers2012/Problem01_label57.c,32,c/properties/termination.prp,False
2LS,c/eca-rers2012/Problem01_label57.c,32,c/properties/unreach-call.prp,False
2LS,c/product-lines/elevator_spec14_product31.cil.c,32,c/properties/termination.prp,True
2LS,c/product-lines/elevator_spec14_product31.cil.c,32,c/properties/unreach-call.prp,True
2LS,c/combinations/gcd_1+newton_2_7.i,32,c/properties/unreach-call.prp,False
2LS,c/eca-rers2012/Problem01_label33.c,32,c/properties/termination.prp,False
2LS,c/eca-rers2012/Problem01_label33.c,32,c/properties/unreach-call.prp,False
2LS,c/termination-crafted-lit/PodelskiRybalchenko-LICS2004-Fig1.c,64,c/properties/no-overflow.prp,True
2LS,c/termination-crafted-lit/PodelskiRybalchenko-LICS2004-Fig1.c,64,c/properties/termination.prp,True
2LS,c/eca-rers2012/Problem10_label46.c,32,c/properties/unreach-call.prp,False
2LS,c/hardness-nfm22/hardness_fillercode_fillercodestructure_normal_file-51.i,32,c/properties/unreach-call.prp,True
2LS,c/array-industry-pattern/array_ptr_single_elem_init-1.i,32,c/properties/no-overflow.prp,True
2LS,c/array-industry-pattern/array_ptr_single_elem_init-1.i,32,c/properties/unreach-call.prp,True
2LS,c/product-lines/elevator_spec3_product32.cil.c,32,c/properties/termination.prp,True
2LS,c/product-lines/elevator_spec3_product32.cil.c,32,c/properties/unreach-call.prp,False
2LS,c/hardness-nfm22/hardness_loopvsstraightlinecode_25-1loop_file-10.i,32,c/properties/unreach-call.prp,True
2LS,c/hardness-nfm22/hardness_fillercode_fillercodesize_ps-cn-50_file-73.i,32,c/properties/unreach-call.prp,True
2LS,c/eca-rers2012/Problem01_label31.c,32,c/properties/termination.prp,False
2LS,c/eca-rers2012/Problem01_label31.c,32,c/properties/unreach-call.prp,True
2LS,c/product-lines/email_spec11_product15.cil.c,32,c/properties/termination.prp,True
2LS,c/product-lines/email_spec11_product15.cil.c,32,c/properties/unreach-call.prp,False
2LS,c/product-lines/email_spec8_product16.cil.c,32,c/properties/termination.prp,True
2LS,c/product-lines/email_spec8_product16.cil.c,32,c/properties/unreach-call.prp,False
2LS,c/hardness-nfm22/hardness_fillercode_fillercodesize_ps-cn-500_file-2.i,32,c/properties/unreach-call.prp,True
2LS,c/hardness-nfm22/hardness_fillercode_fillercodesize_ps-cn-500_file-54.i,32,c/properties/unreach-call.prp,True
2LS,c/hardness-nfm22/hardness_loopvsstraightlinecode_50-while_file-51.i,32,c/properties/unreach-call.prp,True
2LS,c/Juliet_Test/CWE190_Integer_Overflow__int_rand_square_21_good.i,64,c/properties/no-overflow.prp,True
2LS,c/hardness-nfm22/hardness_fillercode_fillercodestructure_filler-pr-cn_file-51.i,32,c/properties/unreach-call.prp,True
2LS,c/product-lines/elevator_spec13_product21.cil.c,32,c/properties/termination.prp,False
2LS,c/product-lines/elevator_spec13_product21.cil.c,32,c/properties/unreach-call.prp,True
2LS,c/eca-rers2012/Problem01_label12.c,32,c/properties/termination.prp,False
2LS,c/eca-rers2012/Problem01_label12.c,32,c/properties/unreach-call.prp,True
2LS,c/product-lines/email_spec9_product31.cil.c,32,c/properties/termination.prp,True
2LS,c/product-lines/email_spec9_product31.cil.c,32,c/properties/unreach-call.prp,False
2LS,c/termination-crafted-lit/AliasDarteFeautrierGonnord-SAS2010-loops.c,64,c/properties/no-overflow.prp,True
2LS,c/termination-crafted-lit/AliasDarteFeautrierGonnord-SAS2010-loops.c,64,c/properties/termination.prp,True
2LS,c/eca-rers2012/Problem01_label26.c,32,c/properties/termination.prp,False
2LS,c/eca-rers2012/Problem01_label26.c,32,c/properties/unreach-call.prp,True
2LS,c/product-lines/minepump_spec2_product44.cil.c,32,c/properties/termination.prp,False
2LS,c/product-lines/minepump_spec2_product44.cil.c,32,c/properties/unreach-call.prp,False
2LS,c/hardness-nfm22/hardness_operatoramount_amount100_file-4.i,32,c/properties/unreach-call.prp,True
2LS,c/eca-rers2012/Problem01_label04.c,32,c/properties/termination.prp,False
2LS,c/eca-rers2012/Problem01_label04.c,32,c/properties/unreach-call.prp,True
2LS,c/hardness-nfm22/hardness_fillercode_fillercodesize_ps-cn-10_file-73.i,32,c/properties/unreach-call.prp,True
2LS,c/product-lines/elevator_spec13_product29.cil.c,32,c/properties/termination.prp,False
2LS,c/product-lines/elevator_spec13_product29.cil.c,32,c/properties/unreach-call.prp,True
2LS,c/product-lines/email_spec27_product30.cil.c,32,c/properties/termination.prp,True
2LS,c/product-lines/email_spec27_product30.cil.c,32,c/properties/unreach-call.prp,False
2LS,c/product-lines/minepump_spec4_productSimulator.cil.c,32,c/properties/termination.prp,False
2LS,c/product-lines/minepump_spec4_productSimulator.cil.c,32,c/properties/unreach-call.prp,False
2LS,c/hardness-nfm22/hardness_fillercode_fillercodestructure_filler-pe-ci_file-51.i,32,c/properties/unreach-call.prp,True
2LS,c/eca-rers2012/Problem01_label32.c,32,c/properties/termination.prp,False
2LS,c/eca-rers2012/Problem01_label32.c,32,c/properties/unreach-call.prp,False
2LS,c/hardness-nfm22/hardness_loopvsstraightlinecode_25-while_file-10.i,32,c/properties/unreach-call.prp,True
2LS,c/combinations/gcd_3+newton_2_7.i,32,c/properties/unreach-call.prp,False
2LS,c/eca-rers2012/Problem01_label48.c,32,c/properties/termination.prp,False
2LS,c/eca-rers2012/Problem01_label48.c,32,c/properties/unreach-call.prp,True
2LS,c/nla-digbench-scaling/cohendiv-ll_valuebound5.c,32,c/properties/unreach-call.prp,True
2LS,c/nla-digbench-scaling/cohendiv-ll_valuebound5.c,32,c/properties/no-overflow.prp,True
2LS,c/hardness-nfm22/hardness_loopvsstraightlinecode_100-while_file-49.i,32,c/properties/unreach-call.prp,True
2LS,c/eca-rers2012/Problem01_label28.c,32,c/properties/termination.prp,False
2LS,c/eca-rers2012/Problem01_label28.c,32,c/properties/unreach-call.prp,True
2LS,c/nla-digbench-scaling/divbin_valuebound20.i,32,c/properties/unreach-call.prp,True
2LS,c/nla-digbench-scaling/divbin_valuebound20.i,32,c/properties/no-overflow.prp,True
2LS,c/nla-digbench-scaling/hard-ll_valuebound5.c,32,c/properties/unreach-call.prp,True
2LS,c/nla-digbench-scaling/hard-ll_valuebound5.c,32,c/properties/no-overflow.prp,True
2LS,c/eca-rers2012/Problem01_label47.c,32,c/properties/termination.prp,False
2LS,c/eca-rers2012/Problem01_label47.c,32,c/properties/unreach-call.prp,False
2LS,c/termination-restricted-15/c.01-no-inv.c,64,c/properties/no-overflow.prp,True
2LS,c/termination-restricted-15/c.01-no-inv.c,64,c/properties/termination.prp,True
2LS,c/eca-rers2012/Problem01_label40.c,32,c/properties/termination.prp,False
2LS,c/eca-rers2012/Problem01_label40.c,32,c/properties/unreach-call.prp,True
2LS,c/product-lines/elevator_spec13_product23.cil.c,32,c/properties/termination.prp,False
2LS,c/product-lines/elevator_spec13_product23.cil.c,32,c/properties/unreach-call.prp,True
2LS,c/hardness-nfm22/hardness_operatoramount_amount100_file-0.i,32,c/properties/unreach-call.prp,True
2LS,c/eca-rers2012/Problem01_label46.c,32,c/properties/termination.prp,False
2LS,c/eca-rers2012/Problem01_label46.c,32,c/properties/unreach-call.prp,True
2LS,c/hardness-nfm22/hardness_variablewrapping_wrapper-p_file-83.i,32,c/properties/unreach-call.prp,True
2LS,c/combinations/square_8+soft_float_3a.c.cil.c,32,c/properties/unreach-call.prp,True
2LS,c/eca-rers2012/Problem01_label02.c,32,c/properties/termination.prp,False
2LS,c/eca-rers2012/Problem01_label02.c,32,c/properties/unreach-call.prp,True
2LS,c/hardness-nfm22/hardness_codestructure_dependencies_file-73.i,32,c/properties/unreach-call.prp,True
2LS,c/hardness-nfm22/hardness_operatoramount_amount50_file-51.i,32,c/properties/unreach-call.prp,True
2LS,c/Juliet_Test/CWE190_Integer_Overflow__int_fscanf_square_21_good.i,64,c/properties/no-overflow.prp,True
2LS,c/floats-cdfpl/newton_2_8.i,32,c/properties/termination.prp,True
2LS,c/floats-cdfpl/newton_2_8.i,32,c/properties/unreach-call.prp,False
2LS,c/hardness-nfm22/hardness_loopvsstraightlinecode_50-1loop_file-51.i,32,c/properties/unreach-call.prp,True
2LS,c/forester-heap/dll-rb-sentinel-1.i,32,c/properties/unreach-call.prp,False
2LS,c/forester-heap/dll-rb-sentinel-1.i,32,c/properties/valid-memsafety.prp,False
2LS,c/hardness-nfm22/hardness_fillercode_fillercodestructure_filler-ps-co_file-73.i,32,c/properties/unreach-call.prp,True
2LS,c/product-lines/email_spec0_product36.cil.c,32,c/properties/termination.prp,True
2LS,c/product-lines/email_spec0_product36.cil.c,32,c/properties/unreach-call.prp,True
2LS,c/eca-rers2012/Problem01_label15.c,32,c/properties/termination.prp,False
2LS,c/eca-rers2012/Problem01_label15.c,32,c/properties/unreach-call.prp,False
2LS,c/nla-digbench-scaling/ps6-ll_unwindbound1.c,32,c/properties/unreach-call.prp,False
2LS,c/nla-digbench-scaling/ps6-ll_unwindbound1.c,32,c/properties/no-overflow.prp,True
2LS,c/product-lines/email_spec27_product31.cil.c,32,c/properties/termination.prp,True
2LS,c/product-lines/email_spec27_product31.cil.c,32,c/properties/unreach-call.prp,False
2LS,c/eca-rers2012/Problem01_label39.c,32,c/properties/termination.prp,False
2LS,c/eca-rers2012/Problem01_label39.c,32,c/properties/unreach-call.prp,True
2LS,c/eca-rers2012/Problem01_label17.c,32,c/properties/termination.prp,False
2LS,c/eca-rers2012/Problem01_label17.c,32,c/properties/unreach-call.prp,True
2LS,c/hardness-nfm22/hardness_fillercode_fillercodesize_normal_file-51.i,32,c/properties/unreach-call.prp,True
2LS,c/heap-manipulation/tree-4.i,32,c/properties/unreach-call.prp,False
2LS,c/heap-manipulation/tree-4.i,32,c/properties/valid-memcleanup.prp,False
2LS,c/nla-digbench-scaling/divbin_valuebound50.i,32,c/properties/unreach-call.prp,True
2LS,c/nla-digbench-scaling/divbin_valuebound50.i,32,c/properties/no-overflow.prp,True
2LS,c/hardness-nfm22/hardness_fillercode_fillercodesize_ps-cn-50_file-51.i,32,c/properties/unreach-call.prp,True
2LS,c/product-lines/email_spec0_product19.cil.c,32,c/properties/termination.prp,True
2LS,c/product-lines/email_spec0_product19.cil.c,32,c/properties/unreach-call.prp,True
2LS,c/product-lines/email_spec0_product37.cil.c,32,c/properties/termination.prp,True
2LS,c/product-lines/email_spec0_product37.cil.c,32,c/properties/unreach-call.prp,True
2LS,c/Juliet_Test/CWE190_Integer_Overflow__int_rand_square_11_good.i,64,c/properties/no-overflow.prp,True
2LS,c/hardness-nfm22/hardness_fillercode_fillercodestructure_filler-pr-co_file-51.i,32,c/properties/unreach-call.prp,True
2LS,c/hardness-nfm22/hardness_fillercode_fillercodesize_normal_file-73.i,32,c/properties/unreach-call.prp,True
2LS,c/hardware-verification-bv/btor2c-lazyMod.sw_loop_v.c,64,c/properties/unreach-call.prp,False
2LS,c/hardness-nfm22/hardness_operatoramount_amount100_file-34.i,32,c/properties/unreach-call.prp,True
2LS,c/hardness-nfm22/hardness_fillercode_fillercodesize_ps-cn-100_file-73.i,32,c/properties/unreach-call.prp,True
2LS,c/Juliet_Test/CWE190_Integer_Overflow__int_rand_square_31_good.i,64,c/properties/no-overflow.prp,True
2LS,c/hardness-nfm22/hardness_fillercode_fillercodestructure_filler-ps-cn_file-51.i,32,c/properties/unreach-call.prp,True
2LS,c/hardness-nfm22/hardness_fillercode_fillercodestructure_normal_file-73.i,32,c/properties/unreach-call.prp,True
2LS,c/eca-rers2012/Problem01_label38.c,32,c/properties/termination.prp,False
2LS,c/eca-rers2012/Problem01_label38.c,32,c/properties/unreach-call.prp,False
2LS,c/combinations/gcd_1+newton_2_6.i,32,c/properties/unreach-call.prp,False
2LS,c/eca-rers2012/Problem01_label16.c,32,c/properties/termination.prp,False
2LS,c/eca-rers2012/Problem01_label16.c,32,c/properties/unreach-call.prp,True
2LS,c/eca-rers2012/Problem01_label35.c,32,c/properties/termination.prp,False
2LS,c/eca-rers2012/Problem01_label35.c,32,c/properties/unreach-call.prp,False
2LS,c/eca-rers2012/Problem01_label24.c,32,c/properties/termination.prp,False
2LS,c/eca-rers2012/Problem01_label24.c,32,c/properties/unreach-call.prp,True
2LS,c/hardness-nfm22/hardness_fillercode_fillercodestructure_filler-ps-ci_file-73.i,32,c/properties/unreach-call.prp,True
2LS,c/hardness-nfm22/hardness_fillercode_fillercodesize_ps-cn-10_file-51.i,32,c/properties/unreach-call.prp,True
2LS,c/Juliet_Test/CWE190_Integer_Overflow__int_fscanf_square_12_good.i,64,c/properties/no-overflow.prp,True
2LS,c/hardness-nfm22/hardness_loopvsstraightlinecode_100-1loop_file-49.i,32,c/properties/unreach-call.prp,True
2LS,c/product-lines/email_spec7_product30.cil.c,32,c/properties/termination.prp,True
2LS,c/product-lines/email_spec7_product30.cil.c,32,c/properties/unreach-call.prp,False
2LS,c/hardness-nfm22/hardness_fillercode_fillercodestructure_filler-pe-co_file-73.i,32,c/properties/unreach-call.prp,True
2LS,c/eca-rers2012/Problem01_label34.c,32,c/properties/termination.prp,False
2LS,c/eca-rers2012/Problem01_label34.c,32,c/properties/unreach-call.prp,True
2LS,c/eca-rers2012/Problem01_label07.c,32,c/properties/termination.prp,False
2LS,c/eca-rers2012/Problem01_label07.c,32,c/properties/unreach-call.prp,True
2LS,c/termination-crafted/Singapore-2.c,64,c/properties/no-overflow.prp,True
2LS,c/termination-crafted/Singapore-2.c,64,c/properties/termination.prp,True
2LS,c/termination-crafted/Singapore-2.c,64,c/properties/valid-memsafety.prp,True
2LS,c/product-lines/elevator_spec13_product31.cil.c,32,c/properties/termination.prp,False
2LS,c/product-lines/elevator_spec13_product31.cil.c,32,c/properties/unreach-call.prp,True
2LS,c/hardness-nfm22/hardness_operatoramount_amount500_file-32.i,32,c/properties/unreach-call.prp,True
2LS,c/hardness-nfm22/hardness_loopvsstraightlinecode_100-while_file-79.i,32,c/properties/unreach-call.prp,True
2LS,c/product-lines/email_spec3_product13.cil.c,32,c/properties/termination.prp,True
2LS,c/product-lines/email_spec3_product13.cil.c,32,c/properties/unreach-call.prp,False
2LS,c/eca-rers2012/Problem01_label52.c,32,c/properties/termination.prp,False
2LS,c/eca-rers2012/Problem01_label52.c,32,c/properties/unreach-call.prp,True
2LS,c/Juliet_Test/CWE190_Integer_Overflow__int_rand_square_05_good.i,64,c/properties/no-overflow.prp,True
2LS,c/eca-rers2012/Problem01_label27.c,32,c/properties/termination.prp,False
2LS,c/eca-rers2012/Problem01_label27.c,32,c/properties/unreach-call.prp,True
2LS,c/array-cav19/array_init_nondet_vars.c,32,c/properties/no-overflow.prp,True
2LS,c/array-cav19/array_init_nondet_vars.c,32,c/properties/unreach-call.prp,True
2LS,c/hardness-nfm22/hardness_codestructure_steplocals_file-44.i,32,c/properties/unreach-call.prp,True
2LS,c/hardness-nfm22/hardness_fillercode_fillercodestructure_filler-ps-ci_file-51.i,32,c/properties/unreach-call.prp,True
2LS,c/eca-rers2012/Problem01_label29.c,32,c/properties/termination.prp,False
2LS,c/eca-rers2012/Problem01_label29.c,32,c/properties/unreach-call.prp,True
2LS,c/xcsp/aim-200-3-4-sat-3.c,32,c/properties/unreach-call.prp,False
2LS,c/eca-rers2012/Problem01_label51.c,32,c/properties/termination.prp,False
2LS,c/eca-rers2012/Problem01_label51.c,32,c/properties/unreach-call.prp,True
2LS,c/Juliet_Test/CWE190_Integer_Overflow__int_rand_square_22_good.i,64,c/properties/no-overflow.prp,True
2LS,c/Juliet_Test/CWE190_Integer_Overflow__int_rand_square_04_good.i,64,c/properties/no-overflow.prp,True
2LS,c/eca-rers2012/Problem01_label50.c,32,c/properties/termination.prp,False
2LS,c/eca-rers2012/Problem01_label50.c,32,c/properties/unreach-call.prp,False
2LS,c/eca-rers2012/Problem01_label10.c,32,c/properties/termination.prp,False
2LS,c/eca-rers2012/Problem01_label10.c,32,c/properties/unreach-call.prp,True
2LS,c/eca-rers2012/Problem01_label42.c,32,c/properties/termination.prp,False
2LS,c/eca-rers2012/Problem01_label42.c,32,c/properties/unreach-call.prp,True
2LS,c/product-lines/email_spec0_product16.cil.c,32,c/properties/termination.prp,True
2LS,c/product-lines/email_spec0_product16.cil.c,32,c/properties/unreach-call.prp,False
2LS,c/eca-rers2012/Problem01_label14.c,32,c/properties/termination.prp,False
2LS,c/eca-rers2012/Problem01_label14.c,32,c/properties/unreach-call.prp,True
2LS,c/product-lines/email_spec6_product15.cil.c,32,c/properties/termination.prp,True
2LS,c/product-lines/email_spec6_product15.cil.c,32,c/properties/unreach-call.prp,False
2LS,c/hardness-nfm22/hardness_loopvsstraightlinecode_100-while_file-34.i,32,c/properties/unreach-call.prp,True
2LS,c/hardness-nfm22/hardness_loopvsstraightlinecode_100-1loop_file-8.i,32,c/properties/unreach-call.prp,True
2LS,c/hardware-verification-bv/btor2c-lazyMod.pipeline.c,64,c/properties/unreach-call.prp,True
2LS,c/hardness-nfm22/hardness_fillercode_fillercodesize_ps-cn-25_file-73.i,32,c/properties/unreach-call.prp,True
2LS,c/product-lines/email_spec4_product28.cil.c,32,c/properties/termination.prp,True
2LS,c/product-lines/email_spec4_product28.cil.c,32,c/properties/unreach-call.prp,True
2LS,c/eca-rers2012/Problem01_label43.c,32,c/properties/termination.prp,False
2LS,c/eca-rers2012/Problem01_label43.c,32,c/properties/unreach-call.prp,True
2LS,c/eca-rers2012/Problem01_label19.c,32,c/properties/termination.prp,False
2LS,c/eca-rers2012/Problem01_label19.c,32,c/properties/unreach-call.prp,True
2LS,c/product-lines/email_spec7_product24.cil.c,32,c/properties/termination.prp,True
2LS,c/product-lines/email_spec7_product24.cil.c,32,c/properties/unreach-call.prp,True
2LS,c/nla-digbench-scaling/prod4br-ll_valuebound2.c,32,c/properties/unreach-call.prp,True
2LS,c/nla-digbench-scaling/prod4br-ll_valuebound2.c,32,c/properties/no-overflow.prp,True
2LS,c/product-lines/minepump_spec2_product43.cil.c,32,c/properties/termination.prp,False
2LS,c/product-lines/minepump_spec2_product43.cil.c,32,c/properties/unreach-call.prp,False
2LS,c/hardness-nfm22/hardness_fillercode_fillercodestructure_filler-pe-cn_file-51.i,32,c/properties/unreach-call.prp,True
2LS,c/product-lines/email_spec11_product18.cil.c,32,c/properties/termination.prp,True
2LS,c/product-lines/email_spec11_product18.cil.c,32,c/properties/unreach-call.prp,True
2LS,c/product-lines/email_spec8_product15.cil.c,32,c/properties/termination.prp,True
2LS,c/product-lines/email_spec8_product15.cil.c,32,c/properties/unreach-call.prp,False
2LS,c/eca-rers2012/Problem01_label30.c,32,c/properties/termination.prp,False
2LS,c/eca-rers2012/Problem01_label30.c,32,c/properties/unreach-call.prp,True
2LS,c/eca-rers2012/Problem01_label01.c,32,c/properties/termination.prp,False
2LS,c/eca-rers2012/Problem01_label01.c,32,c/properties/unreach-call.prp,True
2LS,c/combinations/gcd_4+newton_2_1.i,32,c/properties/unreach-call.prp,True
2LS,c/product-lines/email_spec9_product16.cil.c,32,c/properties/termination.prp,True
2LS,c/product-lines/email_spec9_product16.cil.c,32,c/properties/unreach-call.prp,False
2LS,c/eca-rers2012/Problem01_label06.c,32,c/properties/termination.prp,False
2LS,c/eca-rers2012/Problem01_label06.c,32,c/properties/unreach-call.prp,True
2LS,c/product-lines/elevator_spec2_product09.cil.c,32,c/properties/termination.prp,True
2LS,c/product-lines/elevator_spec2_product09.cil.c,32,c/properties/unreach-call.prp,True
2LS,c/hardness-nfm22/hardness_fillercode_fillercodestructure_filler-ps-co_file-51.i,32,c/properties/unreach-call.prp,True
2LS,c/hardness-nfm22/hardness_fillercode_fillercodestructure_filler-pr-co_file-73.i,32,c/properties/unreach-call.prp,True
2LS,c/product-lines/email_spec1_product12.cil.c,32,c/properties/termination.prp,True
2LS,c/product-lines/email_spec1_product12.cil.c,32,c/properties/unreach-call.prp,True
2LS,c/eca-rers2012/Problem01_label08.c,32,c/properties/termination.prp,False
2LS,c/eca-rers2012/Problem01_label08.c,32,c/properties/unreach-call.prp,True
2LS,c/combinations/gcd_3+newton_2_2.i,32,c/properties/unreach-call.prp,True
2LS,c/hardness-nfm22/hardness_variablewrapping_wrapper-sp_file-83.i,32,c/properties/unreach-call.prp,True
2LS,c/eca-rers2012/Problem01_label54.c,32,c/properties/termination.prp,False
2LS,c/eca-rers2012/Problem01_label54.c,32,c/properties/unreach-call.prp,True
2LS,c/eca-rers2012/Problem01_label18.c,32,c/properties/termination.prp,False
2LS,c/eca-rers2012/Problem01_label18.c,32,c/properties/unreach-call.prp,True
2LS,c/eca-rers2012/Problem01_label23.c,32,c/properties/termination.prp,False
2LS,c/eca-rers2012/Problem01_label23.c,32,c/properties/unreach-call.prp,True
2LS,c/combinations/gcd_1+newton_2_2.i,32,c/properties/unreach-call.prp,True
2LS,c/hardware-verification-bv/btor2c-lazyMod.sw_loop.c,64,c/properties/unreach-call.prp,True
2LS,c/eca-rers2012/Problem01_label49.c,32,c/properties/termination.prp,False
2LS,c/eca-rers2012/Problem01_label49.c,32,c/properties/unreach-call.prp,True
2LS,c/product-lines/email_spec3_product18.cil.c,32,c/properties/termination.prp,True
2LS,c/product-lines/email_spec3_product18.cil.c,32,c/properties/unreach-call.prp,False
2LS,c/floats-cbmc-regression/float4.i,32,c/properties/unreach-call.prp,True
2LS,c/array-examples/standard_minInArray_ground-2.i,32,c/properties/no-overflow.prp,True
2LS,c/array-examples/standard_minInArray_ground-2.i,32,c/properties/unreach-call.prp,True
2LS,c/product-lines/email_spec3_product24.cil.c,32,c/properties/termination.prp,True
2LS,c/product-lines/email_spec3_product24.cil.c,32,c/properties/unreach-call.prp,False
2LS,c/product-lines/email_spec27_product28.cil.c,32,c/properties/termination.prp,True
2LS,c/product-lines/email_spec27_product28.cil.c,32,c/properties/unreach-call.prp,True
2LS,c/hardness-nfm22/hardness_fillercode_fillercodestructure_filler-pr-ci_file-51.i,32,c/properties/unreach-call.prp,True
2LS,c/hardness-nfm22/hardness_operatoramount_amount100_file-49.i,32,c/properties/unreach-call.prp,True
2LS,c/product-lines/email_spec11_product22.cil.c,32,c/properties/termination.prp,True
2LS,c/product-lines/email_spec11_product22.cil.c,32,c/properties/unreach-call.prp,False
2LS,c/hardness-nfm22/hardness_codestructure_steplocals_file-73.i,32,c/properties/unreach-call.prp,True
2LS,c/eca-rers2012/Problem01_label41.c,32,c/properties/termination.prp,False
2LS,c/eca-rers2012/Problem01_label41.c,32,c/properties/unreach-call.prp,True
2LS,c/hardness-nfm22/hardness_fillercode_fillercodestructure_filler-pe-ci_file-73.i,32,c/properties/unreach-call.prp,True
2LS,c/array-tiling/nr3.c,32,c/properties/no-overflow.prp,True
2LS,c/array-tiling/nr3.c,32,c/properties/unreach-call.prp,True
2LS,c/eca-rers2012/Problem01_label59.c,32,c/properties/termination.prp,False
2LS,c/eca-rers2012/Problem01_label59.c,32,c/properties/unreach-call.prp,True
2LS,c/eca-rers2012/Problem01_label37.c,32,c/properties/termination.prp,False
2LS,c/eca-rers2012/Problem01_label37.c,32,c/properties/unreach-call.prp,False
2LS,c/nla-digbench-scaling/cohendiv-ll_unwindbound2.c,32,c/properties/unreach-call.prp,True
2LS,c/nla-digbench-scaling/cohendiv-ll_unwindbound2.c,32,c/properties/no-overflow.prp,True
2LS,c/hardness-nfm22/hardness_loopvsstraightlinecode_50-while_file-73.i,32,c/properties/unreach-call.prp,True
2LS,c/eca-rers2012/Problem01_label25.c,32,c/properties/termination.prp,False
2LS,c/eca-rers2012/Problem01_label25.c,32,c/properties/unreach-call.prp,True
2LS,c/eca-rers2012/Problem01_label22.c,32,c/properties/termination.prp,False
2LS,c/eca-rers2012/Problem01_label22.c,32,c/properties/unreach-call.prp,True
2LS,c/hardness-nfm22/hardness_operatoramount_amount250_file-74.i,32,c/properties/unreach-call.prp,True
2LS,c/Juliet_Test/CWE190_Integer_Overflow__int_rand_square_14_good.i,64,c/properties/no-overflow.prp,True
2LS,c/eca-rers2012/Problem01_label11.c,32,c/properties/termination.prp,False
2LS,c/eca-rers2012/Problem01_label11.c,32,c/properties/unreach-call.prp,True
2LS,c/hardness-nfm22/hardness_fillercode_fillercodestructure_filler-pe-cn_file-73.i,32,c/properties/unreach-call.prp,True
2LS,c/product-lines/elevator_spec1_product09.cil.c,32,c/properties/termination.prp,True
2LS,c/product-lines/elevator_spec1_product09.cil.c,32,c/properties/unreach-call.prp,True
2LS,c/hardness-nfm22/hardness_codestructure_normal_file-73.i,32,c/properties/unreach-call.prp,True
2LS,c/hardness-nfm22/hardness_operatoramount_amount500_file-53.i,32,c/properties/unreach-call.prp,True
2LS,c/eca-rers2012/Problem01_label20.c,32,c/properties/termination.prp,False
2LS,c/eca-rers2012/Problem01_label20.c,32,c/properties/unreach-call.prp,False
2LS,c/eca-rers2012/Problem01_label09.c,32,c/properties/termination.prp,False
2LS,c/eca-rers2012/Problem01_label09.c,32,c/properties/unreach-call.prp,True
2LS,c/combinations/square_7+soft_float_3a.c.cil.c,32,c/properties/unreach-call.prp,True
2LS,c/product-lines/email_spec27_product18.cil.c,32,c/properties/termination.prp,True
2LS,c/product-lines/email_spec27_product18.cil.c,32,c/properties/unreach-call.prp,False
2LS,c/Juliet_Test/CWE190_Integer_Overflow__int_rand_square_09_good.i,64,c/properties/no-overflow.prp,True
2LS,c/product-lines/email_spec4_product33.cil.c,32,c/properties/termination.prp,True
2LS,c/product-lines/email_spec4_product33.cil.c,32,c/properties/unreach-call.prp,False
2LS,c/nla-digbench-scaling/hard-u_unwindbound2.c,32,c/properties/unreach-call.prp,False
2LS,c/nla-digbench-scaling/hard-u_unwindbound2.c,32,c/properties/no-overflow.prp,True
2LS,c/product-lines/email_spec27_product24.cil.c,32,c/properties/termination.prp,True
2LS,c/product-lines/email_spec27_product24.cil.c,32,c/properties/unreach-call.prp,False
2LS,c/combinations/gcd_3+newton_2_1.i,32,c/properties/unreach-call.prp,True
2LS,c/product-lines/elevator_spec2_product17.cil.c,32,c/properties/termination.prp,True
2LS,c/product-lines/elevator_spec2_product17.cil.c,32,c/properties/unreach-call.prp,True
2LS,c/combinations/gcd_2+newton_2_6.i,32,c/properties/unreach-call.prp,False
2LS,c/ldv-regression/stateful_check.c,32,c/properties/no-overflow.prp,True
2LS,c/ldv-regression/stateful_check.c,32,c/properties/termination.prp,False
2LS,c/ldv-regression/stateful_check.c,32,c/properties/unreach-call.prp,False
2LS,c/product-lines/email_spec6_product22.cil.c,32,c/properties/termination.prp,True
2LS,c/product-lines/email_spec6_product22.cil.c,32,c/properties/unreach-call.prp,False
2LS,c/product-lines/elevator_spec9_product25.cil.c,32,c/properties/termination.prp,True
2LS,c/product-lines/elevator_spec9_product25.cil.c,32,c/properties/unreach-call.prp,True
2LS,c/xcsp/aim-200-6-0-sat-3.c,32,c/properties/unreach-call.prp,False
2LS,c/product-lines/email_spec27_product13.cil.c,32,c/properties/termination.prp,True
2LS,c/product-lines/email_spec27_product13.cil.c,32,c/properties/unreach-call.prp,True
2LS,c/product-lines/email_spec7_product13.cil.c,32,c/properties/termination.prp,True
2LS,c/product-lines/email_spec7_product13.cil.c,32,c/properties/unreach-call.prp,True
2LS,c/Juliet_Test/CWE190_Integer_Overflow__int_rand_square_13_good.i,64,c/properties/no-overflow.prp,True
2LS,c/hardness-nfm22/hardness_fillercode_fillercodestructure_filler-pe-co_file-51.i,32,c/properties/unreach-call.prp,True
2LS,c/eca-rers2012/Problem01_label56.c,32,c/properties/termination.prp,False
2LS,c/eca-rers2012/Problem01_label56.c,32,c/properties/unreach-call.prp,False
2LS,c/nla-digbench-scaling/egcd2-ll_unwindbound1.c,32,c/properties/unreach-call.prp,False
2LS,c/nla-digbench-scaling/egcd2-ll_unwindbound1.c,32,c/properties/no-overflow.prp,True
2LS,c/hardness-nfm22/hardness_operatoramount_amount100_file-79.i,32,c/properties/unreach-call.prp,True
2LS,c/Juliet_Test/CWE190_Integer_Overflow__int_fscanf_square_22_good.i,64,c/properties/no-overflow.prp,True
2LS,c/eca-rers2012/Problem01_label21.c,32,c/properties/termination.prp,False
2LS,c/eca-rers2012/Problem01_label21.c,32,c/properties/unreach-call.prp,False
2LS,c/product-lines/elevator_spec2_product03.cil.c,32,c/properties/termination.prp,True
2LS,c/product-lines/elevator_spec2_product03.cil.c,32,c/properties/unreach-call.prp,True
2LS,c/nla-digbench-scaling/hard-ll_valuebound10.c,32,c/properties/unreach-call.prp,True
2LS,c/nla-digbench-scaling/hard-ll_valuebound10.c,32,c/properties/no-overflow.prp,True
2LS,c/hardness-nfm22/hardness_operatoramount_amount500_file-7.i,32,c/properties/unreach-call.prp,True
2LS,c/nla-digbench-scaling/prodbin-ll_valuebound20.c,32,c/properties/unreach-call.prp,True
2LS,c/nla-digbench-scaling/prodbin-ll_valuebound20.c,32,c/properties/no-overflow.prp,True
2LS,c/list-ext3-properties/sll_nondet_insert-1.i,32,c/properties/unreach-call.prp,False
2LS,c/list-ext3-properties/sll_nondet_insert-1.i,32,c/properties/valid-memcleanup.prp,False
2LS,c/hardness-nfm22/hardness_fillercode_fillercodesize_ps-cn-250_file-8.i,32,c/properties/unreach-call.prp,True
2LS,c/product-lines/elevator_spec9_product09.cil.c,32,c/properties/termination.prp,True
2LS,c/product-lines/elevator_spec9_product09.cil.c,32,c/properties/unreach-call.prp,True
2LS,c/hardness-nfm22/hardness_loopvsstraightlinecode_100-1loop_file-79.i,32,c/properties/unreach-call.prp,True
2LS,c/product-lines/email_spec11_product24.cil.c,32,c/properties/termination.prp,True
2LS,c/product-lines/email_spec11_product24.cil.c,32,c/properties/unreach-call.prp,True
2LS,c/hardness-nfm22/hardness_operatoramount_amount250_file-53.i,32,c/properties/unreach-call.prp,True
2LS,c/eca-rers2012/Problem01_label53.c,32,c/properties/termination.prp,False
2LS,c/eca-rers2012/Problem01_label53.c,32,c/properties/unreach-call.prp,True
2LS,c/hardness-nfm22/hardness_fillercode_fillercodestructure_filler-ps-cn_file-73.i,32,c/properties/unreach-call.prp,True
2LS,c/product-lines/elevator_spec9_product27.cil.c,32,c/properties/termination.prp,True
2LS,c/product-lines/elevator_spec9_product27.cil.c,32,c/properties/unreach-call.prp,True
2LS,c/nla-digbench-scaling/egcd2-ll_valuebound1.c,32,c/properties/unreach-call.prp,True
2LS,c/nla-digbench-scaling/egcd2-ll_valuebound1.c,32,c/properties/no-overflow.prp,True
2LS,c/product-lines/email_spec6_product31.cil.c,32,c/properties/termination.prp,True
2LS,c/product-lines/email_spec6_product31.cil.c,32,c/properties/unreach-call.prp,False
2LS,c/product-lines/email_spec3_product19.cil.c,32,c/properties/termination.prp,True
2LS,c/product-lines/email_spec3_product19.cil.c,32,c/properties/unreach-call.prp,False
2LS,c/floats-cdfpl/newton_2_4.i,32,c/properties/termination.prp,True
2LS,c/floats-cdfpl/newton_2_4.i,32,c/properties/unreach-call.prp,True
2LS,c/product-lines/email_spec9_product22.cil.c,32,c/properties/termination.prp,True
2LS,c/product-lines/email_spec9_product22.cil.c,32,c/properties/unreach-call.prp,False
2LS,c/hardness-nfm22/hardness_operatoramount_amount250_file-97.i,32,c/properties/unreach-call.prp,True
2LS,c/combinations/gcd_1+newton_2_4.i,32,c/properties/unreach-call.prp,True
2LS,c/array-examples/standard_copy1_ground-1.i,32,c/properties/no-overflow.prp,True
2LS,c/array-examples/standard_copy1_ground-1.i,32,c/properties/unreach-call.prp,True
2LS,c/hardness-nfm22/hardness_variablewrapping_wrapper-sp_file-15.i,32,c/properties/unreach-call.prp,True
2LS,c/hardness-nfm22/hardness_operatoramount_amount250_file-24.i,32,c/properties/unreach-call.prp,True
2LS,c/nla-digbench-scaling/cohencu-ll_valuebound1.c,32,c/properties/unreach-call.prp,True
2LS,c/nla-digbench-scaling/cohencu-ll_valuebound1.c,32,c/properties/no-overflow.prp,True
2LS,c/Juliet_Test/CWE190_Integer_Overflow__int_rand_square_15_good.i,64,c/properties/no-overflow.prp,True
2LS,c/hardness-nfm22/hardness_variablewrapping_wrapper-a_file-83.i,32,c/properties/unreach-call.prp,True
2LS,c/nla-digbench-scaling/mannadiv_unwindbound20.c,32,c/properties/unreach-call.prp,False
2LS,c/nla-digbench-scaling/mannadiv_unwindbound20.c,32,c/properties/no-overflow.prp,True
2LS,c/Juliet_Test/CWE190_Integer_Overflow__int_fscanf_square_10_good.i,64,c/properties/no-overflow.prp,True
2LS,c/product-lines/email_spec1_product31.cil.c,32,c/properties/termination.prp,True
2LS,c/product-lines/email_spec1_product31.cil.c,32,c/properties/unreach-call.prp,False
2LS,c/product-lines/email_spec6_product28.cil.c,32,c/properties/termination.prp,True
2LS,c/product-lines/email_spec6_product28.cil.c,32,c/properties/unreach-call.prp,False
2LS,c/product-lines/elevator_spec2_product11.cil.c,32,c/properties/termination.prp,True
2LS,c/product-lines/elevator_spec2_product11.cil.c,32,c/properties/unreach-call.prp,True
2LS,c/product-lines/email_spec7_product31.cil.c,32,c/properties/termination.prp,True
2LS,c/product-lines/email_spec7_product31.cil.c,32,c/properties/unreach-call.prp,False
2LS,c/product-lines/email_spec1_product16.cil.c,32,c/properties/termination.prp,True
2LS,c/product-lines/email_spec1_product16.cil.c,32,c/properties/unreach-call.prp,False
2LS,c/product-lines/elevator_spec14_product03.cil.c,32,c/properties/termination.prp,True
2LS,c/product-lines/elevator_spec14_product03.cil.c,32,c/properties/unreach-call.prp,True
2LS,c/product-lines/email_spec0_product24.cil.c,32,c/properties/termination.prp,True
2LS,c/product-lines/email_spec0_product24.cil.c,32,c/properties/unreach-call.prp,True
2LS,c/hardness-nfm22/hardness_fillercode_fillercodesize_ps-cn-500_file-51.i,32,c/properties/unreach-call.prp,True
2LS,c/Juliet_Test/CWE190_Integer_Overflow__int_rand_square_07_good.i,64,c/properties/no-overflow.prp,True
2LS,c/product-lines/elevator_spec9_product11.cil.c,32,c/properties/termination.prp,True
2LS,c/product-lines/elevator_spec9_product11.cil.c,32,c/properties/unreach-call.prp,True
2LS,c/product-lines/email_spec11_product37.cil.c,32,c/properties/termination.prp,True
2LS,c/product-lines/email_spec11_product37.cil.c,32,c/properties/unreach-call.prp,True
2LS,c/nla-digbench-scaling/egcd3-ll_unwindbound2.c,32,c/properties/unreach-call.prp,False
2LS,c/nla-digbench-scaling/egcd3-ll_unwindbound2.c,32,c/properties/no-overflow.prp,True
2LS,c/hardness-nfm22/hardness_codestructure_steplocals_file-54.i,32,c/properties/unreach-call.prp,True
2LS,c/Juliet_Test/CWE190_Integer_Overflow__int_fscanf_square_07_good.i,64,c/properties/no-overflow.prp,True
2LS,c/product-lines/email_spec6_product30.cil.c,32,c/properties/termination.prp,True
2LS,c/product-lines/email_spec6_product30.cil.c,32,c/properties/unreach-call.prp,False
2LS,c/product-lines/elevator_spec1_product01.cil.c,32,c/properties/termination.prp,True
2LS,c/product-lines/elevator_spec1_product01.cil.c,32,c/properties/unreach-call.prp,True
2LS,c/product-lines/email_spec0_product22.cil.c,32,c/properties/termination.prp,True
2LS,c/product-lines/email_spec0_product22.cil.c,32,c/properties/unreach-call.prp,False
2LS,c/nla-digbench-scaling/egcd-ll_unwindbound1.c,32,c/properties/unreach-call.prp,False
2LS,c/nla-digbench-scaling/egcd-ll_unwindbound1.c,32,c/properties/no-overflow.prp,True
2LS,c/product-lines/email_spec4_product31.cil.c,32,c/properties/termination.prp,True
2LS,c/product-lines/email_spec4_product31.cil.c,32,c/properties/unreach-call.prp,False
2LS,c/product-lines/elevator_spec2_product01.cil.c,32,c/properties/termination.prp,True
2LS,c/product-lines/elevator_spec2_product01.cil.c,32,c/properties/unreach-call.prp,True
2LS,c/hardness-nfm22/hardness_fillercode_fillercodestructure_filler-pr-ci_file-73.i,32,c/properties/unreach-call.prp,True
2LS,c/combinations/gcd_3+newton_2_3.i,32,c/properties/unreach-call.prp,True
2LS,c/hardness-nfm22/hardness_fillercode_fillercodesize_ps-cn-250_file-51.i,32,c/properties/unreach-call.prp,True
2LS,c/nla-digbench-scaling/divbin_valuebound100.i,32,c/properties/unreach-call.prp,True
2LS,c/nla-digbench-scaling/divbin_valuebound100.i,32,c/properties/no-overflow.prp,True
2LS,c/product-lines/email_spec1_product15.cil.c,32,c/properties/termination.prp,True
2LS,c/product-lines/email_spec1_product15.cil.c,32,c/properties/unreach-call.prp,False
2LS,c/hardness-nfm22/hardness_loopvsstraightlinecode_100-while_file-8.i,32,c/properties/unreach-call.prp,True
2LS,c/product-lines/email_spec8_product33.cil.c,32,c/properties/termination.prp,True
2LS,c/product-lines/email_spec8_product33.cil.c,32,c/properties/unreach-call.prp,False
2LS,c/product-lines/elevator_spec2_product19.cil.c,32,c/properties/termination.prp,True
2LS,c/product-lines/elevator_spec2_product19.cil.c,32,c/properties/unreach-call.prp,True
2LS,c/hardness-nfm22/hardness_operatoramount_amount250_file-20.i,32,c/properties/unreach-call.prp,True
2LS,c/array-tiling/nr4.c,32,c/properties/no-overflow.prp,True
2LS,c/array-tiling/nr4.c,32,c/properties/unreach-call.prp,True
2LS,c/combinations/square_5+soft_float_2a.c.cil.c,32,c/properties/unreach-call.prp,True
2LS,c/floats-cdfpl/newton_2_3.i,32,c/properties/termination.prp,True
2LS,c/floats-cdfpl/newton_2_3.i,32,c/properties/unreach-call.prp,True
2LS,c/array-tiling/nr5.c,32,c/properties/no-overflow.prp,True
2LS,c/array-tiling/nr5.c,32,c/properties/unreach-call.prp,True
2LS,c/product-lines/email_spec1_product33.cil.c,32,c/properties/termination.prp,True
2LS,c/product-lines/email_spec1_product33.cil.c,32,c/properties/unreach-call.prp,False
2LS,c/product-lines/email_spec7_product28.cil.c,32,c/properties/termination.prp,True
2LS,c/product-lines/email_spec7_product28.cil.c,32,c/properties/unreach-call.prp,False
2LS,c/array-industry-pattern/array_ptr_partial_init.i,32,c/properties/no-overflow.prp,True
2LS,c/array-industry-pattern/array_ptr_partial_init.i,32,c/properties/unreach-call.prp,True
2LS,c/Juliet_Test/CWE190_Integer_Overflow__int_fscanf_square_04_good.i,64,c/properties/no-overflow.prp,True
2LS,c/product-lines/email_spec11_product33.cil.c,32,c/properties/termination.prp,True
2LS,c/product-lines/email_spec11_product33.cil.c,32,c/properties/unreach-call.prp,False
2LS,c/hardness-nfm22/hardness_fillercode_fillercodesize_ps-cn-500_file-57.i,32,c/properties/unreach-call.prp,True
2LS,c/hardness-nfm22/hardness_fillercode_fillercodestructure_filler-pr-cn_file-73.i,32,c/properties/unreach-call.prp,True
2LS,c/product-lines/elevator_spec1_product17.cil.c,32,c/properties/termination.prp,True
2LS,c/product-lines/elevator_spec1_product17.cil.c,32,c/properties/unreach-call.prp,True
2LS,c/product-lines/email_spec4_product13.cil.c,32,c/properties/termination.prp,True
2LS,c/product-lines/email_spec4_product13.cil.c,32,c/properties/unreach-call.prp,True
2LS,c/hardness-nfm22/hardness_operatoramount_amount500_file-88.i,32,c/properties/unreach-call.prp,True
2LS,c/product-lines/elevator_spec14_product11.cil.c,32,c/properties/termination.prp,True
2LS,c/product-lines/elevator_spec14_product11.cil.c,32,c/properties/unreach-call.prp,True
2LS,c/product-lines/email_spec1_product28.cil.c,32,c/properties/termination.prp,True
2LS,c/product-lines/email_spec1_product28.cil.c,32,c/properties/unreach-call.prp,True
2LS,c/hardness-nfm22/hardness_loopvsstraightlinecode_100-1loop_file-25.i,32,c/properties/unreach-call.prp,True
2LS,c/hardness-nfm22/hardness_codestructure_steplocals_file-2.i,32,c/properties/unreach-call.prp,True
2LS,c/product-lines/elevator_spec2_product25.cil.c,32,c/properties/termination.prp,True
2LS,c/product-lines/elevator_spec2_product25.cil.c,32,c/properties/unreach-call.prp,True
2LS,c/product-lines/elevator_spec1_product03.cil.c,32,c/properties/termination.prp,True
2LS,c/product-lines/elevator_spec1_product03.cil.c,32,c/properties/unreach-call.prp,True
2LS,c/Juliet_Test/CWE190_Integer_Overflow__int_rand_square_06_good.i,64,c/properties/no-overflow.prp,True
2LS,c/combinations/gcd_2+newton_2_1.i,32,c/properties/unreach-call.prp,True
2LS,c/product-lines/email_spec9_product30.cil.c,32,c/properties/termination.prp,True
2LS,c/product-lines/email_spec9_product30.cil.c,32,c/properties/unreach-call.prp,False
2LS,c/hardness-nfm22/hardness_loopvsstraightlinecode_100-while_file-12.i,32,c/properties/unreach-call.prp,True
2LS,c/array-examples/standard_maxInArray_ground.i,32,c/properties/no-overflow.prp,True
2LS,c/array-examples/standard_maxInArray_ground.i,32,c/properties/unreach-call.prp,True
2LS,c/product-lines/elevator_spec1_product11.cil.c,32,c/properties/termination.prp,True
2LS,c/product-lines/elevator_spec1_product11.cil.c,32,c/properties/unreach-call.prp,True
2LS,c/product-lines/elevator_spec1_product25.cil.c,32,c/properties/termination.prp,True
2LS,c/product-lines/elevator_spec1_product25.cil.c,32,c/properties/unreach-call.prp,True
2LS,c/product-lines/email_spec4_product24.cil.c,32,c/properties/termination.prp,True
2LS,c/product-lines/email_spec4_product24.cil.c,32,c/properties/unreach-call.prp,False
2LS,c/Juliet_Test/CWE190_Integer_Overflow__int_fscanf_square_08_good.i,64,c/properties/no-overflow.prp,True
2LS,c/product-lines/elevator_spec2_product27.cil.c,32,c/properties/termination.prp,True
2LS,c/product-lines/elevator_spec2_product27.cil.c,32,c/properties/unreach-call.prp,True
2LS,c/Juliet_Test/CWE190_Integer_Overflow__int_fscanf_square_11_good.i,64,c/properties/no-overflow.prp,True
2LS,c/combinations/gcd_2+newton_2_2.i,32,c/properties/unreach-call.prp,True
2LS,c/hardness-nfm22/hardness_operatoramount_amount100_file-12.i,32,c/properties/unreach-call.prp,True
2LS,c/product-lines/email_spec27_product19.cil.c,32,c/properties/termination.prp,True
2LS,c/product-lines/email_spec27_product19.cil.c,32,c/properties/unreach-call.prp,False
2LS,c/product-lines/email_spec11_product08.cil.c,32,c/properties/termination.prp,True
2LS,c/product-lines/email_spec11_product08.cil.c,32,c/properties/unreach-call.prp,True
2LS,c/hardness-nfm22/hardness_loopvsstraightlinecode_100-1loop_file-91.i,32,c/properties/unreach-call.prp,True
2LS,c/nla-digbench-scaling/ps2-ll_unwindbound5.c,32,c/properties/unreach-call.prp,True
2LS,c/nla-digbench-scaling/ps2-ll_unwindbound5.c,32,c/properties/no-overflow.prp,True
2LS,c/Juliet_Test/CWE190_Integer_Overflow__int_rand_square_03_good.i,64,c/properties/no-overflow.prp,True
2LS,c/combinations/gcd_2+newton_3_8.i,32,c/properties/unreach-call.prp,False
2LS,c/hardness-nfm22/hardness_operatoramount_amount500_file-12.i,32,c/properties/unreach-call.prp,True
2LS,c/Juliet_Test/CWE190_Integer_Overflow__int_fscanf_square_02_good.i,64,c/properties/no-overflow.prp,True
2LS,c/combinations/gcd_1+newton_2_3.i,32,c/properties/unreach-call.prp,True
2LS,c/Juliet_Test/CWE190_Integer_Overflow__int_fscanf_square_09_good.i,64,c/properties/no-overflow.prp,True
2LS,c/product-lines/email_spec6_product33.cil.c,32,c/properties/termination.prp,True
2LS,c/product-lines/email_spec6_product33.cil.c,32,c/properties/unreach-call.prp,False
2LS,c/product-lines/email_spec4_product17.cil.c,32,c/properties/termination.prp,True
2LS,c/product-lines/email_spec4_product17.cil.c,32,c/properties/unreach-call.prp,True
2LS,c/product-lines/email_spec0_product11.cil.c,32,c/properties/termination.prp,True
2LS,c/product-lines/email_spec0_product11.cil.c,32,c/properties/unreach-call.prp,True
2LS,c/termination-crafted/NonTermination3-1.c,64,c/properties/no-overflow.prp,True
2LS,c/termination-crafted/NonTermination3-1.c,64,c/properties/termination.prp,False
2LS,c/termination-crafted/NonTermination3-1.c,64,c/properties/valid-memsafety.prp,False
2LS,c/hardness-nfm22/hardness_fillercode_fillercodesize_ps-cn-500_file-8.i,32,c/properties/unreach-call.prp,True
2LS,c/product-lines/email_spec3_product33.cil.c,32,c/properties/termination.prp,True
2LS,c/product-lines/email_spec3_product33.cil.c,32,c/properties/unreach-call.prp,False
2LS,c/Juliet_Test/CWE190_Integer_Overflow__int_fscanf_square_13_good.i,64,c/properties/no-overflow.prp,True
2LS,c/product-lines/email_spec9_product12.cil.c,32,c/properties/termination.prp,True
2LS,c/product-lines/email_spec9_product12.cil.c,32,c/properties/unreach-call.prp,True
2LS,c/product-lines/elevator_spec9_product31.cil.c,32,c/properties/termination.prp,True
2LS,c/product-lines/elevator_spec9_product31.cil.c,32,c/properties/unreach-call.prp,True
2LS,c/product-lines/elevator_spec1_product21.cil.c,32,c/properties/termination.prp,True
2LS,c/product-lines/elevator_spec1_product21.cil.c,32,c/properties/unreach-call.prp,True
2LS,c/nla-digbench-scaling/dijkstra-u_valuebound100.c,32,c/properties/unreach-call.prp,True
2LS,c/nla-digbench-scaling/dijkstra-u_valuebound100.c,32,c/properties/no-overflow.prp,True
2LS,c/array-examples/standard_init3_ground-2.i,32,c/properties/no-overflow.prp,True
2LS,c/array-examples/standard_init3_ground-2.i,32,c/properties/unreach-call.prp,True
2LS,c/hardness-nfm22/hardness_codestructure_normal_file-2.i,32,c/properties/unreach-call.prp,True
2LS,c/product-lines/elevator_spec1_product27.cil.c,32,c/properties/termination.prp,True
2LS,c/product-lines/elevator_spec1_product27.cil.c,32,c/properties/unreach-call.prp,True
2LS,c/product-lines/elevator_spec2_product23.cil.c,32,c/properties/termination.prp,True
2LS,c/product-lines/elevator_spec2_product23.cil.c,32,c/properties/unreach-call.prp,True
2LS,c/floats-cdfpl/newton_2_5.i,32,c/properties/termination.prp,True
2LS,c/floats-cdfpl/newton_2_5.i,32,c/properties/unreach-call.prp,True
2LS,c/seq-mthreaded/pals_floodmax.4.2.ufo.BOUNDED-8.pals.c,32,c/properties/termination.prp,True
2LS,c/seq-mthreaded/pals_floodmax.4.2.ufo.BOUNDED-8.pals.c,32,c/properties/unreach-call.prp,False
2LS,c/combinations/square_6+soft_float_3a.c.cil.c,32,c/properties/unreach-call.prp,True
2LS,c/product-lines/email_spec7_product17.cil.c,32,c/properties/termination.prp,True
2LS,c/product-lines/email_spec7_product17.cil.c,32,c/properties/unreach-call.prp,True
2LS,c/floats-cdfpl/newton_2_1.i,32,c/properties/termination.prp,True
2LS,c/floats-cdfpl/newton_2_1.i,32,c/properties/unreach-call.prp,True
2LS,c/product-lines/email_spec0_product33.cil.c,32,c/properties/termination.prp,True
2LS,c/product-lines/email_spec0_product33.cil.c,32,c/properties/unreach-call.prp,False
2LS,c/Juliet_Test/CWE190_Integer_Overflow__int_rand_square_10_good.i,64,c/properties/no-overflow.prp,True
2LS,c/nla-digbench-scaling/sqrt1-ll_valuebound100.c,32,c/properties/unreach-call.prp,True
2LS,c/nla-digbench-scaling/sqrt1-ll_valuebound100.c,32,c/properties/no-overflow.prp,True
2LS,c/product-lines/elevator_spec3_product09.cil.c,32,c/properties/termination.prp,True
2LS,c/product-lines/elevator_spec3_product09.cil.c,32,c/properties/unreach-call.prp,True
2LS,c/hardness-nfm22/hardness_operatoramount_amount100_file-8.i,32,c/properties/unreach-call.prp,True
2LS,c/combinations/gcd_1+newton_2_1.i,32,c/properties/unreach-call.prp,True
2LS,c/product-lines/email_spec4_product19.cil.c,32,c/properties/termination.prp,True
2LS,c/product-lines/email_spec4_product19.cil.c,32,c/properties/unreach-call.prp,False
2LS,c/product-lines/elevator_spec3_product01.cil.c,32,c/properties/termination.prp,True
2LS,c/product-lines/elevator_spec3_product01.cil.c,32,c/properties/unreach-call.prp,True
2LS,c/Juliet_Test/CWE190_Integer_Overflow__int_rand_square_02_good.i,64,c/properties/no-overflow.prp,True
2LS,c/seq-mthreaded/pals_floodmax.4.4.ufo.BOUNDED-8.pals.c,32,c/properties/termination.prp,True
2LS,c/seq-mthreaded/pals_floodmax.4.4.ufo.BOUNDED-8.pals.c,32,c/properties/unreach-call.prp,False
2LS,c/hardness-nfm22/hardness_fillercode_fillercodesize_ps-cn-500_file-73.i,32,c/properties/unreach-call.prp,True
2LS,c/hardness-nfm22/hardness_operatoramount_amount250_file-25.i,32,c/properties/unreach-call.prp,True
2LS,c/Juliet_Test/CWE190_Integer_Overflow__int_fscanf_square_15_good.i,64,c/properties/no-overflow.prp,True
2LS,c/product-lines/elevator_spec14_product27.cil.c,32,c/properties/termination.prp,True
2LS,c/product-lines/elevator_spec14_product27.cil.c,32,c/properties/unreach-call.prp,True
2LS,c/hardness-nfm22/hardness_codestructure_steplocals_file-25.i,32,c/properties/unreach-call.prp,True
2LS,c/product-lines/email_spec0_product25.cil.c,32,c/properties/termination.prp,True
2LS,c/product-lines/email_spec0_product25.cil.c,32,c/properties/unreach-call.prp,True
2LS,c/product-lines/elevator_spec14_product19.cil.c,32,c/properties/termination.prp,True
2LS,c/product-lines/elevator_spec14_product19.cil.c,32,c/properties/unreach-call.prp,True
2LS,c/nla-digbench-scaling/hard-ll_valuebound20.c,32,c/properties/unreach-call.prp,True
2LS,c/nla-digbench-scaling/hard-ll_valuebound20.c,32,c/properties/no-overflow.prp,True
2LS,c/hardness-nfm22/hardness_codestructure_normal_file-25.i,32,c/properties/unreach-call.prp,True
2LS,c/product-lines/email_spec1_product29.cil.c,32,c/properties/termination.prp,True
2LS,c/product-lines/email_spec1_product29.cil.c,32,c/properties/unreach-call.prp,False
2LS,c/hardware-verification-bv/btor2c-lazyMod.seq.c,64,c/properties/unreach-call.prp,True
2LS,c/product-lines/elevator_spec2_product31.cil.c,32,c/properties/termination.prp,True
2LS,c/product-lines/elevator_spec2_product31.cil.c,32,c/properties/unreach-call.prp,True
2LS,c/array-examples/sanfoundry_27_ground.i,32,c/properties/no-overflow.prp,True
2LS,c/array-examples/sanfoundry_27_ground.i,32,c/properties/unreach-call.prp,True
2LS,c/product-lines/email_spec8_product29.cil.c,32,c/properties/termination.prp,True
2LS,c/product-lines/email_spec8_product29.cil.c,32,c/properties/unreach-call.prp,True
2LS,c/product-lines/email_spec3_product31.cil.c,32,c/properties/termination.prp,True
2LS,c/product-lines/email_spec3_product31.cil.c,32,c/properties/unreach-call.prp,False
2LS,c/product-lines/elevator_spec3_product25.cil.c,32,c/properties/termination.prp,True
2LS,c/product-lines/elevator_spec3_product25.cil.c,32,c/properties/unreach-call.prp,True
2LS,c/product-lines/elevator_spec2_product21.cil.c,32,c/properties/termination.prp,True
2LS,c/product-lines/elevator_spec2_product21.cil.c,32,c/properties/unreach-call.prp,True
2LS,c/list-ext3-properties/sll_nondet_insert-1.i,32,c/properties/unreach-call.prp,False
2LS,c/list-ext3-properties/sll_nondet_insert-1.i,32,c/properties/valid-memcleanup.prp,False
2LS,c/Juliet_Test/CWE190_Integer_Overflow__int_fscanf_square_03_good.i,64,c/properties/no-overflow.prp,True
2LS,c/hardness-nfm22/hardness_loopvsstraightlinecode_100-while_file-25.i,32,c/properties/unreach-call.prp,True
2LS,c/array-examples/sorting_bubblesort_ground-1.i,32,c/properties/no-overflow.prp,True
2LS,c/array-examples/sorting_bubblesort_ground-1.i,32,c/properties/unreach-call.prp,True
2LS,c/product-lines/email_spec8_product30.cil.c,32,c/properties/termination.prp,True
2LS,c/product-lines/email_spec8_product30.cil.c,32,c/properties/unreach-call.prp,False
2LS,c/product-lines/email_spec9_product15.cil.c,32,c/properties/termination.prp,True
2LS,c/product-lines/email_spec9_product15.cil.c,32,c/properties/unreach-call.prp,False
2LS,c/nla-digbench-scaling/egcd3-ll_unwindbound1.c,32,c/properties/unreach-call.prp,False
2LS,c/nla-digbench-scaling/egcd3-ll_unwindbound1.c,32,c/properties/no-overflow.prp,True
2LS,c/product-lines/email_spec7_product33.cil.c,32,c/properties/termination.prp,True
2LS,c/product-lines/email_spec7_product33.cil.c,32,c/properties/unreach-call.prp,False
2LS,c/product-lines/elevator_spec14_product23.cil.c,32,c/properties/termination.prp,True
2LS,c/product-lines/elevator_spec14_product23.cil.c,32,c/properties/unreach-call.prp,True
2LS,c/hardness-nfm22/hardness_loopvsstraightlinecode_100-while_file-91.i,32,c/properties/unreach-call.prp,True
2LS,c/Juliet_Test/CWE190_Integer_Overflow__int_rand_square_08_good.i,64,c/properties/no-overflow.prp,True
2LS,c/nla-digbench-scaling/ps2-ll_unwindbound10.c,32,c/properties/unreach-call.prp,True
2LS,c/nla-digbench-scaling/ps2-ll_unwindbound10.c,32,c/properties/no-overflow.prp,True
2LS,c/hardness-nfm22/hardness_fillercode_fillercodesize_ps-cn-100_file-51.i,32,c/properties/unreach-call.prp,True
2LS,c/product-lines/elevator_spec9_product29.cil.c,32,c/properties/termination.prp,True
2LS,c/product-lines/elevator_spec9_product29.cil.c,32,c/properties/unreach-call.prp,True
2LS,c/hardness-nfm22/hardness_operatoramount_amount500_file-9.i,32,c/properties/unreach-call.prp,True
2LS,c/Juliet_Test/CWE190_Integer_Overflow__int_fscanf_square_06_good.i,64,c/properties/no-overflow.prp,True
2LS,c/product-lines/email_spec11_product20.cil.c,32,c/properties/termination.prp,True
2LS,c/product-lines/email_spec11_product20.cil.c,32,c/properties/unreach-call.prp,False
2LS,c/product-lines/email_spec11_product30.cil.c,32,c/properties/termination.prp,True
2LS,c/product-lines/email_spec11_product30.cil.c,32,c/properties/unreach-call.prp,False
2LS,c/Juliet_Test/CWE190_Integer_Overflow__int_fscanf_square_05_good.i,64,c/properties/no-overflow.prp,True
2LS,c/product-lines/email_spec3_product17.cil.c,32,c/properties/termination.prp,True
2LS,c/product-lines/email_spec3_product17.cil.c,32,c/properties/unreach-call.prp,False
2LS,c/product-lines/email_spec6_product12.cil.c,32,c/properties/termination.prp,True
2LS,c/product-lines/email_spec6_product12.cil.c,32,c/properties/unreach-call.prp,False
2LS,c/product-lines/email_spec9_product33.cil.c,32,c/properties/termination.prp,True
2LS,c/product-lines/email_spec9_product33.cil.c,32,c/properties/unreach-call.prp,False
2LS,c/product-lines/elevator_spec3_product17.cil.c,32,c/properties/termination.prp,True
2LS,c/product-lines/elevator_spec3_product17.cil.c,32,c/properties/unreach-call.prp,True
2LS,c/Juliet_Test/CWE190_Integer_Overflow__int_rand_square_12_good.i,64,c/properties/no-overflow.prp,True
2LS,c/list-simple/sll2n_update_all.i,32,c/properties/no-overflow.prp,True
2LS,c/list-simple/sll2n_update_all.i,32,c/properties/unreach-call.prp,True
2LS,c/list-simple/sll2n_update_all.i,32,c/properties/valid-memsafety.prp,True
2LS,c/array-examples/sorting_bubblesort_2_ground.i,32,c/properties/no-overflow.prp,True
2LS,c/array-examples/sorting_bubblesort_2_ground.i,32,c/properties/unreach-call.prp,False
2LS,c/product-lines/elevator_spec1_product19.cil.c,32,c/properties/termination.prp,True
2LS,c/product-lines/elevator_spec1_product19.cil.c,32,c/properties/unreach-call.prp,True
2LS,c/bitvector/byte_add_1-1.i,32,c/properties/no-overflow.prp,True
2LS,c/bitvector/byte_add_1-1.i,32,c/properties/termination.prp,True
2LS,c/bitvector/byte_add_1-1.i,32,c/properties/unreach-call.prp,True
2LS,c/list-simple/sll2n_update_all_reverse.i,32,c/properties/no-overflow.prp,True
2LS,c/list-simple/sll2n_update_all_reverse.i,32,c/properties/unreach-call.prp,True
2LS,c/list-simple/sll2n_update_all_reverse.i,32,c/properties/valid-memsafety.prp,True
2LS,c/hardness-nfm22/hardness_operatoramount_amount100_file-91.i,32,c/properties/unreach-call.prp,True
2LS,c/product-lines/email_spec1_product14.cil.c,32,c/properties/termination.prp,True
2LS,c/product-lines/email_spec1_product14.cil.c,32,c/properties/unreach-call.prp,False
2LS,c/hardness-nfm22/hardness_variablewrapping_wrapper-p_file-45.i,32,c/properties/unreach-call.prp,True
2LS,c/product-lines/email_spec4_product29.cil.c,32,c/properties/termination.prp,True
2LS,c/product-lines/email_spec4_product29.cil.c,32,c/properties/unreach-call.prp,True
2LS,c/hardness-nfm22/hardness_loopvsstraightlinecode_100-while_file-81.i,32,c/properties/unreach-call.prp,True
2LS,c/nla-digbench-scaling/mannadiv_unwindbound20.c,32,c/properties/unreach-call.prp,False
2LS,c/nla-digbench-scaling/mannadiv_unwindbound20.c,32,c/properties/no-overflow.prp,True
2LS,c/combinations/gcd_1+newton_3_8.i,32,c/properties/unreach-call.prp,False
2LS,c/hardness-nfm22/hardness_loopvsstraightlinecode_100-1loop_file-2.i,32,c/properties/unreach-call.prp,True
2LS,c/hardness-nfm22/hardness_variablewrapping_wrapper-sp_file-45.i,32,c/properties/unreach-call.prp,True
2LS,c/product-lines/email_spec4_product18.cil.c,32,c/properties/termination.prp,True
2LS,c/product-lines/email_spec4_product18.cil.c,32,c/properties/unreach-call.prp,False
2LS,c/Juliet_Test/CWE190_Integer_Overflow__int_fscanf_square_14_good.i,64,c/properties/no-overflow.prp,True
2LS,c/product-lines/email_spec8_product31.cil.c,32,c/properties/termination.prp,True
2LS,c/product-lines/email_spec8_product31.cil.c,32,c/properties/unreach-call.prp,False
2LS,c/product-lines/email_spec1_product21.cil.c,32,c/properties/termination.prp,True
2LS,c/product-lines/email_spec1_product21.cil.c,32,c/properties/unreach-call.prp,False
2LS,c/product-lines/email_spec3_product30.cil.c,32,c/properties/termination.prp,True
2LS,c/product-lines/email_spec3_product30.cil.c,32,c/properties/unreach-call.prp,False
2LS,c/product-lines/email_spec4_product30.cil.c,32,c/properties/termination.prp,True
2LS,c/product-lines/email_spec4_product30.cil.c,32,c/properties/unreach-call.prp,False
2LS,c/combinations/gcd_1+newton_2_5.i,32,c/properties/unreach-call.prp,True
2LS,c/combinations/gcd_4+newton_2_3.i,32,c/properties/unreach-call.prp,True
2LS,c/hardness-nfm22/hardness_operatoramount_amount100_file-25.i,32,c/properties/unreach-call.prp,True
2LS,c/seq-mthreaded/pals_opt-floodmax.4.3.ufo.BOUNDED-8.pals.c,32,c/properties/termination.prp,True
2LS,c/seq-mthreaded/pals_opt-floodmax.4.3.ufo.BOUNDED-8.pals.c,32,c/properties/unreach-call.prp,False
2LS,c/product-lines/email_spec9_product29.cil.c,32,c/properties/termination.prp,True
2LS,c/product-lines/email_spec9_product29.cil.c,32,c/properties/unreach-call.prp,True
2LS,c/hardness-nfm22/hardness_codestructure_normal_file-54.i,32,c/properties/unreach-call.prp,True
2LS,c/product-lines/elevator_spec14_product31.cil.c,32,c/properties/termination.prp,True
2LS,c/product-lines/elevator_spec14_product31.cil.c,32,c/properties/unreach-call.prp,True
2LS,c/product-lines/elevator_spec1_product23.cil.c,32,c/properties/termination.prp,True
2LS,c/product-lines/elevator_spec1_product23.cil.c,32,c/properties/unreach-call.prp,True
2LS,c/product-lines/email_spec11_product39.cil.c,32,c/properties/termination.prp,True
2LS,c/product-lines/email_spec11_product39.cil.c,32,c/properties/unreach-call.prp,True
2LS,c/product-lines/email_spec11_product32.cil.c,32,c/properties/termination.prp,True
2LS,c/product-lines/email_spec11_product32.cil.c,32,c/properties/unreach-call.prp,False
2LS,c/floats-cdfpl/newton_2_6.i,32,c/properties/termination.prp,True
2LS,c/floats-cdfpl/newton_2_6.i,32,c/properties/unreach-call.prp,False
2LS,c/combinations/gcd_4+newton_2_4.i,32,c/properties/unreach-call.prp,True
2LS,c/hardness-nfm22/hardness_loopvsstraightlinecode_100-while_file-2.i,32,c/properties/unreach-call.prp,True
2LS,c/product-lines/elevator_spec13_product22.cil.c,32,c/properties/termination.prp,False
2LS,c/product-lines/elevator_spec13_product22.cil.c,32,c/properties/unreach-call.prp,True
2LS,c/product-lines/email_spec0_product31.cil.c,32,c/properties/termination.prp,True
2LS,c/product-lines/email_spec0_product31.cil.c,32,c/properties/unreach-call.prp,False
2LS,c/hardness-nfm22/hardness_operatoramount_amount250_file-58.i,32,c/properties/unreach-call.prp,True
2LS,c/product-lines/email_spec8_product20.cil.c,32,c/properties/termination.prp,True
2LS,c/product-lines/email_spec8_product20.cil.c,32,c/properties/unreach-call.prp,False
2LS,c/hardness-nfm22/hardness_operatoramount_amount100_file-81.i,32,c/properties/unreach-call.prp,True
2LS,c/product-lines/elevator_spec1_product31.cil.c,32,c/properties/termination.prp,True
2LS,c/product-lines/elevator_spec1_product31.cil.c,32,c/properties/unreach-call.prp,True
2LS,c/combinations/gcd_2+newton_2_4.i,32,c/properties/unreach-call.prp,True
2LS,c/bitvector/byte_add_2-1.i,32,c/properties/no-overflow.prp,False
2LS,c/product-lines/elevator_spec3_product29.cil.c,32,c/properties/termination.prp,True
2LS,c/product-lines/elevator_spec3_product29.cil.c,32,c/properties/unreach-call.prp,True
2LS,c/hardness-nfm22/hardness_operatoramount_amount500_file-85.i,32,c/properties/unreach-call.prp,True
2LS,c/combinations/gcd_1+newton_3_6.i,32,c/properties/unreach-call.prp,False
2LS,c/combinations/gcd_3+newton_3_8.i,32,c/properties/unreach-call.prp,False
2LS,c/product-lines/email_spec27_product33.cil.c,32,c/properties/termination.prp,True
2LS,c/product-lines/email_spec27_product33.cil.c,32,c/properties/unreach-call.prp,False
2LS,c/nla-digbench-scaling/egcd3-ll_unwindbound2.c,32,c/properties/unreach-call.prp,False
2LS,c/nla-digbench-scaling/egcd3-ll_unwindbound2.c,32,c/properties/no-overflow.prp,True
2LS,c/array-tiling/mbpr2.c,32,c/properties/no-overflow.prp,True
2LS,c/array-tiling/mbpr2.c,32,c/properties/unreach-call.prp,True
2LS,c/hardness-nfm22/hardness_variablewrapping_wrapper-sp_file-77.i,32,c/properties/unreach-call.prp,True
2LS,c/array-industry-pattern/array_assert_loop_dep.i,32,c/properties/no-overflow.prp,True
2LS,c/array-industry-pattern/array_assert_loop_dep.i,32,c/properties/termination.prp,True
2LS,c/array-industry-pattern/array_assert_loop_dep.i,32,c/properties/unreach-call.prp,False
2LS,c/hardness-nfm22/hardness_operatoramount_amount100_file-2.i,32,c/properties/unreach-call.prp,True
2LS,c/product-lines/elevator_spec13_product24.cil.c,32,c/properties/termination.prp,False
2LS,c/product-lines/elevator_spec13_product24.cil.c,32,c/properties/unreach-call.prp,True
2LS,c/product-lines/elevator_spec2_product29.cil.c,32,c/properties/termination.prp,True
2LS,c/product-lines/elevator_spec2_product29.cil.c,32,c/properties/unreach-call.prp,True
2LS,c/product-lines/email_spec8_product32.cil.c,32,c/properties/termination.prp,True
2LS,c/product-lines/email_spec8_product32.cil.c,32,c/properties/unreach-call.prp,False
2LS,c/array-industry-pattern/array_of_struct_break.i,32,c/properties/no-overflow.prp,True
2LS,c/array-industry-pattern/array_of_struct_break.i,32,c/properties/unreach-call.prp,True
2LS,c/bitvector/byte_add_2-2.i,32,c/properties/no-overflow.prp,True
2LS,c/bitvector/byte_add_2-2.i,32,c/properties/termination.prp,True
2LS,c/bitvector/byte_add_2-2.i,32,c/properties/unreach-call.prp,True
2LS,c/combinations/gcd_3+newton_2_5.i,32,c/properties/unreach-call.prp,True
2LS,c/combinations/gcd_4+newton_2_2.i,32,c/properties/unreach-call.prp,True
2LS,c/product-lines/elevator_spec1_product29.cil.c,32,c/properties/termination.prp,True
2LS,c/product-lines/elevator_spec1_product29.cil.c,32,c/properties/unreach-call.prp,True
2LS,c/bitvector/byte_add_1-2.i,32,c/properties/no-overflow.prp,False
2LS,c/nla-digbench-scaling/cohencu-ll_valuebound2.c,32,c/properties/unreach-call.prp,True
2LS,c/nla-digbench-scaling/cohencu-ll_valuebound2.c,32,c/properties/no-overflow.prp,True
2LS,c/product-lines/email_spec27_product17.cil.c,32,c/properties/termination.prp,True
2LS,c/product-lines/email_spec27_product17.cil.c,32,c/properties/unreach-call.prp,False
2LS,c/floats-cdfpl/newton_3_7.i,32,c/properties/termination.prp,True
2LS,c/floats-cdfpl/newton_3_7.i,32,c/properties/unreach-call.prp,False
2LS,c/product-lines/email_spec3_product28.cil.c,32,c/properties/termination.prp,True
2LS,c/product-lines/email_spec3_product28.cil.c,32,c/properties/unreach-call.prp,False
2LS,c/combinations/gcd_2+newton_3_7.i,32,c/properties/unreach-call.prp,False
2LS,c/hardware-verification-bv/btor2c-lazyMod.eq_sdp_v4.c,64,c/properties/unreach-call.prp,True
2LS,c/product-lines/email_spec11_product40.cil.c,32,c/properties/termination.prp,True
2LS,c/product-lines/email_spec11_product40.cil.c,32,c/properties/unreach-call.prp,True
2LS,c/list-simple/dll2n_update_all.i,32,c/properties/no-overflow.prp,True
2LS,c/list-simple/dll2n_update_all.i,32,c/properties/unreach-call.prp,True
2LS,c/list-simple/dll2n_update_all.i,32,c/properties/valid-memsafety.prp,True
2LS,c/nla-digbench-scaling/ps5-ll_unwindbound1.c,32,c/properties/unreach-call.prp,False
2LS,c/nla-digbench-scaling/ps5-ll_unwindbound1.c,32,c/properties/no-overflow.prp,True
2LS,c/product-lines/email_spec7_product29.cil.c,32,c/properties/termination.prp,True
2LS,c/product-lines/email_spec7_product29.cil.c,32,c/properties/unreach-call.prp,False
2LS,c/hardness-nfm22/hardness_fillercode_fillercodesize_ps-cn-250_file-33.i,32,c/properties/unreach-call.prp,True
2LS,c/product-lines/elevator_spec13_product32.cil.c,32,c/properties/termination.prp,False
2LS,c/product-lines/elevator_spec13_product32.cil.c,32,c/properties/unreach-call.prp,True
2LS,c/hardness-nfm22/hardness_loopvsstraightlinecode_100-1loop_file-12.i,32,c/properties/unreach-call.prp,True
2LS,c/hardness-nfm22/hardness_fillercode_fillercodesize_ps-cn-250_file-73.i,32,c/properties/unreach-call.prp,True
2LS,c/product-lines/email_spec1_product32.cil.c,32,c/properties/termination.prp,True
2LS,c/product-lines/email_spec1_product32.cil.c,32,c/properties/unreach-call.prp,False
2LS,c/product-lines/elevator_spec13_product30.cil.c,32,c/properties/termination.prp,False
2LS,c/product-lines/elevator_spec13_product30.cil.c,32,c/properties/unreach-call.prp,True
2LS,c/product-lines/email_spec3_product29.cil.c,32,c/properties/termination.prp,True
2LS,c/product-lines/email_spec3_product29.cil.c,32,c/properties/unreach-call.prp,False
2LS,c/nla-digbench-scaling/bresenham-ll_valuebound5.c,32,c/properties/unreach-call.prp,True
2LS,c/nla-digbench-scaling/bresenham-ll_valuebound5.c,32,c/properties/no-overflow.prp,True
2LS,c/combinations/gcd_2+newton_2_3.i,32,c/properties/unreach-call.prp,True
2LS,c/product-lines/email_spec9_product14.cil.c,32,c/properties/termination.prp,True
2LS,c/product-lines/email_spec9_product14.cil.c,32,c/properties/unreach-call.prp,True
2LS,c/product-lines/email_spec11_product23.cil.c,32,c/properties/termination.prp,True
2LS,c/product-lines/email_spec11_product23.cil.c,32,c/properties/unreach-call.prp,True
2LS,c/hardness-nfm22/hardness_operatoramount_amount500_file-30.i,32,c/properties/unreach-call.prp,True
2LS,c/product-lines/email_spec4_product35.cil.c,32,c/properties/termination.prp,True
2LS,c/product-lines/email_spec4_product35.cil.c,32,c/properties/unreach-call.prp,False
2LS,c/product-lines/email_spec8_product26.cil.c,32,c/properties/termination.prp,True
2LS,c/product-lines/email_spec8_product26.cil.c,32,c/properties/unreach-call.prp,False
2LS,c/product-lines/email_spec6_product14.cil.c,32,c/properties/termination.prp,True
2LS,c/product-lines/email_spec6_product14.cil.c,32,c/properties/unreach-call.prp,False
2LS,c/product-lines/email_spec4_product23.cil.c,32,c/properties/termination.prp,True
2LS,c/product-lines/email_spec4_product23.cil.c,32,c/properties/unreach-call.prp,False
2LS,c/hardness-nfm22/hardness_variablewrapping_wrapper-a_file-46.i,32,c/properties/unreach-call.prp,True
2LS,c/hardware-verification-bv/btor2c-lazyMod.eq_sdp_v5.c,64,c/properties/unreach-call.prp,False
2LS,c/hardness-nfm22/hardness_operatoramount_amount250_file-65.i,32,c/properties/unreach-call.prp,True
2LS,c/product-lines/email_spec0_product40.cil.c,32,c/properties/termination.prp,True
2LS,c/product-lines/email_spec0_product40.cil.c,32,c/properties/unreach-call.prp,True
2LS,c/eca-rers2012/Problem10_label32.c,32,c/properties/unreach-call.prp,True
2LS,c/product-lines/email_spec11_product27.cil.c,32,c/properties/termination.prp,True
2LS,c/product-lines/email_spec11_product27.cil.c,32,c/properties/unreach-call.prp,True
2LS,c/array-examples/sorting_bubblesort_ground-2.i,32,c/properties/no-overflow.prp,True
2LS,c/array-examples/sorting_bubblesort_ground-2.i,32,c/properties/unreach-call.prp,False
2LS,c/product-lines/elevator_spec3_product21.cil.c,32,c/properties/termination.prp,True
2LS,c/product-lines/elevator_spec3_product21.cil.c,32,c/properties/unreach-call.prp,True
2LS,c/product-lines/email_spec7_product32.cil.c,32,c/properties/termination.prp,True
2LS,c/product-lines/email_spec7_product32.cil.c,32,c/properties/unreach-call.prp,False
2LS,c/list-simple/dll2c_remove_all_reverse.i,32,c/properties/no-overflow.prp,True
2LS,c/list-simple/dll2c_remove_all_reverse.i,32,c/properties/unreach-call.prp,True
2LS,c/list-simple/dll2c_remove_all_reverse.i,32,c/properties/valid-memsafety.prp,True
2LS,c/product-lines/email_spec6_product21.cil.c,32,c/properties/termination.prp,True
2LS,c/product-lines/email_spec6_product21.cil.c,32,c/properties/unreach-call.prp,False
2LS,c/product-lines/elevator_spec2_product26.cil.c,32,c/properties/termination.prp,True
2LS,c/product-lines/elevator_spec2_product26.cil.c,32,c/properties/unreach-call.prp,False
2LS,c/nla-digbench-scaling/hard-ll_valuebound50.c,32,c/properties/unreach-call.prp,True
2LS,c/nla-digbench-scaling/hard-ll_valuebound50.c,32,c/properties/no-overflow.prp,True
2LS,c/combinations/gcd_3+newton_2_4.i,32,c/properties/unreach-call.prp,True
2LS,c/product-lines/email_spec3_product23.cil.c,32,c/properties/termination.prp,True
2LS,c/product-lines/email_spec3_product23.cil.c,32,c/properties/unreach-call.prp,False
2LS,c/product-lines/email_spec3_product25.cil.c,32,c/properties/termination.prp,True
2LS,c/product-lines/email_spec3_product25.cil.c,32,c/properties/unreach-call.prp,False
2LS,c/hardness-nfm22/hardness_operatoramount_amount100_file-40.i,32,c/properties/unreach-call.prp,True
2LS,c/product-lines/email_spec7_product23.cil.c,32,c/properties/termination.prp,True
2LS,c/product-lines/email_spec7_product23.cil.c,32,c/properties/unreach-call.prp,True
2LS,c/product-lines/email_spec7_product19.cil.c,32,c/properties/termination.prp,True
2LS,c/product-lines/email_spec7_product19.cil.c,32,c/properties/unreach-call.prp,True
2LS,c/hardness-nfm22/hardness_operatoramount_amount500_file-14.i,32,c/properties/unreach-call.prp,True
2LS,c/eca-rers2012/Problem10_label53.c,32,c/properties/unreach-call.prp,True
2LS,c/product-lines/email_spec8_product14.cil.c,32,c/properties/termination.prp,True
2LS,c/product-lines/email_spec8_product14.cil.c,32,c/properties/unreach-call.prp,True
2LS,c/product-lines/elevator_spec2_product20.cil.c,32,c/properties/termination.prp,True
2LS,c/product-lines/elevator_spec2_product20.cil.c,32,c/properties/unreach-call.prp,False
2LS,c/product-lines/elevator_spec2_product18.cil.c,32,c/properties/termination.prp,True
2LS,c/product-lines/elevator_spec2_product18.cil.c,32,c/properties/unreach-call.prp,False
2LS,c/eca-rers2012/Problem10_label36.c,32,c/properties/unreach-call.prp,True
2LS,c/xcsp/Haystacks-08.c,32,c/properties/unreach-call.prp,True
2LS,c/product-lines/elevator_spec2_product28.cil.c,32,c/properties/termination.prp,True
2LS,c/product-lines/elevator_spec2_product28.cil.c,32,c/properties/unreach-call.prp,False
2LS,c/hardness-nfm22/hardness_variablewrapping_wrapper-a_file-86.i,32,c/properties/unreach-call.prp,True
2LS,c/floats-cdfpl/newton_3_8.i,32,c/properties/termination.prp,True
2LS,c/floats-cdfpl/newton_3_8.i,32,c/properties/unreach-call.prp,False
2LS,c/hardness-nfm22/hardness_variablewrapping_wrapper-p_file-77.i,32,c/properties/unreach-call.prp,True
2LS,c/product-lines/email_spec4_product34.cil.c,32,c/properties/termination.prp,True
2LS,c/product-lines/email_spec4_product34.cil.c,32,c/properties/unreach-call.prp,False
2LS,c/array-industry-pattern/array_range_init.i,32,c/properties/no-overflow.prp,True
2LS,c/array-industry-pattern/array_range_init.i,32,c/properties/unreach-call.prp,False
2LS,c/combinations/gcd_3+newton_3_7.i,32,c/properties/unreach-call.prp,False
2LS,c/hardness-nfm22/hardness_operatoramount_amount250_file-15.i,32,c/properties/unreach-call.prp,True
2LS,c/product-lines/email_spec6_product34.cil.c,32,c/properties/termination.prp,True
2LS,c/product-lines/email_spec6_product34.cil.c,32,c/properties/unreach-call.prp,False
2LS,c/eca-rers2012/Problem10_label25.c,32,c/properties/unreach-call.prp,True
2LS,c/product-lines/email_spec11_product35.cil.c,32,c/properties/termination.prp,True
2LS,c/product-lines/email_spec11_product35.cil.c,32,c/properties/unreach-call.prp,False
2LS,c/product-lines/email_spec1_product22.cil.c,32,c/properties/termination.prp,True
2LS,c/product-lines/email_spec1_product22.cil.c,32,c/properties/unreach-call.prp,False
2LS,c/combinations/square_6+soft_float_1-2a.c.cil.c,32,c/properties/unreach-call.prp,True
2LS,c/product-lines/email_spec7_product25.cil.c,32,c/properties/termination.prp,True
2LS,c/product-lines/email_spec7_product25.cil.c,32,c/properties/unreach-call.prp,True
2LS,c/product-lines/email_spec9_product34.cil.c,32,c/properties/termination.prp,True
2LS,c/product-lines/email_spec9_product34.cil.c,32,c/properties/unreach-call.prp,False
2LS,c/product-lines/elevator_spec9_product28.cil.c,32,c/properties/termination.prp,True
2LS,c/product-lines/elevator_spec9_product28.cil.c,32,c/properties/unreach-call.prp,False
2LS,c/product-lines/email_spec6_product26.cil.c,32,c/properties/termination.prp,True
2LS,c/product-lines/email_spec6_product26.cil.c,32,c/properties/unreach-call.prp,False
2LS,c/combinations/gcd_2+newton_2_5.i,32,c/properties/unreach-call.prp,True
2LS,c/memsafety/lockfree-3.2.i,32,c/properties/valid-memsafety.prp,False
2LS,c/product-lines/email_spec0_product34.cil.c,32,c/properties/termination.prp,True
2LS,c/product-lines/email_spec0_product34.cil.c,32,c/properties/unreach-call.prp,False
2LS,c/product-lines/email_spec8_product34.cil.c,32,c/properties/termination.prp,True
2LS,c/product-lines/email_spec8_product34.cil.c,32,c/properties/unreach-call.prp,False
2LS,c/combinations/square_4+soft_float_2a.c.cil.c,32,c/properties/unreach-call.prp,True
2LS,c/product-lines/email_spec0_product26.cil.c,32,c/properties/termination.prp,True
2LS,c/product-lines/email_spec0_product26.cil.c,32,c/properties/unreach-call.prp,False
2LS,c/product-lines/email_spec3_product27.cil.c,32,c/properties/termination.prp,True
2LS,c/product-lines/email_spec3_product27.cil.c,32,c/properties/unreach-call.prp,False
2LS,c/hardness-nfm22/hardness_variablewrapping_wrapper-p_file-17.i,32,c/properties/unreach-call.prp,True
2LS,c/combinations/gcd_4+newton_3_8.i,32,c/properties/unreach-call.prp,False
2LS,c/xcsp/CostasArray-14.c,32,c/properties/unreach-call.prp,False
2LS,c/product-lines/email_spec27_product29.cil.c,32,c/properties/termination.prp,True
2LS,c/product-lines/email_spec27_product29.cil.c,32,c/properties/unreach-call.prp,False
2LS,c/product-lines/email_spec0_product38.cil.c,32,c/properties/termination.prp,True
2LS,c/product-lines/email_spec0_product38.cil.c,32,c/properties/unreach-call.prp,True
2LS,c/product-lines/email_spec1_product20.cil.c,32,c/properties/termination.prp,True
2LS,c/product-lines/email_spec1_product20.cil.c,32,c/properties/unreach-call.prp,False
2LS,c/product-lines/email_spec0_product27.cil.c,32,c/properties/termination.prp,True
2LS,c/product-lines/email_spec0_product27.cil.c,32,c/properties/unreach-call.prp,True
2LS,c/nla-digbench-scaling/egcd2-ll_unwindbound2.c,32,c/properties/unreach-call.prp,False
2LS,c/nla-digbench-scaling/egcd2-ll_unwindbound2.c,32,c/properties/no-overflow.prp,True
2LS,c/product-lines/elevator_spec1_product20.cil.c,32,c/properties/termination.prp,True
2LS,c/product-lines/elevator_spec1_product20.cil.c,32,c/properties/unreach-call.prp,False
2LS,c/eca-rers2012/Problem10_label35.c,32,c/properties/unreach-call.prp,True
2LS,c/hardness-nfm22/hardness_operatoramount_amount500_file-69.i,32,c/properties/unreach-call.prp,True
2LS,c/eca-rers2012/Problem10_label40.c,32,c/properties/unreach-call.prp,True
2LS,c/hardness-nfm22/hardness_operatoramount_amount500_file-80.i,32,c/properties/unreach-call.prp,True
2LS,c/product-lines/email_spec27_product34.cil.c,32,c/properties/termination.prp,True
2LS,c/product-lines/email_spec27_product34.cil.c,32,c/properties/unreach-call.prp,False
2LS,c/list-ext3-properties/dll_nullified-1.i,32,c/properties/no-overflow.prp,True
2LS,c/list-ext3-properties/dll_nullified-1.i,32,c/properties/unreach-call.prp,False
2LS,c/list-ext3-properties/dll_nullified-1.i,32,c/properties/valid-memcleanup.prp,False
2LS,c/eca-rers2012/Problem10_label27.c,32,c/properties/unreach-call.prp,True
2LS,c/eca-rers2012/Problem10_label00.c,32,c/properties/unreach-call.prp,True
2LS,c/product-lines/email_spec4_product32.cil.c,32,c/properties/termination.prp,True
2LS,c/product-lines/email_spec4_product32.cil.c,32,c/properties/unreach-call.prp,False
2LS,c/eca-rers2012/Problem10_label28.c,32,c/properties/unreach-call.prp,False
2LS,c/eca-rers2012/Problem10_label01.c,32,c/properties/unreach-call.prp,True
2LS,c/product-lines/email_spec4_product27.cil.c,32,c/properties/termination.prp,True
2LS,c/product-lines/email_spec4_product27.cil.c,32,c/properties/unreach-call.prp,False
2LS,c/product-lines/elevator_spec9_product26.cil.c,32,c/properties/termination.prp,True
2LS,c/product-lines/elevator_spec9_product26.cil.c,32,c/properties/unreach-call.prp,False
2LS,c/hardness-nfm22/hardness_operatoramount_amount500_file-40.i,32,c/properties/unreach-call.prp,True
2LS,c/eca-rers2012/Problem10_label05.c,32,c/properties/unreach-call.prp,True
2LS,c/eca-rers2012/Problem10_label13.c,32,c/properties/unreach-call.prp,True
2LS,c/eca-rers2012/Problem10_label24.c,32,c/properties/unreach-call.prp,False
2LS,c/eca-rers2012/Problem10_label52.c,32,c/properties/unreach-call.prp,True
2LS,c/hardness-nfm22/hardness_operatoramount_amount250_file-87.i,32,c/properties/unreach-call.prp,True
2LS,c/eca-rers2012/Problem10_label18.c,32,c/properties/unreach-call.prp,True
2LS,c/xcsp/aim-200-3-4-sat-4.c,32,c/properties/unreach-call.prp,False
2LS,c/eca-rers2012/Problem10_label48.c,32,c/properties/unreach-call.prp,False
2LS,c/eca-rers2012/Problem10_label20.c,32,c/properties/unreach-call.prp,True
2LS,c/eca-rers2012/Problem10_label21.c,32,c/properties/unreach-call.prp,True
2LS,c/eca-rers2012/Problem10_label10.c,32,c/properties/unreach-call.prp,True
2LS,c/product-lines/email_spec9_product26.cil.c,32,c/properties/termination.prp,True
2LS,c/product-lines/email_spec9_product26.cil.c,32,c/properties/unreach-call.prp,False
2LS,c/eca-rers2012/Problem10_label03.c,32,c/properties/unreach-call.prp,True
2LS,c/termination-restricted-15/NarrowKonv.c,64,c/properties/no-overflow.prp,True
2LS,c/termination-restricted-15/NarrowKonv.c,64,c/properties/termination.prp,False
2LS,c/product-lines/email_spec9_product21.cil.c,32,c/properties/termination.prp,True
2LS,c/product-lines/email_spec9_product21.cil.c,32,c/properties/unreach-call.prp,False
2LS,c/product-lines/email_spec9_product35.cil.c,32,c/properties/termination.prp,True
2LS,c/product-lines/email_spec9_product35.cil.c,32,c/properties/unreach-call.prp,False
2LS,c/product-lines/elevator_spec3_product18.cil.c,32,c/properties/termination.prp,True
2LS,c/product-lines/elevator_spec3_product18.cil.c,32,c/properties/unreach-call.prp,True
2LS,c/xcsp/aim-200-6-0-sat-2.c,32,c/properties/unreach-call.prp,False
2LS,c/product-lines/email_spec9_product20.cil.c,32,c/properties/termination.prp,True
2LS,c/product-lines/email_spec9_product20.cil.c,32,c/properties/unreach-call.prp,False
2LS,c/product-lines/email_spec0_product21.cil.c,32,c/properties/termination.prp,True
2LS,c/product-lines/email_spec0_product21.cil.c,32,c/properties/unreach-call.prp,False
2LS,c/hardness-nfm22/hardness_variablewrapping_wrapper-a_file-19.i,32,c/properties/unreach-call.prp,True
2LS,c/array-tiling/pr5.c,32,c/properties/no-overflow.prp,True
2LS,c/array-tiling/pr5.c,32,c/properties/unreach-call.prp,True
2LS,c/eca-rers2012/Problem10_label34.c,32,c/properties/unreach-call.prp,True
2LS,c/eca-rers2012/Problem10_label37.c,32,c/properties/unreach-call.prp,True
2LS,c/product-lines/elevator_spec1_product28.cil.c,32,c/properties/termination.prp,True
2LS,c/product-lines/elevator_spec1_product28.cil.c,32,c/properties/unreach-call.prp,False
2LS,c/nla-digbench/divbin.i,32,c/properties/unreach-call.prp,False
2LS,c/nla-digbench/divbin.i,32,c/properties/no-overflow.prp,True
2LS,c/product-lines/email_spec6_product29.cil.c,32,c/properties/termination.prp,True
2LS,c/product-lines/email_spec6_product29.cil.c,32,c/properties/unreach-call.prp,False
2LS,c/product-lines/elevator_spec1_product18.cil.c,32,c/properties/termination.prp,True
2LS,c/product-lines/elevator_spec1_product18.cil.c,32,c/properties/unreach-call.prp,False
2LS,c/hardness-nfm22/hardness_operatoramount_amount500_file-46.i,32,c/properties/unreach-call.prp,True
2LS,c/eca-rers2012/Problem10_label04.c,32,c/properties/unreach-call.prp,True
2LS,c/eca-rers2012/Problem10_label22.c,32,c/properties/unreach-call.prp,True
2LS,c/nla-digbench-scaling/divbin_unwindbound5.i,32,c/properties/unreach-call.prp,True
2LS,c/nla-digbench-scaling/divbin_unwindbound5.i,32,c/properties/no-overflow.prp,True
2LS,c/hardness-nfm22/hardness_loopvsstraightlinecode_100-1loop_file-81.i,32,c/properties/unreach-call.prp,True
2LS,c/eca-rers2012/Problem10_label02.c,32,c/properties/unreach-call.prp,True
2LS,c/product-lines/email_spec7_product34.cil.c,32,c/properties/termination.prp,True
2LS,c/product-lines/email_spec7_product34.cil.c,32,c/properties/unreach-call.prp,False
2LS,c/eca-rers2012/Problem10_label38.c,32,c/properties/unreach-call.prp,True
2LS,c/eca-rers2012/Problem10_label41.c,32,c/properties/unreach-call.prp,False
2LS,c/eca-rers2012/Problem10_label14.c,32,c/properties/unreach-call.prp,True
2LS,c/hardness-nfm22/hardness_loopvsstraightlinecode_100-while_file-40.i,32,c/properties/unreach-call.prp,True
2LS,c/product-lines/email_spec27_product32.cil.c,32,c/properties/termination.prp,True
2LS,c/product-lines/email_spec27_product32.cil.c,32,c/properties/unreach-call.prp,False
2LS,c/eca-rers2012/Problem10_label23.c,32,c/properties/unreach-call.prp,True
2LS,c/product-lines/email_spec11_product26.cil.c,32,c/properties/termination.prp,True
2LS,c/product-lines/email_spec11_product26.cil.c,32,c/properties/unreach-call.prp,False
2LS,c/product-lines/email_spec9_product32.cil.c,32,c/properties/termination.prp,True
2LS,c/product-lines/email_spec9_product32.cil.c,32,c/properties/unreach-call.prp,False
2LS,c/eca-rers2012/Problem10_label16.c,32,c/properties/unreach-call.prp,True
2LS,c/nla-digbench-scaling/ps5-ll_valuebound1.c,32,c/properties/unreach-call.prp,True
2LS,c/nla-digbench-scaling/ps5-ll_valuebound1.c,32,c/properties/no-overflow.prp,True
2LS,c/hardness-nfm22/hardness_variablewrapping_wrapper-p_file-52.i,32,c/properties/unreach-call.prp,True
2LS,c/eca-rers2012/Problem10_label31.c,32,c/properties/unreach-call.prp,True
2LS,c/combinations/gcd_1+newton_3_1.i,32,c/properties/unreach-call.prp,True
2LS,c/bitvector/byte_add-2.i,32,c/properties/no-overflow.prp,False
2LS,c/eca-rers2012/Problem10_label45.c,32,c/properties/unreach-call.prp,True
2LS,c/eca-rers2012/Problem10_label44.c,32,c/properties/unreach-call.prp,True
2LS,c/product-lines/elevator_spec1_product26.cil.c,32,c/properties/termination.prp,True
2LS,c/product-lines/elevator_spec1_product26.cil.c,32,c/properties/unreach-call.prp,False
2LS,c/hardness-nfm22/hardness_variablewrapping_wrapper-sp_file-52.i,32,c/properties/unreach-call.prp,True
2LS,c/product-lines/email_spec27_product23.cil.c,32,c/properties/termination.prp,True
2LS,c/product-lines/email_spec27_product23.cil.c,32,c/properties/unreach-call.prp,False
2LS,c/eca-rers2012/Problem10_label43.c,32,c/properties/unreach-call.prp,True
2LS,c/nla-digbench-scaling/hard2_unwindbound2.c,32,c/properties/unreach-call.prp,False
2LS,c/nla-digbench-scaling/hard2_unwindbound2.c,32,c/properties/no-overflow.prp,True
2LS,c/eca-rers2012/Problem10_label30.c,32,c/properties/unreach-call.prp,True
2LS,c/eca-rers2012/Problem10_label39.c,32,c/properties/unreach-call.prp,True
2LS,c/eca-rers2012/Problem10_label19.c,32,c/properties/unreach-call.prp,True
2LS,c/product-lines/elevator_spec2_product32.cil.c,32,c/properties/termination.prp,True
2LS,c/product-lines/elevator_spec2_product32.cil.c,32,c/properties/unreach-call.prp,False
2LS,c/combinations/gcd_3+newton_3_2.i,32,c/properties/unreach-call.prp,True
2LS,c/nla-digbench-scaling/prodbin-ll_valuebound50.c,32,c/properties/unreach-call.prp,True
2LS,c/nla-digbench-scaling/prodbin-ll_valuebound50.c,32,c/properties/no-overflow.prp,True
2LS,c/eca-rers2012/Problem10_label08.c,32,c/properties/unreach-call.prp,True
2LS,c/eca-rers2012/Problem10_label07.c,32,c/properties/unreach-call.prp,True
2LS,c/eca-rers2012/Problem10_label33.c,32,c/properties/unreach-call.prp,True
2LS,c/hardness-nfm22/hardness_operatoramount_amount250_file-71.i,32,c/properties/unreach-call.prp,True
2LS,c/product-lines/email_spec27_product25.cil.c,32,c/properties/termination.prp,True
2LS,c/product-lines/email_spec27_product25.cil.c,32,c/properties/unreach-call.prp,False
2LS,c/eca-rers2012/Problem10_label50.c,32,c/properties/unreach-call.prp,False
2LS,c/product-lines/email_spec1_product35.cil.c,32,c/properties/termination.prp,True
2LS,c/product-lines/email_spec1_product35.cil.c,32,c/properties/unreach-call.prp,False
2LS,c/product-lines/elevator_spec3_product26.cil.c,32,c/properties/termination.prp,True
2LS,c/product-lines/elevator_spec3_product26.cil.c,32,c/properties/unreach-call.prp,True
2LS,c/eca-rers2012/Problem10_label57.c,32,c/properties/unreach-call.prp,False
2LS,c/eca-rers2012/Problem10_label26.c,32,c/properties/unreach-call.prp,False
2LS,c/eca-rers2012/Problem10_label51.c,32,c/properties/unreach-call.prp,True
2LS,c/product-lines/elevator_spec14_productSimulator.cil.c,32,c/properties/termination.prp,True
2LS,c/product-lines/elevator_spec14_productSimulator.cil.c,32,c/properties/unreach-call.prp,False
2LS,c/combinations/square_4+soft_float_5a.c.cil.c,32,c/properties/unreach-call.prp,True
2LS,c/eca-rers2012/Problem10_label15.c,32,c/properties/unreach-call.prp,False
2LS,c/eca-rers2012/Problem10_label47.c,32,c/properties/unreach-call.prp,False
2LS,c/product-lines/email_spec27_product27.cil.c,32,c/properties/termination.prp,True
2LS,c/product-lines/email_spec27_product27.cil.c,32,c/properties/unreach-call.prp,False
2LS,c/eca-rers2012/Problem10_label49.c,32,c/properties/unreach-call.prp,True
2LS,c/eca-rers2012/Problem10_label54.c,32,c/properties/unreach-call.prp,True
2LS,c/hardness-nfm22/hardness_loopvsstraightlinecode_100-while_file-84.i,32,c/properties/unreach-call.prp,True
2LS,c/product-lines/elevator_spec9_product32.cil.c,32,c/properties/termination.prp,True
2LS,c/product-lines/elevator_spec9_product32.cil.c,32,c/properties/unreach-call.prp,False
2LS,c/nla-digbench-scaling/cohencu-ll_valuebound5.c,32,c/properties/unreach-call.prp,True
2LS,c/nla-digbench-scaling/cohencu-ll_valuebound5.c,32,c/properties/no-overflow.prp,True
2LS,c/combinations/gcd_4+newton_2_5.i,32,c/properties/unreach-call.prp,True
2LS,c/product-lines/elevator_spec3_productSimulator.cil.c,32,c/properties/termination.prp,True
2LS,c/product-lines/elevator_spec3_productSimulator.cil.c,32,c/properties/unreach-call.prp,False
2LS,c/product-lines/elevator_spec2_product22.cil.c,32,c/properties/termination.prp,True
2LS,c/product-lines/elevator_spec2_product22.cil.c,32,c/properties/unreach-call.prp,False
2LS,c/hardness-nfm22/hardness_operatoramount_amount250_file-55.i,32,c/properties/unreach-call.prp,True
2LS,c/eca-rers2012/Problem10_label55.c,32,c/properties/unreach-call.prp,False
2LS,c/combinations/square_7+soft_float_4-2a.c.cil.c,32,c/properties/unreach-call.prp,True
2LS,c/hardware-verification-bv/btor2c-lazyMod.sw_state_machine.c,64,c/properties/unreach-call.prp,True
2LS,c/hardness-nfm22/hardness_operatoramount_amount250_file-38.i,32,c/properties/unreach-call.prp,True
2LS,c/eca-rers2012/Problem10_label12.c,32,c/properties/unreach-call.prp,False
2LS,c/product-lines/email_spec8_product35.cil.c,32,c/properties/termination.prp,True
2LS,c/product-lines/email_spec8_product35.cil.c,32,c/properties/unreach-call.prp,False
2LS,c/hardness-nfm22/hardness_loopvsstraightlinecode_100-1loop_file-40.i,32,c/properties/unreach-call.prp,True
2LS,c/product-lines/email_spec6_product32.cil.c,32,c/properties/termination.prp,True
2LS,c/product-lines/email_spec6_product32.cil.c,32,c/properties/unreach-call.prp,False
2LS,c/forester-heap/sll-queue-2.i,32,c/properties/unreach-call.prp,False
2LS,c/forester-heap/sll-queue-2.i,32,c/properties/valid-memcleanup.prp,False
2LS,c/product-lines/elevator_spec9_product30.cil.c,32,c/properties/termination.prp,True
2LS,c/product-lines/elevator_spec9_product30.cil.c,32,c/properties/unreach-call.prp,False
2LS,c/product-lines/elevator_spec2_product30.cil.c,32,c/properties/termination.prp,True
2LS,c/product-lines/elevator_spec2_product30.cil.c,32,c/properties/unreach-call.prp,False
2LS,c/eca-rers2012/Problem10_label06.c,32,c/properties/unreach-call.prp,True
2LS,c/product-lines/elevator_spec1_product30.cil.c,32,c/properties/termination.prp,True
2LS,c/product-lines/elevator_spec1_product30.cil.c,32,c/properties/unreach-call.prp,False
2LS,c/eca-rers2012/Problem10_label09.c,32,c/properties/unreach-call.prp,True
2LS,c/product-lines/email_spec1_product26.cil.c,32,c/properties/termination.prp,True
2LS,c/product-lines/email_spec1_product26.cil.c,32,c/properties/unreach-call.prp,False
2LS,c/eca-rers2012/Problem10_label42.c,32,c/properties/unreach-call.prp,False
2LS,c/list-simple/dll2n_update_all.i,32,c/properties/no-overflow.prp,True
2LS,c/list-simple/dll2n_update_all.i,32,c/properties/unreach-call.prp,True
2LS,c/list-simple/dll2n_update_all.i,32,c/properties/valid-memsafety.prp,True
2LS,c/product-lines/email_spec6_product35.cil.c,32,c/properties/termination.prp,True
2LS,c/product-lines/email_spec6_product35.cil.c,32,c/properties/unreach-call.prp,False
2LS,c/product-lines/email_spec7_product35.cil.c,32,c/properties/termination.prp,True
2LS,c/product-lines/email_spec7_product35.cil.c,32,c/properties/unreach-call.prp,False
2LS,c/hardness-nfm22/hardness_variablewrapping_wrapper-sp_file-17.i,32,c/properties/unreach-call.prp,True
2LS,c/product-lines/elevator_spec2_product24.cil.c,32,c/properties/termination.prp,True
2LS,c/product-lines/elevator_spec2_product24.cil.c,32,c/properties/unreach-call.prp,False
2LS,c/eca-rers2012/Problem10_label29.c,32,c/properties/unreach-call.prp,False
2LS,c/eca-rers2012/Problem10_label11.c,32,c/properties/unreach-call.prp,True
2LS,c/hardware-verification-bv/btor2c-lazyMod.eq_sdp_v1.c,64,c/properties/unreach-call.prp,True
2LS,c/list-simple/sll2n_update_all.i,32,c/properties/no-overflow.prp,True
2LS,c/list-simple/sll2n_update_all.i,32,c/properties/unreach-call.prp,True
2LS,c/list-simple/sll2n_update_all.i,32,c/properties/valid-memsafety.prp,True
