task_name,input_file,data_model,property_file,expected
CBMC,c/eca-rers2012/Problem14_label41.c,32,c/properties/termination.prp,False
CBMC,c/eca-rers2012/Problem14_label41.c,32,c/properties/unreach-call.prp,False
CBMC,c/eca-rers2012/Problem15_label39.c,32,c/properties/unreach-call.prp,False
CBMC,c/ldv-validator-v0.8/linux-stable-4a349aa-1-32_7a-drivers--media--video--tlg2300--poseidon.ko-entry_point_ldv-val-v0.8.cil.out.i,64,c/properties/valid-memsafety.prp,False
CBMC,c/ldv-challenges/linux-3.14_linux-alloc-spinlock_drivers-net-ethernet-via-via-velocity.cil.i,64,c/properties/unreach-call.prp,True
CBMC,c/ldv-linux-4.0-rc1-mav/linux-4.0-rc1---drivers--input--touchscreen--elants_i2c.ko.cil.i,64,c/properties/unreach-call.prp,False
CBMC,c/nla-digbench-scaling/freire1_valuebound20.c,32,c/properties/unreach-call.prp,True
CBMC,c/nla-digbench-scaling/freire1_valuebound20.c,32,c/properties/no-overflow.prp,True
CBMC,c/floats-cdfpl/newton_3_8.i,32,c/properties/termination.prp,True
CBMC,c/floats-cdfpl/newton_3_8.i,32,c/properties/unreach-call.prp,False
CBMC,c/ldv-consumption/32_7a_cilled_linux-3.8-rc1-drivers--video--udlfb.ko-main.cil.out.i,64,c/properties/unreach-call.prp,True
CBMC,c/combinations/Problem05_label46+token_ring.14.cil.c,32,c/properties/unreach-call.prp,False
CBMC,c/hardware-verification-bv/btor2c-lazyMod.arbitrated_top_n3_w32_d32_e0.c,64,c/properties/unreach-call.prp,False
CBMC,c/eca-rers2012/Problem14_label28.c,32,c/properties/termination.prp,False
CBMC,c/eca-rers2012/Problem14_label28.c,32,c/properties/unreach-call.prp,False
CBMC,c/combinations/gcd_2+newton_1_4.i,32,c/properties/unreach-call.prp,False
CBMC,c/nla-digbench-scaling/fermat2-ll_valuebound20.c,32,c/properties/unreach-call.prp,True
CBMC,c/nla-digbench-scaling/fermat2-ll_valuebound20.c,32,c/properties/no-overflow.prp,True
CBMC,c/eca-rers2012/Problem14_label40.c,32,c/properties/termination.prp,False
CBMC,c/eca-rers2012/Problem14_label40.c,32,c/properties/unreach-call.prp,False
CBMC,c/seq-mthreaded/pals_lcr.3_overflow.ufo.UNBOUNDED.pals.c,32,c/properties/no-overflow.prp,True
CBMC,c/seq-mthreaded/pals_lcr.3_overflow.ufo.UNBOUNDED.pals.c,32,c/properties/unreach-call.prp,False
CBMC,c/seq-mthreaded/pals_lcr.3_overflow.ufo.UNBOUNDED.pals.c,32,c/properties/termination.prp,True
CBMC,c/eca-rers2012/Problem15_label41.c,32,c/properties/unreach-call.prp,False
CBMC,c/seq-mthreaded/pals_opt-floodmax.4_overflow.ufo.UNBOUNDED.pals.c,32,c/properties/unreach-call.prp,False
CBMC,c/seq-mthreaded/pals_opt-floodmax.4_overflow.ufo.UNBOUNDED.pals.c,32,c/properties/termination.prp,True
CBMC,c/nla-digbench-scaling/fermat1-ll_valuebound5.c,32,c/properties/unreach-call.prp,True
CBMC,c/nla-digbench-scaling/fermat1-ll_valuebound5.c,32,c/properties/no-overflow.prp,True
CBMC,c/seq-mthreaded/rekcba_aso.4.M4.c,32,c/properties/unreach-call.prp,False
CBMC,c/eca-rers2012/Problem14_label37.c,32,c/properties/termination.prp,False
CBMC,c/eca-rers2012/Problem14_label37.c,32,c/properties/unreach-call.prp,False
CBMC,c/eca-rers2012/Problem14_label52.c,32,c/properties/termination.prp,False
CBMC,c/eca-rers2012/Problem14_label52.c,32,c/properties/unreach-call.prp,False
CBMC,c/hardware-verification-bv/btor2c-lazyMod.pouring.1.prop1-back-serstep.c,64,c/properties/unreach-call.prp,False
CBMC,c/Juliet_Test/CWE190_Integer_Overflow__int_fgets_square_04_good.i,64,c/properties/no-overflow.prp,True
CBMC,c/eca-rers2012/Problem14_label11.c,32,c/properties/termination.prp,False
CBMC,c/eca-rers2012/Problem14_label11.c,32,c/properties/unreach-call.prp,False
CBMC,c/eca-rers2012/Problem15_label18.c,32,c/properties/termination.prp,False
CBMC,c/eca-rers2012/Problem15_label18.c,32,c/properties/unreach-call.prp,False
CBMC,c/eca-rers2012/Problem14_label02.c,32,c/properties/termination.prp,False
CBMC,c/eca-rers2012/Problem14_label02.c,32,c/properties/unreach-call.prp,False
CBMC,c/array-examples/standard_init1_ground-1.i,32,c/properties/no-overflow.prp,True
CBMC,c/array-examples/standard_init1_ground-1.i,32,c/properties/unreach-call.prp,False
CBMC,c/eca-rers2012/Problem14_label43.c,32,c/properties/termination.prp,False
CBMC,c/eca-rers2012/Problem14_label43.c,32,c/properties/unreach-call.prp,False
CBMC,c/ldv-linux-4.2-rc1/linux-4.2-rc1.tar.xz-32_7a-drivers--scsi--initio.ko-entry_point.cil.out.i,64,c/properties/unreach-call.prp,True
CBMC,c/eca-rers2012/Problem12_label50.c,32,c/properties/unreach-call.prp,False
CBMC,c/Juliet_Test/CWE190_Integer_Overflow__int_fgets_square_12_good.i,64,c/properties/no-overflow.prp,True
CBMC,c/eca-rers2012/Problem14_label31.c,32,c/properties/termination.prp,False
CBMC,c/eca-rers2012/Problem14_label31.c,32,c/properties/unreach-call.prp,False
CBMC,c/hardware-verification-bv/btor2c-lazyMod.telephony.6.prop1-func-interl.c,64,c/properties/unreach-call.prp,False
CBMC,c/ldv-consumption/32_7a_cilled_linux-3.8-rc1-32_7a-drivers--net--wireless--zd1211rw--zd1211rw.ko-ldv_main7_sequence_infinite_withcheck_stateful.cil.out.i,64,c/properties/valid-memsafety.prp,False
CBMC,c/pthread/fib_unsafe-5.i,32,c/properties/unreach-call.prp,False
CBMC,c/pthread/fib_unsafe-5.i,32,c/properties/valid-memsafety.prp,True
CBMC,c/pthread/fib_unsafe-5.i,32,c/properties/no-overflow.prp,True
CBMC,c/pthread/fib_unsafe-5.i,32,c/properties/no-data-race.prp,True
CBMC,c/ldv-linux-3.4-simple/43_1a_cilled_ok_nondet_linux-43_1a-drivers--media--video--gspca--gspca_jl2005bcd.ko-ldv_main0_sequence_infinite_withcheck_stateful.cil.out.i,64,c/properties/unreach-call.prp,True
CBMC,c/eca-rers2012/Problem14_label39.c,32,c/properties/termination.prp,False
CBMC,c/eca-rers2012/Problem14_label39.c,32,c/properties/unreach-call.prp,False
CBMC,c/combinations/gcd_1+newton_1_3.i,32,c/properties/unreach-call.prp,True
CBMC,c/ldv-linux-3.16-rc1/205_9a_array_unsafes_linux-3.16-rc1.tar.xz-205_9a-drivers--net--wireless--zd1211rw--zd1211rw.ko-entry_point.cil.out.i,64,c/properties/unreach-call.prp,False
CBMC,c/aws-c-common/aws_hash_table_put_harness_negated.i,64,c/properties/unreach-call.prp,False
CBMC,c/combinations/gcd_4+newton_3_8.i,32,c/properties/unreach-call.prp,False
CBMC,c/ldv-validator-v0.6/linux-stable-4a349aa-1-32_7a-drivers--media--video--tlg2300--poseidon.ko-entry_point.cil.out.i,64,c/properties/valid-memsafety.prp,False
CBMC,c/ldv-linux-4.2-rc1/linux-4.2-rc1.tar.xz-43_2a-drivers--staging--vt6656--vt6656_stage.ko-entry_point.cil.out.i,64,c/properties/unreach-call.prp,True
CBMC,c/Juliet_Test/CWE190_Integer_Overflow__int_fgets_square_05_good.i,64,c/properties/no-overflow.prp,True
CBMC,c/hardware-verification-bv/btor2c-lazyMod.telephony.8.prop1-func-interl.c,64,c/properties/unreach-call.prp,False
CBMC,c/nla-digbench-scaling/hard-ll_unwindbound20.c,32,c/properties/unreach-call.prp,False
CBMC,c/nla-digbench-scaling/hard-ll_unwindbound20.c,32,c/properties/no-overflow.prp,True
CBMC,c/eca-rers2012/Problem14_label18.c,32,c/properties/termination.prp,False
CBMC,c/eca-rers2012/Problem14_label18.c,32,c/properties/unreach-call.prp,False
CBMC,c/nla-digbench-scaling/egcd3-ll_valuebound10.c,32,c/properties/unreach-call.prp,True
CBMC,c/nla-digbench-scaling/egcd3-ll_valuebound10.c,32,c/properties/no-overflow.prp,True
CBMC,c/eca-rers2012/Problem14_label08.c,32,c/properties/termination.prp,False
CBMC,c/eca-rers2012/Problem14_label08.c,32,c/properties/unreach-call.prp,False
CBMC,c/neural-networks/softsign_w16_r2_case_1_unsafe.c-amalgamation.i,32,c/properties/unreach-call.prp,False
CBMC,c/ldv-linux-4.2-rc1/linux-4.2-rc1.tar.xz-43_2a-drivers--scsi--initio.ko-entry_point.cil.out.i,64,c/properties/unreach-call.prp,True
CBMC,c/ldv-linux-3.4-simple/32_1_cilled_ok_nondet_linux-3.4-32_1-drivers--media--video--gspca--gspca_finepix.ko-ldv_main0_sequence_infinite_withcheck_stateful.cil.out.i,64,c/properties/unreach-call.prp,True
CBMC,c/loop-new/count_by_2.i,32,c/properties/no-overflow.prp,True
CBMC,c/loop-new/count_by_2.i,32,c/properties/termination.prp,True
CBMC,c/loop-new/count_by_2.i,32,c/properties/unreach-call.prp,True
CBMC,c/floats-cdfpl/newton_1_3.i,32,c/properties/termination.prp,True
CBMC,c/floats-cdfpl/newton_1_3.i,32,c/properties/unreach-call.prp,True
CBMC,c/eca-rers2012/Problem12_label25.c,32,c/properties/unreach-call.prp,False
CBMC,c/uthash-2.0.2/uthash_BER_test10-3.i,32,c/properties/unreach-call.prp,True
CBMC,c/uthash-2.0.2/uthash_BER_test10-3.i,32,c/properties/termination.prp,True
CBMC,c/uthash-2.0.2/uthash_BER_test10-3.i,32,c/properties/valid-memsafety.prp,False
CBMC,c/uthash-2.0.2/uthash_FNV_test10-1.i,32,c/properties/unreach-call.prp,True
CBMC,c/uthash-2.0.2/uthash_FNV_test10-1.i,32,c/properties/termination.prp,True
CBMC,c/uthash-2.0.2/uthash_FNV_test10-1.i,32,c/properties/no-overflow.prp,True
CBMC,c/uthash-2.0.2/uthash_FNV_test10-1.i,32,c/properties/valid-memsafety.prp,False
CBMC,c/uthash-2.0.2/uthash_FNV_test10-1.i,32,c/properties/valid-memcleanup.prp,False
CBMC,c/Juliet_Test/CWE190_Integer_Overflow__int_fgets_square_21_good.i,64,c/properties/no-overflow.prp,True
CBMC,c/floats-cdfpl/newton_2_8.i,32,c/properties/termination.prp,True
CBMC,c/floats-cdfpl/newton_2_8.i,32,c/properties/unreach-call.prp,False
CBMC,c/uthash-2.0.2/uthash_SAX_test10-1.i,32,c/properties/unreach-call.prp,True
CBMC,c/uthash-2.0.2/uthash_SAX_test10-1.i,32,c/properties/termination.prp,True
CBMC,c/uthash-2.0.2/uthash_SAX_test10-1.i,32,c/properties/no-overflow.prp,True
CBMC,c/uthash-2.0.2/uthash_SAX_test10-1.i,32,c/properties/valid-memsafety.prp,False
CBMC,c/uthash-2.0.2/uthash_SAX_test10-1.i,32,c/properties/valid-memcleanup.prp,False
CBMC,c/neural-networks/poly_128_thresh_4_unsafe.c-amalgamation.i,32,c/properties/unreach-call.prp,False
CBMC,c/uthash-2.0.2/uthash_FNV_test10-1.i,32,c/properties/unreach-call.prp,True
CBMC,c/uthash-2.0.2/uthash_FNV_test10-1.i,32,c/properties/termination.prp,True
CBMC,c/uthash-2.0.2/uthash_FNV_test10-1.i,32,c/properties/no-overflow.prp,True
CBMC,c/uthash-2.0.2/uthash_FNV_test10-1.i,32,c/properties/valid-memsafety.prp,False
CBMC,c/uthash-2.0.2/uthash_FNV_test10-1.i,32,c/properties/valid-memcleanup.prp,False
CBMC,c/combinations/gcd_1+newton_2_8.i,32,c/properties/unreach-call.prp,False
CBMC,c/Juliet_Test/CWE190_Integer_Overflow__int_fgets_square_15_good.i,64,c/properties/no-overflow.prp,True
CBMC,c/neural-networks/lunarlander_61_unsafe.c-amalgamation.i,32,c/properties/unreach-call.prp,False
CBMC,c/eca-rers2012/Problem14_label22.c,32,c/properties/termination.prp,False
CBMC,c/eca-rers2012/Problem14_label22.c,32,c/properties/unreach-call.prp,False
CBMC,c/ldv-linux-4.2-rc1/linux-4.2-rc1.tar.xz-43_2a-drivers--media--usb--cpia2--cpia2.ko-entry_point.cil.out.i,64,c/properties/unreach-call.prp,True
CBMC,c/Juliet_Test/CWE190_Integer_Overflow__int_fgets_square_13_good.i,64,c/properties/no-overflow.prp,True
CBMC,c/uthash-2.0.2/uthash_JEN_test10-2.i,32,c/properties/unreach-call.prp,True
CBMC,c/uthash-2.0.2/uthash_JEN_test10-2.i,32,c/properties/termination.prp,True
CBMC,c/uthash-2.0.2/uthash_JEN_test10-2.i,32,c/properties/valid-memsafety.prp,False
CBMC,c/uthash-2.0.2/uthash_FNV_test10-1.i,32,c/properties/unreach-call.prp,True
CBMC,c/uthash-2.0.2/uthash_FNV_test10-1.i,32,c/properties/termination.prp,True
CBMC,c/uthash-2.0.2/uthash_FNV_test10-1.i,32,c/properties/no-overflow.prp,True
CBMC,c/uthash-2.0.2/uthash_FNV_test10-1.i,32,c/properties/valid-memsafety.prp,False
CBMC,c/uthash-2.0.2/uthash_FNV_test10-1.i,32,c/properties/valid-memcleanup.prp,False
CBMC,c/loops-crafted-1/Mono4_1.c,32,c/properties/unreach-call.prp,False
CBMC,c/uthash-2.0.2/uthash_SAX_test10-1.i,32,c/properties/unreach-call.prp,True
CBMC,c/uthash-2.0.2/uthash_SAX_test10-1.i,32,c/properties/termination.prp,True
CBMC,c/uthash-2.0.2/uthash_SAX_test10-1.i,32,c/properties/no-overflow.prp,True
CBMC,c/uthash-2.0.2/uthash_SAX_test10-1.i,32,c/properties/valid-memsafety.prp,False
CBMC,c/uthash-2.0.2/uthash_SAX_test10-1.i,32,c/properties/valid-memcleanup.prp,False
CBMC,c/uthash-2.0.2/uthash_BER_test10-3.i,32,c/properties/unreach-call.prp,True
CBMC,c/uthash-2.0.2/uthash_BER_test10-3.i,32,c/properties/termination.prp,True
CBMC,c/uthash-2.0.2/uthash_BER_test10-3.i,32,c/properties/valid-memsafety.prp,False
CBMC,c/neural-networks/lunarlander_50_unsafe.c-amalgamation.i,32,c/properties/unreach-call.prp,False
CBMC,c/neural-networks/lunarlander_59_unsafe.c-amalgamation.i,32,c/properties/unreach-call.prp,False
CBMC,c/neural-networks/lunarlander_55_unsafe.c-amalgamation.i,32,c/properties/unreach-call.prp,False
CBMC,c/uthash-2.0.2/uthash_JEN_test10-2.i,32,c/properties/unreach-call.prp,True
CBMC,c/uthash-2.0.2/uthash_JEN_test10-2.i,32,c/properties/termination.prp,True
CBMC,c/uthash-2.0.2/uthash_JEN_test10-2.i,32,c/properties/valid-memsafety.prp,False
CBMC,c/neural-networks/lunarlander_10_unsafe.c-amalgamation.i,32,c/properties/unreach-call.prp,False
CBMC,c/neural-networks/lunarlander_34_unsafe.c-amalgamation.i,32,c/properties/unreach-call.prp,False
CBMC,c/hardware-verification-bv/btor2c-lazyMod.szymanski.4.prop1-func-interl.c,64,c/properties/unreach-call.prp,False
CBMC,c/eca-rers2012/Problem14_label54.c,32,c/properties/termination.prp,False
CBMC,c/eca-rers2012/Problem14_label54.c,32,c/properties/unreach-call.prp,False
CBMC,c/uthash-2.0.2/uthash_OAT_test10-1.i,32,c/properties/unreach-call.prp,True
CBMC,c/uthash-2.0.2/uthash_OAT_test10-1.i,32,c/properties/termination.prp,True
CBMC,c/uthash-2.0.2/uthash_OAT_test10-1.i,32,c/properties/no-overflow.prp,True
CBMC,c/uthash-2.0.2/uthash_OAT_test10-1.i,32,c/properties/valid-memsafety.prp,False
CBMC,c/uthash-2.0.2/uthash_OAT_test10-1.i,32,c/properties/valid-memcleanup.prp,False
CBMC,c/pthread/fib_safe-5.i,32,c/properties/unreach-call.prp,True
CBMC,c/pthread/fib_safe-5.i,32,c/properties/valid-memsafety.prp,True
CBMC,c/pthread/fib_safe-5.i,32,c/properties/no-overflow.prp,True
CBMC,c/pthread/fib_safe-5.i,32,c/properties/no-data-race.prp,True
CBMC,c/neural-networks/lunarlander_37_unsafe.c-amalgamation.i,32,c/properties/unreach-call.prp,False
CBMC,c/uthash-2.0.2/uthash_SAX_test10-2.i,32,c/properties/unreach-call.prp,True
CBMC,c/uthash-2.0.2/uthash_SAX_test10-2.i,32,c/properties/termination.prp,True
CBMC,c/uthash-2.0.2/uthash_SAX_test10-2.i,32,c/properties/valid-memsafety.prp,False
CBMC,c/neural-networks/lunarlander_14_unsafe.c-amalgamation.i,32,c/properties/unreach-call.prp,False
CBMC,c/neural-networks/lunarlander_13_unsafe.c-amalgamation.i,32,c/properties/unreach-call.prp,False
CBMC,c/uthash-2.0.2/uthash_SFH_test10-1.i,32,c/properties/unreach-call.prp,True
CBMC,c/uthash-2.0.2/uthash_SFH_test10-1.i,32,c/properties/termination.prp,True
CBMC,c/uthash-2.0.2/uthash_SFH_test10-1.i,32,c/properties/no-overflow.prp,True
CBMC,c/uthash-2.0.2/uthash_SFH_test10-1.i,32,c/properties/valid-memsafety.prp,False
CBMC,c/uthash-2.0.2/uthash_SFH_test10-1.i,32,c/properties/valid-memcleanup.prp,False
CBMC,c/uthash-2.0.2/uthash_FNV_test10-3.i,32,c/properties/unreach-call.prp,True
CBMC,c/uthash-2.0.2/uthash_FNV_test10-3.i,32,c/properties/termination.prp,True
CBMC,c/uthash-2.0.2/uthash_FNV_test10-3.i,32,c/properties/valid-memsafety.prp,False
CBMC,c/eca-rers2012/Problem14_label29.c,32,c/properties/termination.prp,False
CBMC,c/eca-rers2012/Problem14_label29.c,32,c/properties/unreach-call.prp,False
CBMC,c/neural-networks/lunarlander_95_unsafe.c-amalgamation.i,32,c/properties/unreach-call.prp,False
CBMC,c/ldv-linux-4.2-rc1/linux-4.2-rc1.tar.xz-32_7a-drivers--net--wireless--zd1211rw--zd1211rw.ko-entry_point.cil.out.i,64,c/properties/unreach-call.prp,True
CBMC,c/uthash-2.0.2/uthash_SAX_test10-3.i,32,c/properties/unreach-call.prp,True
CBMC,c/uthash-2.0.2/uthash_SAX_test10-3.i,32,c/properties/termination.prp,True
CBMC,c/uthash-2.0.2/uthash_SAX_test10-3.i,32,c/properties/valid-memsafety.prp,False
CBMC,c/neural-networks/lunarlander_85_unsafe.c-amalgamation.i,32,c/properties/unreach-call.prp,False
CBMC,c/ldv-linux-4.2-rc1/linux-4.2-rc1.tar.xz-32_7a-drivers--media--usb--cpia2--cpia2.ko-entry_point.cil.out.i,64,c/properties/unreach-call.prp,False
CBMC,c/neural-networks/lunarlander_27_unsafe.c-amalgamation.i,32,c/properties/unreach-call.prp,False
CBMC,c/neural-networks/lunarlander_35_unsafe.c-amalgamation.i,32,c/properties/unreach-call.prp,False
CBMC,c/neural-networks/tanh_w64_r2_case_0_safe.c-amalgamation.i,32,c/properties/unreach-call.prp,True
CBMC,c/uthash-2.0.2/uthash_SFH_test10-2.i,32,c/properties/unreach-call.prp,True
CBMC,c/uthash-2.0.2/uthash_SFH_test10-2.i,32,c/properties/termination.prp,True
CBMC,c/uthash-2.0.2/uthash_SFH_test10-2.i,32,c/properties/valid-memsafety.prp,False
CBMC,c/neural-networks/lunarlander_73_unsafe.c-amalgamation.i,32,c/properties/unreach-call.prp,False
CBMC,c/eca-rers2012/Problem14_label44.c,32,c/properties/termination.prp,False
CBMC,c/eca-rers2012/Problem14_label44.c,32,c/properties/unreach-call.prp,False
CBMC,c/neural-networks/lunarlander_5_unsafe.c-amalgamation.i,32,c/properties/unreach-call.prp,False
CBMC,c/eca-rers2012/Problem12_label37.c,32,c/properties/unreach-call.prp,False
CBMC,c/neural-networks/lunarlander_57_unsafe.c-amalgamation.i,32,c/properties/unreach-call.prp,False
CBMC,c/ldv-consumption/32_7a_cilled_linux-3.8-rc1-32_7a-fs--nfs--nfsv4.ko-ldv_main4_sequence_infinite_withcheck_stateful.cil.out.i,64,c/properties/unreach-call.prp,True
CBMC,c/eca-rers2012/Problem14_label13.c,32,c/properties/termination.prp,False
CBMC,c/eca-rers2012/Problem14_label13.c,32,c/properties/unreach-call.prp,False
CBMC,c/nla-digbench-scaling/egcd2-ll_valuebound10.c,32,c/properties/unreach-call.prp,True
CBMC,c/nla-digbench-scaling/egcd2-ll_valuebound10.c,32,c/properties/no-overflow.prp,True
CBMC,c/uthash-2.0.2/uthash_JEN_test9-1.i,32,c/properties/unreach-call.prp,True
CBMC,c/uthash-2.0.2/uthash_JEN_test9-1.i,32,c/properties/termination.prp,True
CBMC,c/uthash-2.0.2/uthash_JEN_test9-1.i,32,c/properties/no-overflow.prp,True
CBMC,c/uthash-2.0.2/uthash_JEN_test9-1.i,32,c/properties/valid-memsafety.prp,False
CBMC,c/uthash-2.0.2/uthash_JEN_test9-1.i,32,c/properties/valid-memcleanup.prp,False
CBMC,c/neural-networks/lunarlander_97_unsafe.c-amalgamation.i,32,c/properties/unreach-call.prp,False
CBMC,c/neural-networks/lunarlander_0_unsafe.c-amalgamation.i,32,c/properties/unreach-call.prp,False
CBMC,c/ldv-validator-v0.6/linux-stable-39a1d13-1-101_1a-drivers--block--virtio_blk.ko-entry_point.cil.out.i,64,c/properties/unreach-call.prp,False
CBMC,c/uthash-2.0.2/uthash_OAT_test10-1.i,32,c/properties/unreach-call.prp,True
CBMC,c/uthash-2.0.2/uthash_OAT_test10-1.i,32,c/properties/termination.prp,True
CBMC,c/uthash-2.0.2/uthash_OAT_test10-1.i,32,c/properties/no-overflow.prp,True
CBMC,c/uthash-2.0.2/uthash_OAT_test10-1.i,32,c/properties/valid-memsafety.prp,False
CBMC,c/uthash-2.0.2/uthash_OAT_test10-1.i,32,c/properties/valid-memcleanup.prp,False
CBMC,c/psyco/psyco_abp_1-1.c,32,c/properties/no-overflow.prp,True
CBMC,c/psyco/psyco_abp_1-1.c,32,c/properties/termination.prp,False
CBMC,c/psyco/psyco_abp_1-1.c,32,c/properties/unreach-call.prp,False
CBMC,c/uthash-2.0.2/uthash_FNV_test10-2.i,32,c/properties/unreach-call.prp,True
CBMC,c/uthash-2.0.2/uthash_FNV_test10-2.i,32,c/properties/termination.prp,True
CBMC,c/uthash-2.0.2/uthash_FNV_test10-2.i,32,c/properties/valid-memsafety.prp,False
CBMC,c/uthash-2.0.2/uthash_SFH_test10-3.i,32,c/properties/unreach-call.prp,True
CBMC,c/uthash-2.0.2/uthash_SFH_test10-3.i,32,c/properties/termination.prp,True
CBMC,c/uthash-2.0.2/uthash_SFH_test10-3.i,32,c/properties/valid-memsafety.prp,False
CBMC,c/Juliet_Test/CWE190_Integer_Overflow__int_fgets_square_02_good.i,64,c/properties/no-overflow.prp,True
CBMC,c/uthash-2.0.2/uthash_FNV_test10-2.i,32,c/properties/unreach-call.prp,True
CBMC,c/uthash-2.0.2/uthash_FNV_test10-2.i,32,c/properties/termination.prp,True
CBMC,c/uthash-2.0.2/uthash_FNV_test10-2.i,32,c/properties/valid-memsafety.prp,False
CBMC,c/neural-networks/lunarlander_51_unsafe.c-amalgamation.i,32,c/properties/unreach-call.prp,False
CBMC,c/seq-mthreaded/rekh_ctm.4.c,32,c/properties/termination.prp,True
CBMC,c/seq-mthreaded/rekh_ctm.4.c,32,c/properties/unreach-call.prp,True
CBMC,c/combinations/gcd_4+newton_2_8.i,32,c/properties/unreach-call.prp,False
CBMC,c/uthash-2.0.2/uthash_SFH_test10-2.i,32,c/properties/unreach-call.prp,True
CBMC,c/uthash-2.0.2/uthash_SFH_test10-2.i,32,c/properties/termination.prp,True
CBMC,c/uthash-2.0.2/uthash_SFH_test10-2.i,32,c/properties/valid-memsafety.prp,False
CBMC,c/array-industry-pattern/array_range_init.i,32,c/properties/no-overflow.prp,True
CBMC,c/array-industry-pattern/array_range_init.i,32,c/properties/unreach-call.prp,False
CBMC,c/neural-networks/lunarlander_38_unsafe.c-amalgamation.i,32,c/properties/unreach-call.prp,False
CBMC,c/recursive-simple/fibo_25-2.c,32,c/properties/unreach-call.prp,True
CBMC,c/uthash-2.0.2/uthash_BER_test10-2.i,32,c/properties/unreach-call.prp,True
CBMC,c/uthash-2.0.2/uthash_BER_test10-2.i,32,c/properties/termination.prp,True
CBMC,c/uthash-2.0.2/uthash_BER_test10-2.i,32,c/properties/valid-memsafety.prp,False
CBMC,c/neural-networks/lunarlander_25_unsafe.c-amalgamation.i,32,c/properties/unreach-call.prp,False
CBMC,c/Juliet_Test/CWE190_Integer_Overflow__int_fgets_square_09_good.i,64,c/properties/no-overflow.prp,True
CBMC,c/uthash-2.0.2/uthash_JEN_test10-1.i,32,c/properties/unreach-call.prp,True
CBMC,c/uthash-2.0.2/uthash_JEN_test10-1.i,32,c/properties/termination.prp,True
CBMC,c/uthash-2.0.2/uthash_JEN_test10-1.i,32,c/properties/no-overflow.prp,True
CBMC,c/uthash-2.0.2/uthash_JEN_test10-1.i,32,c/properties/valid-memsafety.prp,False
CBMC,c/uthash-2.0.2/uthash_JEN_test10-1.i,32,c/properties/valid-memcleanup.prp,False
CBMC,c/neural-networks/lunarlander_42_unsafe.c-amalgamation.i,32,c/properties/unreach-call.prp,False
CBMC,c/neural-networks/lunarlander_41_unsafe.c-amalgamation.i,32,c/properties/unreach-call.prp,False
CBMC,c/uthash-2.0.2/uthash_SFH_test10-1.i,32,c/properties/unreach-call.prp,True
CBMC,c/uthash-2.0.2/uthash_SFH_test10-1.i,32,c/properties/termination.prp,True
CBMC,c/uthash-2.0.2/uthash_SFH_test10-1.i,32,c/properties/no-overflow.prp,True
CBMC,c/uthash-2.0.2/uthash_SFH_test10-1.i,32,c/properties/valid-memsafety.prp,False
CBMC,c/uthash-2.0.2/uthash_SFH_test10-1.i,32,c/properties/valid-memcleanup.prp,False
CBMC,c/uthash-2.0.2/uthash_JEN_test10-3.i,32,c/properties/unreach-call.prp,True
CBMC,c/uthash-2.0.2/uthash_JEN_test10-3.i,32,c/properties/termination.prp,True
CBMC,c/uthash-2.0.2/uthash_JEN_test10-3.i,32,c/properties/valid-memsafety.prp,False
CBMC,c/eca-rers2012/Problem15_label47.c,32,c/properties/unreach-call.prp,False
CBMC,c/ldv-linux-4.2-rc1/linux-4.2-rc1.tar.xz-08_1a-drivers--iio--accel--kxcjk-1013.ko-entry_point.cil.out.i,64,c/properties/valid-memsafety.prp,False
CBMC,c/hardware-verification-bv/btor2c-lazyMod.arbitrated_top_n4_w8_d32_e0.c,64,c/properties/unreach-call.prp,False
CBMC,c/neural-networks/lunarlander_46_unsafe.c-amalgamation.i,32,c/properties/unreach-call.prp,False
CBMC,c/uthash-2.0.2/uthash_BER_test10-1.i,32,c/properties/unreach-call.prp,True
CBMC,c/uthash-2.0.2/uthash_BER_test10-1.i,32,c/properties/termination.prp,True
CBMC,c/uthash-2.0.2/uthash_BER_test10-1.i,32,c/properties/no-overflow.prp,True
CBMC,c/uthash-2.0.2/uthash_BER_test10-1.i,32,c/properties/valid-memsafety.prp,False
CBMC,c/uthash-2.0.2/uthash_BER_test10-1.i,32,c/properties/valid-memcleanup.prp,False
CBMC,c/neural-networks/lunarlander_60_unsafe.c-amalgamation.i,32,c/properties/unreach-call.prp,False
CBMC,c/uthash-2.0.2/uthash_SAX_test10-3.i,32,c/properties/unreach-call.prp,True
CBMC,c/uthash-2.0.2/uthash_SAX_test10-3.i,32,c/properties/termination.prp,True
CBMC,c/uthash-2.0.2/uthash_SAX_test10-3.i,32,c/properties/valid-memsafety.prp,False
CBMC,c/neural-networks/lunarlander_69_unsafe.c-amalgamation.i,32,c/properties/unreach-call.prp,False
CBMC,c/neural-networks/lunarlander_9_unsafe.c-amalgamation.i,32,c/properties/unreach-call.prp,False
CBMC,c/uthash-2.0.2/uthash_SFH_test9-1.i,32,c/properties/unreach-call.prp,True
CBMC,c/uthash-2.0.2/uthash_SFH_test9-1.i,32,c/properties/termination.prp,True
CBMC,c/uthash-2.0.2/uthash_SFH_test9-1.i,32,c/properties/no-overflow.prp,True
CBMC,c/uthash-2.0.2/uthash_SFH_test9-1.i,32,c/properties/valid-memsafety.prp,False
CBMC,c/uthash-2.0.2/uthash_SFH_test9-1.i,32,c/properties/valid-memcleanup.prp,False
CBMC,c/seq-pthread/cs_queue-1.i,32,c/properties/unreach-call.prp,True
CBMC,c/uthash-2.0.2/uthash_JEN_test10-1.i,32,c/properties/unreach-call.prp,True
CBMC,c/uthash-2.0.2/uthash_JEN_test10-1.i,32,c/properties/termination.prp,True
CBMC,c/uthash-2.0.2/uthash_JEN_test10-1.i,32,c/properties/no-overflow.prp,True
CBMC,c/uthash-2.0.2/uthash_JEN_test10-1.i,32,c/properties/valid-memsafety.prp,False
CBMC,c/uthash-2.0.2/uthash_JEN_test10-1.i,32,c/properties/valid-memcleanup.prp,False
CBMC,c/seq-mthreaded/rekcba_aso.1.M4-2.c,32,c/properties/unreach-call.prp,False
CBMC,c/uthash-2.0.2/uthash_FNV_test9-1.i,32,c/properties/unreach-call.prp,True
CBMC,c/uthash-2.0.2/uthash_FNV_test9-1.i,32,c/properties/termination.prp,True
CBMC,c/uthash-2.0.2/uthash_FNV_test9-1.i,32,c/properties/no-overflow.prp,True
CBMC,c/uthash-2.0.2/uthash_FNV_test9-1.i,32,c/properties/valid-memsafety.prp,False
CBMC,c/uthash-2.0.2/uthash_FNV_test9-1.i,32,c/properties/valid-memcleanup.prp,False
CBMC,c/uthash-2.0.2/uthash_SFH_test10-1.i,32,c/properties/unreach-call.prp,True
CBMC,c/uthash-2.0.2/uthash_SFH_test10-1.i,32,c/properties/termination.prp,True
CBMC,c/uthash-2.0.2/uthash_SFH_test10-1.i,32,c/properties/no-overflow.prp,True
CBMC,c/uthash-2.0.2/uthash_SFH_test10-1.i,32,c/properties/valid-memsafety.prp,False
CBMC,c/uthash-2.0.2/uthash_SFH_test10-1.i,32,c/properties/valid-memcleanup.prp,False
CBMC,c/neural-networks/lunarlander_30_unsafe.c-amalgamation.i,32,c/properties/unreach-call.prp,False
CBMC,c/pthread/fib_safe-7.i,32,c/properties/unreach-call.prp,True
CBMC,c/pthread/fib_safe-7.i,32,c/properties/valid-memsafety.prp,True
CBMC,c/pthread/fib_safe-7.i,32,c/properties/no-overflow.prp,True
CBMC,c/pthread/fib_safe-7.i,32,c/properties/no-data-race.prp,True
CBMC,c/Juliet_Test/CWE190_Integer_Overflow__int_fgets_square_10_good.i,64,c/properties/no-overflow.prp,True
CBMC,c/neural-networks/lunarlander_76_unsafe.c-amalgamation.i,32,c/properties/unreach-call.prp,False
CBMC,c/uthash-2.0.2/uthash_SFH_test9-1.i,32,c/properties/unreach-call.prp,True
CBMC,c/uthash-2.0.2/uthash_SFH_test9-1.i,32,c/properties/termination.prp,True
CBMC,c/uthash-2.0.2/uthash_SFH_test9-1.i,32,c/properties/no-overflow.prp,True
CBMC,c/uthash-2.0.2/uthash_SFH_test9-1.i,32,c/properties/valid-memsafety.prp,False
CBMC,c/uthash-2.0.2/uthash_SFH_test9-1.i,32,c/properties/valid-memcleanup.prp,False
CBMC,c/neural-networks/lunarlander_40_unsafe.c-amalgamation.i,32,c/properties/unreach-call.prp,False
CBMC,c/uthash-2.0.2/uthash_JEN_test10-3.i,32,c/properties/unreach-call.prp,True
CBMC,c/uthash-2.0.2/uthash_JEN_test10-3.i,32,c/properties/termination.prp,True
CBMC,c/uthash-2.0.2/uthash_JEN_test10-3.i,32,c/properties/valid-memsafety.prp,False
CBMC,c/uthash-2.0.2/uthash_FNV_test10-3.i,32,c/properties/unreach-call.prp,True
CBMC,c/uthash-2.0.2/uthash_FNV_test10-3.i,32,c/properties/termination.prp,True
CBMC,c/uthash-2.0.2/uthash_FNV_test10-3.i,32,c/properties/valid-memsafety.prp,False
CBMC,c/neural-networks/lunarlander_7_unsafe.c-amalgamation.i,32,c/properties/unreach-call.prp,False
CBMC,c/neural-networks/lunarlander_47_unsafe.c-amalgamation.i,32,c/properties/unreach-call.prp,False
CBMC,c/nla-digbench-scaling/egcd-ll_unwindbound5.c,32,c/properties/unreach-call.prp,False
CBMC,c/nla-digbench-scaling/egcd-ll_unwindbound5.c,32,c/properties/no-overflow.prp,True
CBMC,c/neural-networks/poly_16_16_16_16_thresh_3_unsafe.c-amalgamation.i,32,c/properties/unreach-call.prp,False
CBMC,c/neural-networks/lunarlander_23_unsafe.c-amalgamation.i,32,c/properties/unreach-call.prp,False
CBMC,c/ldv-validator-v0.8/linux-stable-39a1d13-1-101_1a-drivers--block--virtio_blk.ko-entry_point_ldv-val-v0.8.cil.out.i,64,c/properties/unreach-call.prp,False
CBMC,c/hardware-verification-bv/btor2c-lazyMod.arbitrated_top_n5_w8_d32_e0.c,64,c/properties/unreach-call.prp,False
CBMC,c/uthash-2.0.2/uthash_OAT_test10-2.i,32,c/properties/unreach-call.prp,True
CBMC,c/uthash-2.0.2/uthash_OAT_test10-2.i,32,c/properties/termination.prp,True
CBMC,c/uthash-2.0.2/uthash_OAT_test10-2.i,32,c/properties/valid-memsafety.prp,False
CBMC,c/hardware-verification-bv/btor2c-lazyMod.anderson.7.prop1-func-interl.c,64,c/properties/unreach-call.prp,False
CBMC,c/uthash-2.0.2/uthash_JEN_test9-1.i,32,c/properties/unreach-call.prp,True
CBMC,c/uthash-2.0.2/uthash_JEN_test9-1.i,32,c/properties/termination.prp,True
CBMC,c/uthash-2.0.2/uthash_JEN_test9-1.i,32,c/properties/no-overflow.prp,True
CBMC,c/uthash-2.0.2/uthash_JEN_test9-1.i,32,c/properties/valid-memsafety.prp,False
CBMC,c/uthash-2.0.2/uthash_JEN_test9-1.i,32,c/properties/valid-memcleanup.prp,False
CBMC,c/neural-networks/lunarlander_29_unsafe.c-amalgamation.i,32,c/properties/unreach-call.prp,False
CBMC,c/uthash-2.0.2/uthash_SAX_test9-1.i,32,c/properties/unreach-call.prp,True
CBMC,c/uthash-2.0.2/uthash_SAX_test9-1.i,32,c/properties/termination.prp,True
CBMC,c/uthash-2.0.2/uthash_SAX_test9-1.i,32,c/properties/no-overflow.prp,True
CBMC,c/uthash-2.0.2/uthash_SAX_test9-1.i,32,c/properties/valid-memsafety.prp,False
CBMC,c/uthash-2.0.2/uthash_SAX_test9-1.i,32,c/properties/valid-memcleanup.prp,False
CBMC,c/xcsp/Haystacks-12.c,32,c/properties/unreach-call.prp,True
CBMC,c/neural-networks/lunarlander_8_unsafe.c-amalgamation.i,32,c/properties/unreach-call.prp,False
CBMC,c/neural-networks/lunarlander_58_unsafe.c-amalgamation.i,32,c/properties/unreach-call.prp,False
CBMC,c/neural-networks/lunarlander_65_unsafe.c-amalgamation.i,32,c/properties/unreach-call.prp,False
CBMC,c/neural-networks/lunarlander_49_unsafe.c-amalgamation.i,32,c/properties/unreach-call.prp,False
CBMC,c/neural-networks/lunarlander_98_unsafe.c-amalgamation.i,32,c/properties/unreach-call.prp,False
CBMC,c/weaver/chl-name-comparator-trans.wvr.c,32,c/properties/unreach-call.prp,True
CBMC,c/weaver/chl-name-comparator-trans.wvr.c,32,c/properties/valid-memsafety.prp,True
CBMC,c/weaver/chl-name-comparator-trans.wvr.c,32,c/properties/no-overflow.prp,True
CBMC,c/weaver/chl-name-comparator-trans.wvr.c,32,c/properties/no-data-race.prp,True
CBMC,c/array-industry-pattern/array_assert_loop_dep.i,32,c/properties/no-overflow.prp,True
CBMC,c/array-industry-pattern/array_assert_loop_dep.i,32,c/properties/termination.prp,True
CBMC,c/array-industry-pattern/array_assert_loop_dep.i,32,c/properties/unreach-call.prp,False
CBMC,c/neural-networks/lunarlander_1_unsafe.c-amalgamation.i,32,c/properties/unreach-call.prp,False
CBMC,c/seq-mthreaded/pals_floodmax.5_overflow.ufo.UNBOUNDED.pals.c,32,c/properties/unreach-call.prp,False
CBMC,c/seq-mthreaded/pals_floodmax.5_overflow.ufo.UNBOUNDED.pals.c,32,c/properties/termination.prp,True
CBMC,c/neural-networks/lunarlander_36_unsafe.c-amalgamation.i,32,c/properties/unreach-call.prp,False
CBMC,c/neural-networks/lunarlander_71_unsafe.c-amalgamation.i,32,c/properties/unreach-call.prp,False
CBMC,c/uthash-2.0.2/uthash_JEN_test10-1.i,32,c/properties/unreach-call.prp,True
CBMC,c/uthash-2.0.2/uthash_JEN_test10-1.i,32,c/properties/termination.prp,True
CBMC,c/uthash-2.0.2/uthash_JEN_test10-1.i,32,c/properties/no-overflow.prp,True
CBMC,c/uthash-2.0.2/uthash_JEN_test10-1.i,32,c/properties/valid-memsafety.prp,False
CBMC,c/uthash-2.0.2/uthash_JEN_test10-1.i,32,c/properties/valid-memcleanup.prp,False
CBMC,c/Juliet_Test/CWE190_Integer_Overflow__int_fgets_square_03_good.i,64,c/properties/no-overflow.prp,True
CBMC,c/uthash-2.0.2/uthash_JEN_test9-1.i,32,c/properties/unreach-call.prp,True
CBMC,c/uthash-2.0.2/uthash_JEN_test9-1.i,32,c/properties/termination.prp,True
CBMC,c/uthash-2.0.2/uthash_JEN_test9-1.i,32,c/properties/no-overflow.prp,True
CBMC,c/uthash-2.0.2/uthash_JEN_test9-1.i,32,c/properties/valid-memsafety.prp,False
CBMC,c/uthash-2.0.2/uthash_JEN_test9-1.i,32,c/properties/valid-memcleanup.prp,False
CBMC,c/floats-cdfpl/square_7.i,32,c/properties/termination.prp,True
CBMC,c/floats-cdfpl/square_7.i,32,c/properties/unreach-call.prp,True
CBMC,c/combinations/gcd_4+newton_1_3.i,32,c/properties/unreach-call.prp,True
CBMC,c/neural-networks/lunarlander_43_unsafe.c-amalgamation.i,32,c/properties/unreach-call.prp,False
CBMC,c/neural-networks/lunarlander_96_unsafe.c-amalgamation.i,32,c/properties/unreach-call.prp,False
CBMC,c/neural-networks/lunarlander_39_unsafe.c-amalgamation.i,32,c/properties/unreach-call.prp,False
CBMC,c/neural-networks/lunarlander_81_unsafe.c-amalgamation.i,32,c/properties/unreach-call.prp,False
CBMC,c/neural-networks/lunarlander_68_unsafe.c-amalgamation.i,32,c/properties/unreach-call.prp,False
CBMC,c/hardware-verification-bv/btor2c-lazyMod.shift_register_top_w16_d16_e0.c,64,c/properties/unreach-call.prp,False
CBMC,c/neural-networks/lunarlander_18_unsafe.c-amalgamation.i,32,c/properties/unreach-call.prp,False
CBMC,c/loop-acceleration/multivar_1-1.c,32,c/properties/termination.prp,True
CBMC,c/loop-acceleration/multivar_1-1.c,32,c/properties/unreach-call.prp,True
CBMC,c/neural-networks/lunarlander_84_unsafe.c-amalgamation.i,32,c/properties/unreach-call.prp,False
CBMC,c/uthash-2.0.2/uthash_SAX_test9-1.i,32,c/properties/unreach-call.prp,True
CBMC,c/uthash-2.0.2/uthash_SAX_test9-1.i,32,c/properties/termination.prp,True
CBMC,c/uthash-2.0.2/uthash_SAX_test9-1.i,32,c/properties/no-overflow.prp,True
CBMC,c/uthash-2.0.2/uthash_SAX_test9-1.i,32,c/properties/valid-memsafety.prp,False
CBMC,c/uthash-2.0.2/uthash_SAX_test9-1.i,32,c/properties/valid-memcleanup.prp,False
CBMC,c/uthash-2.0.2/uthash_OAT_test9-1.i,32,c/properties/unreach-call.prp,True
CBMC,c/uthash-2.0.2/uthash_OAT_test9-1.i,32,c/properties/termination.prp,True
CBMC,c/uthash-2.0.2/uthash_OAT_test9-1.i,32,c/properties/no-overflow.prp,True
CBMC,c/uthash-2.0.2/uthash_OAT_test9-1.i,32,c/properties/valid-memsafety.prp,False
CBMC,c/uthash-2.0.2/uthash_OAT_test9-1.i,32,c/properties/valid-memcleanup.prp,False
CBMC,c/uthash-2.0.2/uthash_SAX_test9-1.i,32,c/properties/unreach-call.prp,True
CBMC,c/uthash-2.0.2/uthash_SAX_test9-1.i,32,c/properties/termination.prp,True
CBMC,c/uthash-2.0.2/uthash_SAX_test9-1.i,32,c/properties/no-overflow.prp,True
CBMC,c/uthash-2.0.2/uthash_SAX_test9-1.i,32,c/properties/valid-memsafety.prp,False
CBMC,c/uthash-2.0.2/uthash_SAX_test9-1.i,32,c/properties/valid-memcleanup.prp,False
CBMC,c/neural-networks/lunarlander_77_unsafe.c-amalgamation.i,32,c/properties/unreach-call.prp,False
CBMC,c/neural-networks/lunarlander_24_unsafe.c-amalgamation.i,32,c/properties/unreach-call.prp,False
CBMC,c/hardware-verification-bv/btor2c-lazyMod.arbitrated_top_n4_w16_d32_e0.c,64,c/properties/unreach-call.prp,False
CBMC,c/neural-networks/lunarlander_70_unsafe.c-amalgamation.i,32,c/properties/unreach-call.prp,False
CBMC,c/ldv-linux-3.4-simple/43_1a_cilled_ok_nondet_linux-43_1a-drivers--media--video--gspca--gspca_pac207.ko-ldv_main0_sequence_infinite_withcheck_stateful.cil.out.i,64,c/properties/unreach-call.prp,True
CBMC,c/neural-networks/lunarlander_32_unsafe.c-amalgamation.i,32,c/properties/unreach-call.prp,False
CBMC,c/uthash-2.0.2/uthash_OAT_test9-1.i,32,c/properties/unreach-call.prp,True
CBMC,c/uthash-2.0.2/uthash_OAT_test9-1.i,32,c/properties/termination.prp,True
CBMC,c/uthash-2.0.2/uthash_OAT_test9-1.i,32,c/properties/no-overflow.prp,True
CBMC,c/uthash-2.0.2/uthash_OAT_test9-1.i,32,c/properties/valid-memsafety.prp,False
CBMC,c/uthash-2.0.2/uthash_OAT_test9-1.i,32,c/properties/valid-memcleanup.prp,False
CBMC,c/loop-new/count_by_1.i,32,c/properties/no-overflow.prp,True
CBMC,c/loop-new/count_by_1.i,32,c/properties/termination.prp,True
CBMC,c/loop-new/count_by_1.i,32,c/properties/unreach-call.prp,True
CBMC,c/uthash-2.0.2/uthash_BER_test9-1.i,32,c/properties/unreach-call.prp,True
CBMC,c/uthash-2.0.2/uthash_BER_test9-1.i,32,c/properties/termination.prp,True
CBMC,c/uthash-2.0.2/uthash_BER_test9-1.i,32,c/properties/no-overflow.prp,True
CBMC,c/uthash-2.0.2/uthash_BER_test9-1.i,32,c/properties/valid-memsafety.prp,False
CBMC,c/uthash-2.0.2/uthash_BER_test9-1.i,32,c/properties/valid-memcleanup.prp,False
CBMC,c/neural-networks/lunarlander_62_unsafe.c-amalgamation.i,32,c/properties/unreach-call.prp,False
CBMC,c/neural-networks/lunarlander_33_unsafe.c-amalgamation.i,32,c/properties/unreach-call.prp,False
CBMC,c/uthash-2.0.2/uthash_BER_test10-1.i,32,c/properties/unreach-call.prp,True
CBMC,c/uthash-2.0.2/uthash_BER_test10-1.i,32,c/properties/termination.prp,True
CBMC,c/uthash-2.0.2/uthash_BER_test10-1.i,32,c/properties/no-overflow.prp,True
CBMC,c/uthash-2.0.2/uthash_BER_test10-1.i,32,c/properties/valid-memsafety.prp,False
CBMC,c/uthash-2.0.2/uthash_BER_test10-1.i,32,c/properties/valid-memcleanup.prp,False
CBMC,c/neural-networks/lunarlander_88_unsafe.c-amalgamation.i,32,c/properties/unreach-call.prp,False
CBMC,c/reducercommutativity/sum10-1.i,32,c/properties/termination.prp,True
CBMC,c/reducercommutativity/sum10-1.i,32,c/properties/unreach-call.prp,True
CBMC,c/neural-networks/cartpole_36_unsafe.c-amalgamation.i,32,c/properties/unreach-call.prp,False
CBMC,c/neural-networks/lunarlander_21_unsafe.c-amalgamation.i,32,c/properties/unreach-call.prp,False
CBMC,c/xcsp/CostasArray-17.c,32,c/properties/unreach-call.prp,False
CBMC,c/weaver/parallel-bakery-4.wvr.c,32,c/properties/unreach-call.prp,True
CBMC,c/weaver/parallel-bakery-4.wvr.c,32,c/properties/valid-memsafety.prp,True
CBMC,c/weaver/parallel-bakery-4.wvr.c,32,c/properties/no-overflow.prp,True
CBMC,c/weaver/parallel-bakery-4.wvr.c,32,c/properties/no-data-race.prp,True
CBMC,c/neural-networks/lunarlander_4_unsafe.c-amalgamation.i,32,c/properties/unreach-call.prp,False
CBMC,c/uthash-2.0.2/uthash_OAT_test10-3.i,32,c/properties/unreach-call.prp,True
CBMC,c/uthash-2.0.2/uthash_OAT_test10-3.i,32,c/properties/termination.prp,True
CBMC,c/uthash-2.0.2/uthash_OAT_test10-3.i,32,c/properties/valid-memsafety.prp,False
CBMC,c/hardware-verification-bv/btor2c-lazyMod.peg_solitaire.6.prop1-func-interl.c,64,c/properties/unreach-call.prp,False
CBMC,c/uthash-2.0.2/uthash_FNV_test9-1.i,32,c/properties/unreach-call.prp,True
CBMC,c/uthash-2.0.2/uthash_FNV_test9-1.i,32,c/properties/termination.prp,True
CBMC,c/uthash-2.0.2/uthash_FNV_test9-1.i,32,c/properties/no-overflow.prp,True
CBMC,c/uthash-2.0.2/uthash_FNV_test9-1.i,32,c/properties/valid-memsafety.prp,False
CBMC,c/uthash-2.0.2/uthash_FNV_test9-1.i,32,c/properties/valid-memcleanup.prp,False
CBMC,c/array-examples/standard_palindrome_ground.i,32,c/properties/no-overflow.prp,True
CBMC,c/array-examples/standard_palindrome_ground.i,32,c/properties/unreach-call.prp,True
CBMC,c/uthash-2.0.2/uthash_FNV_test9-1.i,32,c/properties/unreach-call.prp,True
CBMC,c/uthash-2.0.2/uthash_FNV_test9-1.i,32,c/properties/termination.prp,True
CBMC,c/uthash-2.0.2/uthash_FNV_test9-1.i,32,c/properties/no-overflow.prp,True
CBMC,c/uthash-2.0.2/uthash_FNV_test9-1.i,32,c/properties/valid-memsafety.prp,False
CBMC,c/uthash-2.0.2/uthash_FNV_test9-1.i,32,c/properties/valid-memcleanup.prp,False
CBMC,c/Juliet_Test/CWE190_Integer_Overflow__int_fgets_square_14_good.i,64,c/properties/no-overflow.prp,True
CBMC,c/ldv-consumption/32_7a_cilled_linux-3.8-rc1-32_7a-drivers--media--v4l2-core--videobuf-dma-contig.ko-ldv_main0_sequence_infinite_withcheck_stateful.cil.out.i,64,c/properties/no-overflow.prp,True
CBMC,c/ldv-consumption/32_7a_cilled_linux-3.8-rc1-32_7a-drivers--media--v4l2-core--videobuf-dma-contig.ko-ldv_main0_sequence_infinite_withcheck_stateful.cil.out.i,64,c/properties/unreach-call.prp,True
CBMC,c/neural-networks/lunarlander_11_unsafe.c-amalgamation.i,32,c/properties/unreach-call.prp,False
CBMC,c/neural-networks/lunarlander_15_unsafe.c-amalgamation.i,32,c/properties/unreach-call.prp,False
CBMC,c/neural-networks/lunarlander_44_unsafe.c-amalgamation.i,32,c/properties/unreach-call.prp,False
CBMC,c/weaver/chl-nzb-file-symm.wvr.c,32,c/properties/unreach-call.prp,True
CBMC,c/weaver/chl-nzb-file-symm.wvr.c,32,c/properties/valid-memsafety.prp,True
CBMC,c/weaver/chl-nzb-file-symm.wvr.c,32,c/properties/no-overflow.prp,True
CBMC,c/weaver/chl-nzb-file-symm.wvr.c,32,c/properties/no-data-race.prp,True
CBMC,c/uthash-2.0.2/uthash_BER_test9-1.i,32,c/properties/unreach-call.prp,True
CBMC,c/uthash-2.0.2/uthash_BER_test9-1.i,32,c/properties/termination.prp,True
CBMC,c/uthash-2.0.2/uthash_BER_test9-1.i,32,c/properties/no-overflow.prp,True
CBMC,c/uthash-2.0.2/uthash_BER_test9-1.i,32,c/properties/valid-memsafety.prp,False
CBMC,c/uthash-2.0.2/uthash_BER_test9-1.i,32,c/properties/valid-memcleanup.prp,False
CBMC,c/neural-networks/lunarlander_56_unsafe.c-amalgamation.i,32,c/properties/unreach-call.prp,False
CBMC,c/hardware-verification-bv/btor2c-lazyMod.frogs.2.prop1-func-interl.c,64,c/properties/unreach-call.prp,False
CBMC,c/floats-cdfpl/square_6.i,32,c/properties/termination.prp,True
CBMC,c/floats-cdfpl/square_6.i,32,c/properties/unreach-call.prp,True
CBMC,c/neural-networks/lunarlander_63_unsafe.c-amalgamation.i,32,c/properties/unreach-call.prp,False
CBMC,c/hardware-verification-bv/btor2c-lazyMod.production_cell.4.prop1-func-interl.c,64,c/properties/unreach-call.prp,False
CBMC,c/seq-mthreaded/pals_lcr.4_overflow.ufo.UNBOUNDED.pals.c,32,c/properties/unreach-call.prp,False
CBMC,c/seq-mthreaded/pals_lcr.4_overflow.ufo.UNBOUNDED.pals.c,32,c/properties/termination.prp,True
CBMC,c/hardware-verification-bv/btor2c-lazyMod.arbitrated_top_n4_w32_d32_e0.c,64,c/properties/unreach-call.prp,False
CBMC,c/bitvector/modulus-2.i,32,c/properties/no-overflow.prp,True
CBMC,c/bitvector/modulus-2.i,32,c/properties/unreach-call.prp,True
CBMC,c/array-examples/standard_init1_ground-2.i,32,c/properties/no-overflow.prp,True
CBMC,c/array-examples/standard_init1_ground-2.i,32,c/properties/unreach-call.prp,True
CBMC,c/neural-networks/lunarlander_48_unsafe.c-amalgamation.i,32,c/properties/unreach-call.prp,False
CBMC,c/combinations/gcd_2+newton_3_8.i,32,c/properties/unreach-call.prp,False
CBMC,c/hardware-verification-bv/btor2c-lazyMod.arbitrated_top_n5_w16_d32_e0.c,64,c/properties/unreach-call.prp,False
CBMC,c/neural-networks/lunarlander_45_unsafe.c-amalgamation.i,32,c/properties/unreach-call.prp,False
CBMC,c/array-industry-pattern/array_assert_loop_dep.i,32,c/properties/no-overflow.prp,True
CBMC,c/array-industry-pattern/array_assert_loop_dep.i,32,c/properties/termination.prp,True
CBMC,c/array-industry-pattern/array_assert_loop_dep.i,32,c/properties/unreach-call.prp,False
CBMC,c/ldv-consumption/32_7a_cilled_linux-3.8-rc1-drivers--net--wireless--ipw2x00--ipw2200.ko-main.cil.out.i,64,c/properties/unreach-call.prp,True
CBMC,c/array-examples/sanfoundry_43_ground.i,32,c/properties/unreach-call.prp,True
CBMC,c/uthash-2.0.2/uthash_BER_test9-1.i,32,c/properties/unreach-call.prp,True
CBMC,c/uthash-2.0.2/uthash_BER_test9-1.i,32,c/properties/termination.prp,True
CBMC,c/uthash-2.0.2/uthash_BER_test9-1.i,32,c/properties/no-overflow.prp,True
CBMC,c/uthash-2.0.2/uthash_BER_test9-1.i,32,c/properties/valid-memsafety.prp,False
CBMC,c/uthash-2.0.2/uthash_BER_test9-1.i,32,c/properties/valid-memcleanup.prp,False
CBMC,c/neural-networks/lunarlander_28_unsafe.c-amalgamation.i,32,c/properties/unreach-call.prp,False
CBMC,c/uthash-2.0.2/uthash_BER_test10-2.i,32,c/properties/unreach-call.prp,True
CBMC,c/uthash-2.0.2/uthash_BER_test10-2.i,32,c/properties/termination.prp,True
CBMC,c/uthash-2.0.2/uthash_BER_test10-2.i,32,c/properties/valid-memsafety.prp,False
CBMC,c/uthash-2.0.2/uthash_SFH_test9-1.i,32,c/properties/unreach-call.prp,True
CBMC,c/uthash-2.0.2/uthash_SFH_test9-1.i,32,c/properties/termination.prp,True
CBMC,c/uthash-2.0.2/uthash_SFH_test9-1.i,32,c/properties/no-overflow.prp,True
CBMC,c/uthash-2.0.2/uthash_SFH_test9-1.i,32,c/properties/valid-memsafety.prp,False
CBMC,c/uthash-2.0.2/uthash_SFH_test9-1.i,32,c/properties/valid-memcleanup.prp,False
CBMC,c/neural-networks/lunarlander_16_unsafe.c-amalgamation.i,32,c/properties/unreach-call.prp,False
CBMC,c/Juliet_Test/CWE190_Integer_Overflow__int_fgets_square_07_good.i,64,c/properties/no-overflow.prp,True
CBMC,c/uthash-2.0.2/uthash_OAT_test10-3.i,32,c/properties/unreach-call.prp,True
CBMC,c/uthash-2.0.2/uthash_OAT_test10-3.i,32,c/properties/termination.prp,True
CBMC,c/uthash-2.0.2/uthash_OAT_test10-3.i,32,c/properties/valid-memsafety.prp,False
CBMC,c/array-examples/standard_init2_ground-2.i,32,c/properties/no-overflow.prp,True
CBMC,c/array-examples/standard_init2_ground-2.i,32,c/properties/unreach-call.prp,True
CBMC,c/uthash-2.0.2/uthash_OAT_test9-1.i,32,c/properties/unreach-call.prp,True
CBMC,c/uthash-2.0.2/uthash_OAT_test9-1.i,32,c/properties/termination.prp,True
CBMC,c/uthash-2.0.2/uthash_OAT_test9-1.i,32,c/properties/no-overflow.prp,True
CBMC,c/uthash-2.0.2/uthash_OAT_test9-1.i,32,c/properties/valid-memsafety.prp,False
CBMC,c/uthash-2.0.2/uthash_OAT_test9-1.i,32,c/properties/valid-memcleanup.prp,False
CBMC,c/seq-mthreaded/pals_opt-floodmax.3_overflow.ufo.UNBOUNDED.pals.c,32,c/properties/unreach-call.prp,False
CBMC,c/seq-mthreaded/pals_opt-floodmax.3_overflow.ufo.UNBOUNDED.pals.c,32,c/properties/termination.prp,True
CBMC,c/uthash-2.0.2/uthash_BER_test10-1.i,32,c/properties/unreach-call.prp,True
CBMC,c/uthash-2.0.2/uthash_BER_test10-1.i,32,c/properties/termination.prp,True
CBMC,c/uthash-2.0.2/uthash_BER_test10-1.i,32,c/properties/no-overflow.prp,True
CBMC,c/uthash-2.0.2/uthash_BER_test10-1.i,32,c/properties/valid-memsafety.prp,False
CBMC,c/uthash-2.0.2/uthash_BER_test10-1.i,32,c/properties/valid-memcleanup.prp,False
CBMC,c/uthash-2.0.2/uthash_SFH_test10-3.i,32,c/properties/unreach-call.prp,True
CBMC,c/uthash-2.0.2/uthash_SFH_test10-3.i,32,c/properties/termination.prp,True
CBMC,c/uthash-2.0.2/uthash_SFH_test10-3.i,32,c/properties/valid-memsafety.prp,False
CBMC,c/neural-networks/tanh_w64_r3_case_0_safe.c-amalgamation.i,32,c/properties/unreach-call.prp,True
CBMC,c/nla-digbench-scaling/knuth_unwindbound100.i,32,c/properties/unreach-call.prp,True
CBMC,c/nla-digbench-scaling/knuth_unwindbound100.i,32,c/properties/no-overflow.prp,True
CBMC,c/ldv-consumption/32_7a_cilled_linux-3.8-rc1-32_7a-drivers--media--v4l2-core--videobuf-dma-contig.ko-ldv_main0_sequence_infinite_withcheck_stateful.cil.out.i,64,c/properties/no-overflow.prp,True
CBMC,c/ldv-consumption/32_7a_cilled_linux-3.8-rc1-32_7a-drivers--media--v4l2-core--videobuf-dma-contig.ko-ldv_main0_sequence_infinite_withcheck_stateful.cil.out.i,64,c/properties/unreach-call.prp,True
CBMC,c/neural-networks/lunarlander_6_unsafe.c-amalgamation.i,32,c/properties/unreach-call.prp,False
CBMC,c/neural-networks/lunarlander_31_unsafe.c-amalgamation.i,32,c/properties/unreach-call.prp,False
CBMC,c/ldv-linux-3.16-rc1/43_2a_consumption_linux-3.16-rc1.tar.xz-43_2a-drivers--mtd--ubi--ubi.ko-entry_point.cil.out.i,64,c/properties/unreach-call.prp,True
CBMC,c/Juliet_Test/CWE190_Integer_Overflow__int_fgets_square_06_good.i,64,c/properties/no-overflow.prp,True
CBMC,c/neural-networks/lunarlander_86_unsafe.c-amalgamation.i,32,c/properties/unreach-call.prp,False
CBMC,c/Juliet_Test/CWE190_Integer_Overflow__int_fgets_square_22_good.i,64,c/properties/no-overflow.prp,True
CBMC,c/uthash-2.0.2/uthash_SAX_test10-1.i,32,c/properties/unreach-call.prp,True
CBMC,c/uthash-2.0.2/uthash_SAX_test10-1.i,32,c/properties/termination.prp,True
CBMC,c/uthash-2.0.2/uthash_SAX_test10-1.i,32,c/properties/no-overflow.prp,True
CBMC,c/uthash-2.0.2/uthash_SAX_test10-1.i,32,c/properties/valid-memsafety.prp,False
CBMC,c/uthash-2.0.2/uthash_SAX_test10-1.i,32,c/properties/valid-memcleanup.prp,False
CBMC,c/floats-cdfpl/newton_1_2.i,32,c/properties/termination.prp,True
CBMC,c/floats-cdfpl/newton_1_2.i,32,c/properties/unreach-call.prp,True
CBMC,c/Juliet_Test/CWE190_Integer_Overflow__int_fgets_square_11_good.i,64,c/properties/no-overflow.prp,True
CBMC,c/ldv-commit-tester/m0_drivers-media-video-cx88-cx88-blackbird-ko--32_7a--d47b389-1.i,64,c/properties/unreach-call.prp,True
CBMC,c/loops-crafted-1/Mono3_1.c,32,c/properties/unreach-call.prp,False
CBMC,c/array-examples/standard_init2_ground-1.i,32,c/properties/no-overflow.prp,True
CBMC,c/array-examples/standard_init2_ground-1.i,32,c/properties/unreach-call.prp,False
CBMC,c/ldv-linux-3.0/module_get_put-drivers-block-pktcdvd.ko.cil.out.i,64,c/properties/unreach-call.prp,False
CBMC,c/uthash-2.0.2/uthash_OAT_test10-2.i,32,c/properties/unreach-call.prp,True
CBMC,c/uthash-2.0.2/uthash_OAT_test10-2.i,32,c/properties/termination.prp,True
CBMC,c/uthash-2.0.2/uthash_OAT_test10-2.i,32,c/properties/valid-memsafety.prp,False
CBMC,c/Juliet_Test/CWE190_Integer_Overflow__int_fgets_square_08_good.i,64,c/properties/no-overflow.prp,True
CBMC,c/neural-networks/poly_128_thresh_3_unsafe.c-amalgamation.i,32,c/properties/unreach-call.prp,False
CBMC,c/combinations/pals_lcr.5.ufo.BOUNDED-10.pals+Problem12_label06.c,32,c/properties/unreach-call.prp,False
CBMC,c/neural-networks/lunarlander_53_unsafe.c-amalgamation.i,32,c/properties/unreach-call.prp,False
CBMC,c/array-examples/standard_copyInit_ground.i,32,c/properties/no-overflow.prp,True
CBMC,c/array-examples/standard_copyInit_ground.i,32,c/properties/unreach-call.prp,True
CBMC,c/neural-networks/lunarlander_22_unsafe.c-amalgamation.i,32,c/properties/unreach-call.prp,False
CBMC,c/ldv-linux-3.12-rc1/linux-3.12-rc1.tar.xz-144_2a-drivers--media--usb--stkwebcam--stkwebcam.ko-entry_point.cil.out.i,64,c/properties/valid-memsafety.prp,False
CBMC,c/ldv-consumption/32_7a_cilled_linux-3.8-rc1-drivers--scsi--scsi_tgt.ko-main.cil.out.i,64,c/properties/no-overflow.prp,True
CBMC,c/ldv-consumption/32_7a_cilled_linux-3.8-rc1-drivers--scsi--scsi_tgt.ko-main.cil.out.i,64,c/properties/unreach-call.prp,True
CBMC,c/uthash-2.0.2/uthash_OAT_test10-1.i,32,c/properties/unreach-call.prp,True
CBMC,c/uthash-2.0.2/uthash_OAT_test10-1.i,32,c/properties/termination.prp,True
CBMC,c/uthash-2.0.2/uthash_OAT_test10-1.i,32,c/properties/no-overflow.prp,True
CBMC,c/uthash-2.0.2/uthash_OAT_test10-1.i,32,c/properties/valid-memsafety.prp,False
CBMC,c/uthash-2.0.2/uthash_OAT_test10-1.i,32,c/properties/valid-memcleanup.prp,False
CBMC,c/hardware-verification-bv/btor2c-lazyMod.krebs.3.prop1-func-interl.c,64,c/properties/unreach-call.prp,False
CBMC,c/combinations/gcd_4+newton_1_2.i,32,c/properties/unreach-call.prp,True
CBMC,c/combinations/pals_lcr.5.ufo.UNBOUNDED.pals+Problem12_label03.c,32,c/properties/unreach-call.prp,False
CBMC,c/nla-digbench-scaling/lcm1_valuebound20.c,32,c/properties/unreach-call.prp,True
CBMC,c/nla-digbench-scaling/lcm1_valuebound20.c,32,c/properties/no-overflow.prp,True
CBMC,c/nla-digbench-scaling/knuth_unwindbound50.i,32,c/properties/unreach-call.prp,True
CBMC,c/nla-digbench-scaling/knuth_unwindbound50.i,32,c/properties/no-overflow.prp,True
CBMC,c/uthash-2.0.2/uthash_SAX_test10-2.i,32,c/properties/unreach-call.prp,True
CBMC,c/uthash-2.0.2/uthash_SAX_test10-2.i,32,c/properties/termination.prp,True
CBMC,c/uthash-2.0.2/uthash_SAX_test10-2.i,32,c/properties/valid-memsafety.prp,False
CBMC,c/neural-networks/lunarlander_66_unsafe.c-amalgamation.i,32,c/properties/unreach-call.prp,False
CBMC,c/ldv-consumption/linux-3.8-rc1-32_7a-drivers--scsi--mpt3sas--mpt3sas.ko-ldv_main4.cil.out.i,64,c/properties/valid-memsafety.prp,False
CBMC,c/hardware-verification-bv/btor2c-lazyMod.brp2.1.prop1-func-interl.c,64,c/properties/unreach-call.prp,False
CBMC,c/recursive-simple/fibo_2calls_25-2.c,32,c/properties/unreach-call.prp,True
CBMC,c/eca-rers2012/Problem12_label20.c,32,c/properties/unreach-call.prp,False
CBMC,c/seq-mthreaded/pals_opt-floodmax.5_overflow.ufo.UNBOUNDED.pals.c,32,c/properties/unreach-call.prp,False
CBMC,c/seq-mthreaded/pals_opt-floodmax.5_overflow.ufo.UNBOUNDED.pals.c,32,c/properties/termination.prp,True
CBMC,c/hardware-verification-bv/btor2c-lazyMod.synapse.5.prop1-back-serstep.c,64,c/properties/unreach-call.prp,False
CBMC,c/ldv-consumption/32_7a_cilled_linux-3.8-rc1-drivers--media--usb--cpia2--cpia2.ko-main.cil.out.i,64,c/properties/unreach-call.prp,False
CBMC,c/ldv-linux-3.16-rc1/43_2a_consumption_linux-3.16-rc1.tar.xz-43_2a-drivers--parport--parport_pc.ko-entry_point.cil.out.i,64,c/properties/unreach-call.prp,True
CBMC,c/eca-rers2012/Problem17_label54.c,32,c/properties/unreach-call.prp,False
CBMC,c/neural-networks/softsign_w8_r3_case_1_unsafe.c-amalgamation.i,32,c/properties/unreach-call.prp,False
CBMC,c/ldv-linux-4.2-rc1/linux-4.2-rc1.tar.xz-32_7a-drivers--video--fbdev--aty--radeonfb.ko-entry_point.cil.out.i,64,c/properties/unreach-call.prp,True
CBMC,c/neural-networks/lunarlander_93_unsafe.c-amalgamation.i,32,c/properties/unreach-call.prp,False
CBMC,c/neural-networks/lunarlander_20_unsafe.c-amalgamation.i,32,c/properties/unreach-call.prp,False
CBMC,c/reducercommutativity/sep60-2.i,32,c/properties/unreach-call.prp,True
CBMC,c/nla-digbench-scaling/egcd-ll_valuebound20.c,32,c/properties/unreach-call.prp,True
CBMC,c/nla-digbench-scaling/egcd-ll_valuebound20.c,32,c/properties/no-overflow.prp,True
CBMC,c/eca-rers2012/Problem12_label03.c,32,c/properties/unreach-call.prp,False
CBMC,c/loop-new/count_by_1.i,32,c/properties/no-overflow.prp,True
CBMC,c/loop-new/count_by_1.i,32,c/properties/termination.prp,True
CBMC,c/loop-new/count_by_1.i,32,c/properties/unreach-call.prp,True
CBMC,c/nla-digbench-scaling/egcd-ll_valuebound10.c,32,c/properties/unreach-call.prp,True
CBMC,c/nla-digbench-scaling/egcd-ll_valuebound10.c,32,c/properties/no-overflow.prp,True
CBMC,c/hardware-verification-bv/btor2c-lazyMod.blocks.4.prop1-back-serstep.c,64,c/properties/unreach-call.prp,False
CBMC,c/ldv-commit-tester/m0_drivers-media-video-cx88-cx88-blackbird-ko--32_7a--d47b389.i,64,c/properties/unreach-call.prp,True
CBMC,c/ldv-linux-4.2-rc1/linux-4.2-rc1.tar.xz-32_7a-drivers--net--wireless--ipw2x00--ipw2200.ko-entry_point.cil.out.i,64,c/properties/unreach-call.prp,True
CBMC,c/nla-digbench-scaling/hard2_unwindbound100.c,32,c/properties/unreach-call.prp,False
CBMC,c/nla-digbench-scaling/hard2_unwindbound100.c,32,c/properties/no-overflow.prp,True
CBMC,c/neural-networks/lunarlander_3_unsafe.c-amalgamation.i,32,c/properties/unreach-call.prp,False
CBMC,c/eca-rers2012/Problem12_label40.c,32,c/properties/unreach-call.prp,False
CBMC,c/seq-mthreaded/rekcba_nxt.2.M4-2.c,32,c/properties/unreach-call.prp,False
CBMC,c/combinations/pals_lcr.4.ufo.UNBOUNDED.pals+Problem12_label03.c,32,c/properties/unreach-call.prp,False
CBMC,c/array-industry-pattern/array_of_struct_loop_dep.i,32,c/properties/no-overflow.prp,True
CBMC,c/array-industry-pattern/array_of_struct_loop_dep.i,32,c/properties/unreach-call.prp,False
CBMC,c/seq-mthreaded/rekcba_aso.3.M4.c,32,c/properties/unreach-call.prp,False
CBMC,c/aws-c-common/aws_hash_table_clean_up_harness.i,64,c/properties/unreach-call.prp,True
CBMC,c/nla-digbench-scaling/fermat2-ll_valuebound100.c,32,c/properties/unreach-call.prp,True
CBMC,c/nla-digbench-scaling/fermat2-ll_valuebound100.c,32,c/properties/no-overflow.prp,True
CBMC,c/neural-networks/lunarlander_2_unsafe.c-amalgamation.i,32,c/properties/unreach-call.prp,False
CBMC,c/ldv-linux-4.2-rc1/linux-4.2-rc1.tar.xz-43_2a-drivers--net--wireless--zd1211rw--zd1211rw.ko-entry_point.cil.out.i,64,c/properties/unreach-call.prp,True
CBMC,c/hardware-verification-bv/btor2c-lazyMod.synapse.1.prop1-func-interl.c,64,c/properties/unreach-call.prp,False
CBMC,c/loop-new/count_by_1.i,32,c/properties/no-overflow.prp,True
CBMC,c/loop-new/count_by_1.i,32,c/properties/termination.prp,True
CBMC,c/loop-new/count_by_1.i,32,c/properties/unreach-call.prp,True
CBMC,c/combinations/gcd_2+newton_1_2.i,32,c/properties/unreach-call.prp,True
CBMC,c/ldv-linux-3.4-simple/43_1a_cilled_ok_nondet_linux-43_1a-drivers--net--wireless--ath--ath6kl--ath6kl_usb.ko-ldv_main0_sequence_infinite_withcheck_stateful.cil.out.i,64,c/properties/unreach-call.prp,True
CBMC,c/goblint-regression/36-apron_21-traces-cluster-based_true.i,32,c/properties/unreach-call.prp,True
CBMC,c/goblint-regression/36-apron_21-traces-cluster-based_true.i,32,c/properties/valid-memsafety.prp,True
CBMC,c/goblint-regression/36-apron_21-traces-cluster-based_true.i,32,c/properties/no-overflow.prp,True
CBMC,c/goblint-regression/36-apron_21-traces-cluster-based_true.i,32,c/properties/no-data-race.prp,True
CBMC,c/hardware-verification-bv/btor2c-lazyMod.brp2.3.prop1-func-interl.c,64,c/properties/unreach-call.prp,False
CBMC,c/pthread/fib_unsafe-6.i,32,c/properties/unreach-call.prp,False
CBMC,c/pthread/fib_unsafe-6.i,32,c/properties/valid-memsafety.prp,True
CBMC,c/pthread/fib_unsafe-6.i,32,c/properties/no-overflow.prp,True
CBMC,c/pthread/fib_unsafe-6.i,32,c/properties/no-data-race.prp,True
CBMC,c/ldv-linux-4.2-rc1/linux-4.2-rc1.tar.xz-43_2a-drivers--net--wireless--ipw2x00--ipw2200.ko-entry_point.cil.out.i,64,c/properties/unreach-call.prp,True
CBMC,c/ldv-linux-3.16-rc1/43_2a_consumption_linux-3.16-rc1.tar.xz-43_2a-drivers--net--wireless--ath--ath5k--ath5k.ko-entry_point.cil.out.i,64,c/properties/unreach-call.prp,True
CBMC,c/combinations/gcd_2+newton_1_1.i,32,c/properties/unreach-call.prp,True
CBMC,c/eca-rers2012/Problem12_label13.c,32,c/properties/unreach-call.prp,False
CBMC,c/pthread/fib_safe-7.i,32,c/properties/unreach-call.prp,True
CBMC,c/pthread/fib_safe-7.i,32,c/properties/valid-memsafety.prp,True
CBMC,c/pthread/fib_safe-7.i,32,c/properties/no-overflow.prp,True
CBMC,c/pthread/fib_safe-7.i,32,c/properties/no-data-race.prp,True
CBMC,c/hardware-verification-bv/btor2c-lazyMod.train-gate.3.prop1-func-interl.c,64,c/properties/unreach-call.prp,False
CBMC,c/array-examples/standard_init3_ground-1.i,32,c/properties/no-overflow.prp,True
CBMC,c/array-examples/standard_init3_ground-1.i,32,c/properties/unreach-call.prp,False
CBMC,c/nla-digbench-scaling/hard-ll_unwindbound20.c,32,c/properties/unreach-call.prp,False
CBMC,c/nla-digbench-scaling/hard-ll_unwindbound20.c,32,c/properties/no-overflow.prp,True
CBMC,c/neural-networks/lunarlander_87_unsafe.c-amalgamation.i,32,c/properties/unreach-call.prp,False
CBMC,c/ldv-linux-4.2-rc1/linux-4.2-rc1.tar.xz-08_1a-drivers--net--wireless--ipw2x00--ipw2200.ko-entry_point.cil.out.i,64,c/properties/unreach-call.prp,True
CBMC,c/ldv-consumption/32_7a_cilled_linux-3.8-rc1-drivers--scsi--scsi_tgt.ko-main.cil.out.i,64,c/properties/no-overflow.prp,True
CBMC,c/ldv-consumption/32_7a_cilled_linux-3.8-rc1-drivers--scsi--scsi_tgt.ko-main.cil.out.i,64,c/properties/unreach-call.prp,True
CBMC,c/eca-rers2012/Problem04_label55.c,32,c/properties/unreach-call.prp,False
CBMC,c/eca-rers2012/Problem17_label55.c,32,c/properties/unreach-call.prp,False
CBMC,c/array-examples/standard_copy1_ground-1.i,32,c/properties/no-overflow.prp,True
CBMC,c/array-examples/standard_copy1_ground-1.i,32,c/properties/unreach-call.prp,True
CBMC,c/ldv-consumption/32_7a_cilled_linux-3.8-rc1-32_7a-net--batman-adv--batman-adv.ko-ldv_main15_sequence_infinite_withcheck_stateful.cil.out.i,64,c/properties/unreach-call.prp,True
CBMC,c/pthread/fib_safe-6.i,32,c/properties/unreach-call.prp,True
CBMC,c/pthread/fib_safe-6.i,32,c/properties/valid-memsafety.prp,True
CBMC,c/pthread/fib_safe-6.i,32,c/properties/no-overflow.prp,True
CBMC,c/pthread/fib_safe-6.i,32,c/properties/no-data-race.prp,True
CBMC,c/float-benchs/zonotope_2.c,32,c/properties/no-overflow.prp,True
CBMC,c/float-benchs/zonotope_2.c,32,c/properties/termination.prp,True
CBMC,c/float-benchs/zonotope_2.c,32,c/properties/unreach-call.prp,True
CBMC,c/nla-digbench-scaling/egcd2-ll_valuebound20.c,32,c/properties/unreach-call.prp,True
CBMC,c/nla-digbench-scaling/egcd2-ll_valuebound20.c,32,c/properties/no-overflow.prp,True
CBMC,c/combinations/pals_lcr.8.ufo.BOUNDED-16.pals+Problem12_label03.c,32,c/properties/unreach-call.prp,False
CBMC,c/float-benchs/zonotope_2.c,32,c/properties/no-overflow.prp,True
CBMC,c/float-benchs/zonotope_2.c,32,c/properties/termination.prp,True
CBMC,c/float-benchs/zonotope_2.c,32,c/properties/unreach-call.prp,True
CBMC,c/float-benchs/zonotope_2.c,32,c/properties/no-overflow.prp,True
CBMC,c/float-benchs/zonotope_2.c,32,c/properties/termination.prp,True
CBMC,c/float-benchs/zonotope_2.c,32,c/properties/unreach-call.prp,True
CBMC,c/aws-c-common/aws_priority_queue_s_sift_down_harness.i,64,c/properties/no-overflow.prp,True
CBMC,c/aws-c-common/aws_priority_queue_s_sift_down_harness.i,64,c/properties/unreach-call.prp,True
CBMC,c/goblint-regression/06-symbeq_05-funloop_hard2.i,32,c/properties/no-data-race.prp,True
CBMC,c/goblint-regression/06-symbeq_05-funloop_hard2.i,32,c/properties/valid-memsafety.prp,True
CBMC,c/goblint-regression/06-symbeq_05-funloop_hard2.i,32,c/properties/no-overflow.prp,True
CBMC,c/combinations/pals_lcr.5.ufo.BOUNDED-10.pals+Problem12_label03.c,32,c/properties/unreach-call.prp,False
CBMC,c/nla-digbench-scaling/cohendiv-ll_unwindbound20.c,32,c/properties/unreach-call.prp,True
CBMC,c/nla-digbench-scaling/cohendiv-ll_unwindbound20.c,32,c/properties/no-overflow.prp,True
CBMC,c/pthread/fib_unsafe-7.i,32,c/properties/unreach-call.prp,False
CBMC,c/pthread/fib_unsafe-7.i,32,c/properties/valid-memsafety.prp,True
CBMC,c/pthread/fib_unsafe-7.i,32,c/properties/no-overflow.prp,True
CBMC,c/pthread/fib_unsafe-7.i,32,c/properties/no-data-race.prp,True
CBMC,c/ldv-linux-3.4-simple/43_1a_cilled_ok_nondet_linux-43_1a-drivers--net--arcnet--rfc1201.ko-ldv_main0_sequence_infinite_withcheck_stateful.cil.out.i,64,c/properties/termination.prp,True
CBMC,c/ldv-linux-3.4-simple/43_1a_cilled_ok_nondet_linux-43_1a-drivers--net--arcnet--rfc1201.ko-ldv_main0_sequence_infinite_withcheck_stateful.cil.out.i,64,c/properties/unreach-call.prp,True
CBMC,c/combinations/pals_lcr.6.ufo.UNBOUNDED.pals+Problem12_label03.c,32,c/properties/unreach-call.prp,False
CBMC,c/ldv-linux-4.2-rc1/linux-4.2-rc1.tar.xz-43_2a-drivers--video--fbdev--aty--radeonfb.ko-entry_point.cil.out.i,64,c/properties/unreach-call.prp,True
CBMC,c/array-examples/standard_minInArray_ground-2.i,32,c/properties/no-overflow.prp,True
CBMC,c/array-examples/standard_minInArray_ground-2.i,32,c/properties/unreach-call.prp,True
CBMC,c/eca-rers2012/Problem12_label10.c,32,c/properties/unreach-call.prp,False
CBMC,c/eca-rers2012/Problem12_label30.c,32,c/properties/unreach-call.prp,False
CBMC,c/coreutils-v8.31/ln_3args_klee-sa_ko_158_infer_uaf.c,64,c/properties/valid-memsafety.prp,False
CBMC,c/array-examples/sanfoundry_27_ground.i,32,c/properties/no-overflow.prp,True
CBMC,c/array-examples/sanfoundry_27_ground.i,32,c/properties/unreach-call.prp,True
CBMC,c/coreutils-v8.31/ln_3args_klee-sa_ko_158_csa_uaf.c,64,c/properties/valid-memsafety.prp,False
CBMC,c/combinations/pals_lcr.6.ufo.BOUNDED-12.pals+Problem12_label03.c,32,c/properties/unreach-call.prp,False
CBMC,c/eca-rers2012/Problem17_label30.c,32,c/properties/unreach-call.prp,False
CBMC,c/eca-rers2012/Problem17_label53.c,32,c/properties/unreach-call.prp,False
CBMC,c/loops-crafted-1/theatreSquare.c,32,c/properties/unreach-call.prp,True
CBMC,c/combinations/pals_lcr.4.ufo.BOUNDED-8.pals+Problem12_label03.c,32,c/properties/unreach-call.prp,False
CBMC,c/eca-rers2012/Problem17_label34.c,32,c/properties/unreach-call.prp,False
CBMC,c/Juliet_Test/CWE190_Integer_Overflow__int64_t_rand_square_65_bad_abs.i,64,c/properties/no-overflow.prp,False
CBMC,c/floats-cdfpl/newton_2_1.i,32,c/properties/termination.prp,True
CBMC,c/floats-cdfpl/newton_2_1.i,32,c/properties/unreach-call.prp,True
CBMC,c/uthash-2.0.2/uthash_JEN_test10-1.i,32,c/properties/unreach-call.prp,True
CBMC,c/uthash-2.0.2/uthash_JEN_test10-1.i,32,c/properties/termination.prp,True
CBMC,c/uthash-2.0.2/uthash_JEN_test10-1.i,32,c/properties/no-overflow.prp,True
CBMC,c/uthash-2.0.2/uthash_JEN_test10-1.i,32,c/properties/valid-memsafety.prp,False
CBMC,c/uthash-2.0.2/uthash_JEN_test10-1.i,32,c/properties/valid-memcleanup.prp,False
CBMC,c/eca-rers2012/Problem04_label15.c,32,c/properties/unreach-call.prp,False
CBMC,c/uthash-2.0.2/uthash_FNV_test10-2.i,32,c/properties/unreach-call.prp,True
CBMC,c/uthash-2.0.2/uthash_FNV_test10-2.i,32,c/properties/termination.prp,True
CBMC,c/uthash-2.0.2/uthash_FNV_test10-2.i,32,c/properties/valid-memsafety.prp,False
CBMC,c/nla-digbench-scaling/fermat2-ll_unwindbound5.c,32,c/properties/unreach-call.prp,False
CBMC,c/nla-digbench-scaling/fermat2-ll_unwindbound5.c,32,c/properties/no-overflow.prp,True
CBMC,c/coreutils-v8.31/ln_3args_klee-sa_ko_147_csa_uaf.c,64,c/properties/valid-memsafety.prp,False
CBMC,c/goblint-regression/06-symbeq_02-funloop_norace.i,32,c/properties/no-data-race.prp,True
CBMC,c/goblint-regression/06-symbeq_02-funloop_norace.i,32,c/properties/valid-memsafety.prp,True
CBMC,c/goblint-regression/06-symbeq_02-funloop_norace.i,32,c/properties/no-overflow.prp,True
CBMC,c/hardware-verification-bv/btor2c-lazyMod.circular_pointer_top_w32_d32_e0.c,64,c/properties/unreach-call.prp,False
CBMC,c/hardware-verification-bv/btor2c-lazyMod.blocks.4.prop1-func-interl.c,64,c/properties/unreach-call.prp,False
CBMC,c/combinations/pals_lcr.3.ufo.BOUNDED-6.pals+Problem12_label03.c,32,c/properties/unreach-call.prp,False
CBMC,c/nla-digbench-scaling/prod4br-ll_valuebound50.c,32,c/properties/unreach-call.prp,True
CBMC,c/nla-digbench-scaling/prod4br-ll_valuebound50.c,32,c/properties/no-overflow.prp,True
CBMC,c/array-examples/standard_copy1_ground-2.i,32,c/properties/no-overflow.prp,True
CBMC,c/array-examples/standard_copy1_ground-2.i,32,c/properties/unreach-call.prp,False
CBMC,c/uthash-2.0.2/uthash_FNV_test9-1.i,32,c/properties/unreach-call.prp,True
CBMC,c/uthash-2.0.2/uthash_FNV_test9-1.i,32,c/properties/termination.prp,True
CBMC,c/uthash-2.0.2/uthash_FNV_test9-1.i,32,c/properties/no-overflow.prp,True
CBMC,c/uthash-2.0.2/uthash_FNV_test9-1.i,32,c/properties/valid-memsafety.prp,False
CBMC,c/uthash-2.0.2/uthash_FNV_test9-1.i,32,c/properties/valid-memcleanup.prp,False
CBMC,c/array-examples/standard_minInArray_ground-1.i,32,c/properties/no-overflow.prp,True
CBMC,c/array-examples/standard_minInArray_ground-1.i,32,c/properties/unreach-call.prp,False
CBMC,c/eca-rers2012/Problem17_label33.c,32,c/properties/unreach-call.prp,False
CBMC,c/uthash-2.0.2/uthash_OAT_test10-2.i,32,c/properties/unreach-call.prp,True
CBMC,c/uthash-2.0.2/uthash_OAT_test10-2.i,32,c/properties/termination.prp,True
CBMC,c/uthash-2.0.2/uthash_OAT_test10-2.i,32,c/properties/valid-memsafety.prp,False
CBMC,c/Juliet_Test/CWE190_Integer_Overflow__int64_t_rand_square_54_bad_abs.i,64,c/properties/no-overflow.prp,False
CBMC,c/seq-mthreaded/pals_floodmax.4_overflow.ufo.UNBOUNDED.pals.c,32,c/properties/unreach-call.prp,False
CBMC,c/seq-mthreaded/pals_floodmax.4_overflow.ufo.UNBOUNDED.pals.c,32,c/properties/termination.prp,True
CBMC,c/uthash-2.0.2/uthash_JEN_test9-1.i,32,c/properties/unreach-call.prp,True
CBMC,c/uthash-2.0.2/uthash_JEN_test9-1.i,32,c/properties/termination.prp,True
CBMC,c/uthash-2.0.2/uthash_JEN_test9-1.i,32,c/properties/no-overflow.prp,True
CBMC,c/uthash-2.0.2/uthash_JEN_test9-1.i,32,c/properties/valid-memsafety.prp,False
CBMC,c/uthash-2.0.2/uthash_JEN_test9-1.i,32,c/properties/valid-memcleanup.prp,False
CBMC,c/eca-rers2012/Problem17_label23.c,32,c/properties/unreach-call.prp,False
CBMC,c/nla-digbench-scaling/prod4br-ll_valuebound20.c,32,c/properties/unreach-call.prp,True
CBMC,c/nla-digbench-scaling/prod4br-ll_valuebound20.c,32,c/properties/no-overflow.prp,True
CBMC,c/uthash-2.0.2/uthash_JEN_test3-1.i,32,c/properties/unreach-call.prp,True
CBMC,c/uthash-2.0.2/uthash_JEN_test3-1.i,32,c/properties/termination.prp,True
CBMC,c/uthash-2.0.2/uthash_JEN_test3-1.i,32,c/properties/no-overflow.prp,True
CBMC,c/uthash-2.0.2/uthash_JEN_test3-1.i,32,c/properties/valid-memsafety.prp,False
CBMC,c/uthash-2.0.2/uthash_JEN_test3-1.i,32,c/properties/valid-memcleanup.prp,False
CBMC,c/uthash-2.0.2/uthash_SAX_test10-3.i,32,c/properties/unreach-call.prp,True
CBMC,c/uthash-2.0.2/uthash_SAX_test10-3.i,32,c/properties/termination.prp,True
CBMC,c/uthash-2.0.2/uthash_SAX_test10-3.i,32,c/properties/valid-memsafety.prp,False
CBMC,c/uthash-2.0.2/uthash_OAT_test10-1.i,32,c/properties/unreach-call.prp,True
CBMC,c/uthash-2.0.2/uthash_OAT_test10-1.i,32,c/properties/termination.prp,True
CBMC,c/uthash-2.0.2/uthash_OAT_test10-1.i,32,c/properties/no-overflow.prp,True
CBMC,c/uthash-2.0.2/uthash_OAT_test10-1.i,32,c/properties/valid-memsafety.prp,False
CBMC,c/uthash-2.0.2/uthash_OAT_test10-1.i,32,c/properties/valid-memcleanup.prp,False
CBMC,c/Juliet_Test/CWE190_Integer_Overflow__int64_t_rand_square_44_bad_abs.i,64,c/properties/no-overflow.prp,False
CBMC,c/array-examples/standard_init4_ground-2.i,32,c/properties/no-overflow.prp,True
CBMC,c/array-examples/standard_init4_ground-2.i,32,c/properties/unreach-call.prp,True
CBMC,c/uthash-2.0.2/uthash_SFH_test9-1.i,32,c/properties/unreach-call.prp,True
CBMC,c/uthash-2.0.2/uthash_SFH_test9-1.i,32,c/properties/termination.prp,True
CBMC,c/uthash-2.0.2/uthash_SFH_test9-1.i,32,c/properties/no-overflow.prp,True
CBMC,c/uthash-2.0.2/uthash_SFH_test9-1.i,32,c/properties/valid-memsafety.prp,False
CBMC,c/uthash-2.0.2/uthash_SFH_test9-1.i,32,c/properties/valid-memcleanup.prp,False
CBMC,c/hardware-verification-bv/btor2c-lazyMod.circular_pointer_top_w128_d16_e0.c,64,c/properties/unreach-call.prp,False
CBMC,c/uthash-2.0.2/uthash_SAX_test9-1.i,32,c/properties/unreach-call.prp,True
CBMC,c/uthash-2.0.2/uthash_SAX_test9-1.i,32,c/properties/termination.prp,True
CBMC,c/uthash-2.0.2/uthash_SAX_test9-1.i,32,c/properties/no-overflow.prp,True
CBMC,c/uthash-2.0.2/uthash_SAX_test9-1.i,32,c/properties/valid-memsafety.prp,False
CBMC,c/uthash-2.0.2/uthash_SAX_test9-1.i,32,c/properties/valid-memcleanup.prp,False
CBMC,c/eca-rers2012/Problem13_label21.c,32,c/properties/unreach-call.prp,False
CBMC,c/array-examples/standard_reverse_ground.i,32,c/properties/no-overflow.prp,True
CBMC,c/array-examples/standard_reverse_ground.i,32,c/properties/unreach-call.prp,True
CBMC,c/neural-networks/softsign_4_safe.c-amalgamation.i,32,c/properties/unreach-call.prp,True
CBMC,c/uthash-2.0.2/uthash_SFH_test3-1.i,32,c/properties/unreach-call.prp,True
CBMC,c/uthash-2.0.2/uthash_SFH_test3-1.i,32,c/properties/termination.prp,True
CBMC,c/uthash-2.0.2/uthash_SFH_test3-1.i,32,c/properties/no-overflow.prp,True
CBMC,c/uthash-2.0.2/uthash_SFH_test3-1.i,32,c/properties/valid-memsafety.prp,False
CBMC,c/uthash-2.0.2/uthash_SFH_test3-1.i,32,c/properties/valid-memcleanup.prp,False
CBMC,c/uthash-2.0.2/uthash_JEN_test8-1.i,32,c/properties/unreach-call.prp,True
CBMC,c/uthash-2.0.2/uthash_JEN_test8-1.i,32,c/properties/termination.prp,True
CBMC,c/uthash-2.0.2/uthash_JEN_test8-1.i,32,c/properties/no-overflow.prp,True
CBMC,c/uthash-2.0.2/uthash_JEN_test8-1.i,32,c/properties/valid-memsafety.prp,False
CBMC,c/uthash-2.0.2/uthash_JEN_test8-1.i,32,c/properties/valid-memcleanup.prp,False
CBMC,c/uthash-2.0.2/uthash_SAX_test10-2.i,32,c/properties/unreach-call.prp,True
CBMC,c/uthash-2.0.2/uthash_SAX_test10-2.i,32,c/properties/termination.prp,True
CBMC,c/uthash-2.0.2/uthash_SAX_test10-2.i,32,c/properties/valid-memsafety.prp,False
CBMC,c/uthash-2.0.2/uthash_BER_test10-3.i,32,c/properties/unreach-call.prp,True
CBMC,c/uthash-2.0.2/uthash_BER_test10-3.i,32,c/properties/termination.prp,True
CBMC,c/uthash-2.0.2/uthash_BER_test10-3.i,32,c/properties/valid-memsafety.prp,False
CBMC,c/neural-networks/poly_4_4_4_4_thresh_1_safe.c-amalgamation.i,32,c/properties/unreach-call.prp,True
CBMC,c/uthash-2.0.2/uthash_SFH_test10-2.i,32,c/properties/unreach-call.prp,True
CBMC,c/uthash-2.0.2/uthash_SFH_test10-2.i,32,c/properties/termination.prp,True
CBMC,c/uthash-2.0.2/uthash_SFH_test10-2.i,32,c/properties/valid-memsafety.prp,False
CBMC,c/nla-digbench-scaling/divbin2_unwindbound50.i,32,c/properties/unreach-call.prp,True
CBMC,c/nla-digbench-scaling/divbin2_unwindbound50.i,32,c/properties/no-overflow.prp,True
CBMC,c/eca-rers2012/Problem04_label09.c,32,c/properties/unreach-call.prp,False
CBMC,c/uthash-2.0.2/uthash_SFH_test10-1.i,32,c/properties/unreach-call.prp,True
CBMC,c/uthash-2.0.2/uthash_SFH_test10-1.i,32,c/properties/termination.prp,True
CBMC,c/uthash-2.0.2/uthash_SFH_test10-1.i,32,c/properties/no-overflow.prp,True
CBMC,c/uthash-2.0.2/uthash_SFH_test10-1.i,32,c/properties/valid-memsafety.prp,False
CBMC,c/uthash-2.0.2/uthash_SFH_test10-1.i,32,c/properties/valid-memcleanup.prp,False
CBMC,c/Juliet_Test/CWE190_Integer_Overflow__int64_t_fscanf_square_63_bad_abs.i,64,c/properties/no-overflow.prp,False
CBMC,c/uthash-2.0.2/uthash_BER_test9-1.i,32,c/properties/unreach-call.prp,True
CBMC,c/uthash-2.0.2/uthash_BER_test9-1.i,32,c/properties/termination.prp,True
CBMC,c/uthash-2.0.2/uthash_BER_test9-1.i,32,c/properties/no-overflow.prp,True
CBMC,c/uthash-2.0.2/uthash_BER_test9-1.i,32,c/properties/valid-memsafety.prp,False
CBMC,c/uthash-2.0.2/uthash_BER_test9-1.i,32,c/properties/valid-memcleanup.prp,False
CBMC,c/uthash-2.0.2/uthash_OAT_test10-3.i,32,c/properties/unreach-call.prp,True
CBMC,c/uthash-2.0.2/uthash_OAT_test10-3.i,32,c/properties/termination.prp,True
CBMC,c/uthash-2.0.2/uthash_OAT_test10-3.i,32,c/properties/valid-memsafety.prp,False
CBMC,c/coreutils-v8.31/ln_3args_ok.c,64,c/properties/valid-memsafety.prp,True
CBMC,c/coreutils-v8.31/ln_3args_ok.c,64,c/properties/no-overflow.prp,True
CBMC,c/uthash-2.0.2/uthash_SFH_test10-3.i,32,c/properties/unreach-call.prp,True
CBMC,c/uthash-2.0.2/uthash_SFH_test10-3.i,32,c/properties/termination.prp,True
CBMC,c/uthash-2.0.2/uthash_SFH_test10-3.i,32,c/properties/valid-memsafety.prp,False
CBMC,c/nla-digbench-scaling/fermat1-ll_unwindbound5.c,32,c/properties/unreach-call.prp,False
CBMC,c/nla-digbench-scaling/fermat1-ll_unwindbound5.c,32,c/properties/no-overflow.prp,True
CBMC,c/uthash-2.0.2/uthash_SAX_test10-1.i,32,c/properties/unreach-call.prp,True
CBMC,c/uthash-2.0.2/uthash_SAX_test10-1.i,32,c/properties/termination.prp,True
CBMC,c/uthash-2.0.2/uthash_SAX_test10-1.i,32,c/properties/no-overflow.prp,True
CBMC,c/uthash-2.0.2/uthash_SAX_test10-1.i,32,c/properties/valid-memsafety.prp,False
CBMC,c/uthash-2.0.2/uthash_SAX_test10-1.i,32,c/properties/valid-memcleanup.prp,False
CBMC,c/uthash-2.0.2/uthash_OAT_test3-1.i,32,c/properties/unreach-call.prp,True
CBMC,c/uthash-2.0.2/uthash_OAT_test3-1.i,32,c/properties/termination.prp,True
CBMC,c/uthash-2.0.2/uthash_OAT_test3-1.i,32,c/properties/no-overflow.prp,True
CBMC,c/uthash-2.0.2/uthash_OAT_test3-1.i,32,c/properties/valid-memsafety.prp,False
CBMC,c/uthash-2.0.2/uthash_OAT_test3-1.i,32,c/properties/valid-memcleanup.prp,False
CBMC,c/eca-rers2012/Problem04_label32.c,32,c/properties/unreach-call.prp,False
CBMC,c/array-examples/standard_init4_ground-1.i,32,c/properties/no-overflow.prp,True
CBMC,c/array-examples/standard_init4_ground-1.i,32,c/properties/unreach-call.prp,False
CBMC,c/Juliet_Test/CWE190_Integer_Overflow__int_listen_socket_square_22_good.i,64,c/properties/no-overflow.prp,True
CBMC,c/eca-rers2012/Problem17_label04.c,32,c/properties/unreach-call.prp,False
CBMC,c/eca-rers2012/Problem04_label17.c,32,c/properties/termination.prp,False
CBMC,c/eca-rers2012/Problem04_label17.c,32,c/properties/unreach-call.prp,False
CBMC,c/uthash-2.0.2/uthash_BER_test10-1.i,32,c/properties/unreach-call.prp,True
CBMC,c/uthash-2.0.2/uthash_BER_test10-1.i,32,c/properties/termination.prp,True
CBMC,c/uthash-2.0.2/uthash_BER_test10-1.i,32,c/properties/no-overflow.prp,True
CBMC,c/uthash-2.0.2/uthash_BER_test10-1.i,32,c/properties/valid-memsafety.prp,False
CBMC,c/uthash-2.0.2/uthash_BER_test10-1.i,32,c/properties/valid-memcleanup.prp,False
CBMC,c/goblint-regression/36-apron_21-traces-cluster-based_true.i,32,c/properties/unreach-call.prp,True
CBMC,c/goblint-regression/36-apron_21-traces-cluster-based_true.i,32,c/properties/valid-memsafety.prp,True
CBMC,c/goblint-regression/36-apron_21-traces-cluster-based_true.i,32,c/properties/no-overflow.prp,True
CBMC,c/goblint-regression/36-apron_21-traces-cluster-based_true.i,32,c/properties/no-data-race.prp,True
CBMC,c/uthash-2.0.2/uthash_FNV_test10-1.i,32,c/properties/unreach-call.prp,True
CBMC,c/uthash-2.0.2/uthash_FNV_test10-1.i,32,c/properties/termination.prp,True
CBMC,c/uthash-2.0.2/uthash_FNV_test10-1.i,32,c/properties/no-overflow.prp,True
CBMC,c/uthash-2.0.2/uthash_FNV_test10-1.i,32,c/properties/valid-memsafety.prp,False
CBMC,c/uthash-2.0.2/uthash_FNV_test10-1.i,32,c/properties/valid-memcleanup.prp,False
CBMC,c/uthash-2.0.2/uthash_FNV_test8-1.i,32,c/properties/unreach-call.prp,True
CBMC,c/uthash-2.0.2/uthash_FNV_test8-1.i,32,c/properties/termination.prp,True
CBMC,c/uthash-2.0.2/uthash_FNV_test8-1.i,32,c/properties/no-overflow.prp,True
CBMC,c/uthash-2.0.2/uthash_FNV_test8-1.i,32,c/properties/valid-memsafety.prp,False
CBMC,c/uthash-2.0.2/uthash_FNV_test8-1.i,32,c/properties/valid-memcleanup.prp,False
CBMC,c/combinations/pals_lcr.7.ufo.BOUNDED-14.pals+Problem12_label03.c,32,c/properties/unreach-call.prp,False
CBMC,c/uthash-2.0.2/uthash_FNV_test3-1.i,32,c/properties/unreach-call.prp,True
CBMC,c/uthash-2.0.2/uthash_FNV_test3-1.i,32,c/properties/termination.prp,True
CBMC,c/uthash-2.0.2/uthash_FNV_test3-1.i,32,c/properties/no-overflow.prp,True
CBMC,c/uthash-2.0.2/uthash_FNV_test3-1.i,32,c/properties/valid-memsafety.prp,False
CBMC,c/uthash-2.0.2/uthash_FNV_test3-1.i,32,c/properties/valid-memcleanup.prp,False
CBMC,c/uthash-2.0.2/uthash_SAX_test3-1.i,32,c/properties/unreach-call.prp,True
CBMC,c/uthash-2.0.2/uthash_SAX_test3-1.i,32,c/properties/termination.prp,True
CBMC,c/uthash-2.0.2/uthash_SAX_test3-1.i,32,c/properties/no-overflow.prp,True
CBMC,c/uthash-2.0.2/uthash_SAX_test3-1.i,32,c/properties/valid-memsafety.prp,False
CBMC,c/uthash-2.0.2/uthash_SAX_test3-1.i,32,c/properties/valid-memcleanup.prp,False
CBMC,c/eca-rers2012/Problem12_label35.c,32,c/properties/unreach-call.prp,False
CBMC,c/uthash-2.0.2/uthash_JEN_test10-3.i,32,c/properties/unreach-call.prp,True
CBMC,c/uthash-2.0.2/uthash_JEN_test10-3.i,32,c/properties/termination.prp,True
CBMC,c/uthash-2.0.2/uthash_JEN_test10-3.i,32,c/properties/valid-memsafety.prp,False
CBMC,c/Juliet_Test/CWE190_Integer_Overflow__int_listen_socket_square_02_good.i,64,c/properties/no-overflow.prp,True
CBMC,c/eca-rers2012/Problem04_label18.c,32,c/properties/unreach-call.prp,False
CBMC,c/neural-networks/softsign_w16_r2_case_0_safe.c-amalgamation.i,32,c/properties/unreach-call.prp,True
CBMC,c/hardware-verification-bv/btor2c-lazyMod.gear.1.prop1-func-interl.c,64,c/properties/unreach-call.prp,False
CBMC,c/Juliet_Test/CWE190_Integer_Overflow__int_listen_socket_square_10_good.i,64,c/properties/no-overflow.prp,True
CBMC,c/combinations/gcd_4+newton_2_6.i,32,c/properties/unreach-call.prp,False
CBMC,c/list-ext-properties/test-0214_1.i,32,c/properties/valid-memsafety.prp,True
CBMC,c/coreutils-v8.31/ln_3args_klee-sa_ko_158_infer_nd.c,64,c/properties/valid-memsafety.prp,False
CBMC,c/ldv-linux-3.16-rc1/205_9a_array_unsafes_linux-3.16-rc1.tar.xz-205_9a-drivers--net--wireless--mwifiex--mwifiex_pcie.ko-entry_point.cil.out.i,64,c/properties/unreach-call.prp,False
CBMC,c/Juliet_Test/CWE190_Integer_Overflow__int64_t_rand_square_53_bad_abs.i,64,c/properties/no-overflow.prp,False
CBMC,c/eca-rers2012/Problem04_label35.c,32,c/properties/unreach-call.prp,False
CBMC,c/eca-rers2012/Problem17_label25.c,32,c/properties/unreach-call.prp,False
CBMC,c/uthash-2.0.2/uthash_SAX_test8-1.i,32,c/properties/unreach-call.prp,True
CBMC,c/uthash-2.0.2/uthash_SAX_test8-1.i,32,c/properties/termination.prp,True
CBMC,c/uthash-2.0.2/uthash_SAX_test8-1.i,32,c/properties/no-overflow.prp,True
CBMC,c/uthash-2.0.2/uthash_SAX_test8-1.i,32,c/properties/valid-memsafety.prp,False
CBMC,c/uthash-2.0.2/uthash_SAX_test8-1.i,32,c/properties/valid-memcleanup.prp,False
CBMC,c/Juliet_Test/CWE190_Integer_Overflow__int_connect_socket_square_04_good.i,64,c/properties/no-overflow.prp,True
CBMC,c/uthash-2.0.2/uthash_BER_test8-1.i,32,c/properties/unreach-call.prp,True
CBMC,c/uthash-2.0.2/uthash_BER_test8-1.i,32,c/properties/termination.prp,True
CBMC,c/uthash-2.0.2/uthash_BER_test8-1.i,32,c/properties/no-overflow.prp,True
CBMC,c/uthash-2.0.2/uthash_BER_test8-1.i,32,c/properties/valid-memsafety.prp,False
CBMC,c/uthash-2.0.2/uthash_BER_test8-1.i,32,c/properties/valid-memcleanup.prp,False
CBMC,c/eca-rers2012/Problem04_label13.c,32,c/properties/unreach-call.prp,False
CBMC,c/Juliet_Test/CWE190_Integer_Overflow__int_listen_socket_square_11_good.i,64,c/properties/no-overflow.prp,True
CBMC,c/hardware-verification-bv/btor2c-lazyMod.exit.4.prop1-func-interl.c,64,c/properties/unreach-call.prp,False
CBMC,c/coreutils-v8.31/ln_3args_klee-sa_ko_147_csa_nd.c,64,c/properties/valid-memsafety.prp,False
CBMC,c/seq-mthreaded/pals_opt-floodmax.4_overflow.ufo.UNBOUNDED.pals.c,32,c/properties/unreach-call.prp,False
CBMC,c/seq-mthreaded/pals_opt-floodmax.4_overflow.ufo.UNBOUNDED.pals.c,32,c/properties/termination.prp,True
CBMC,c/array-examples/standard_init3_ground-2.i,32,c/properties/no-overflow.prp,True
CBMC,c/array-examples/standard_init3_ground-2.i,32,c/properties/unreach-call.prp,True
CBMC,c/xcsp/Haystacks-13.c,32,c/properties/unreach-call.prp,True
CBMC,c/Juliet_Test/CWE190_Integer_Overflow__int_listen_socket_square_05_good.i,64,c/properties/no-overflow.prp,True
CBMC,c/uthash-2.0.2/uthash_JEN_test10-2.i,32,c/properties/unreach-call.prp,True
CBMC,c/uthash-2.0.2/uthash_JEN_test10-2.i,32,c/properties/termination.prp,True
CBMC,c/uthash-2.0.2/uthash_JEN_test10-2.i,32,c/properties/valid-memsafety.prp,False
CBMC,c/eca-rers2012/Problem12_label55.c,32,c/properties/unreach-call.prp,False
CBMC,c/neural-networks/poly_4_4_4_4_thresh_2_safe.c-amalgamation.i,32,c/properties/unreach-call.prp,True
CBMC,c/nla-digbench-scaling/lcm2_valuebound50.c,32,c/properties/unreach-call.prp,True
CBMC,c/nla-digbench-scaling/lcm2_valuebound50.c,32,c/properties/no-overflow.prp,True
CBMC,c/array-examples/standard_compare_ground.i,32,c/properties/no-overflow.prp,True
CBMC,c/array-examples/standard_compare_ground.i,32,c/properties/unreach-call.prp,True
CBMC,c/floats-cdfpl/newton_2_6.i,32,c/properties/termination.prp,True
CBMC,c/floats-cdfpl/newton_2_6.i,32,c/properties/unreach-call.prp,False
CBMC,c/Juliet_Test/CWE190_Integer_Overflow__int64_t_rand_square_51_bad_abs.i,64,c/properties/no-overflow.prp,False
CBMC,c/coreutils-v8.31/ln_3args_klee-sa_ko_158_csa_nd.c,64,c/properties/valid-memsafety.prp,False
CBMC,c/eca-rers2012/Problem17_label37.c,32,c/properties/unreach-call.prp,False
CBMC,c/Juliet_Test/CWE190_Integer_Overflow__int_listen_socket_square_14_good.i,64,c/properties/no-overflow.prp,True
CBMC,c/Juliet_Test/CWE190_Integer_Overflow__int_connect_socket_square_12_good.i,64,c/properties/no-overflow.prp,True
CBMC,c/Juliet_Test/CWE190_Integer_Overflow__int_listen_socket_square_03_good.i,64,c/properties/no-overflow.prp,True
CBMC,c/nla-digbench-scaling/fermat2-ll_unwindbound2.c,32,c/properties/unreach-call.prp,False
CBMC,c/nla-digbench-scaling/fermat2-ll_unwindbound2.c,32,c/properties/no-overflow.prp,True
CBMC,c/array-crafted/xor4.i,32,c/properties/no-overflow.prp,True
CBMC,c/array-crafted/xor4.i,32,c/properties/unreach-call.prp,True
CBMC,c/eca-rers2012/Problem17_label50.c,32,c/properties/unreach-call.prp,False
CBMC,c/uthash-2.0.2/uthash_OAT_test9-1.i,32,c/properties/unreach-call.prp,True
CBMC,c/uthash-2.0.2/uthash_OAT_test9-1.i,32,c/properties/termination.prp,True
CBMC,c/uthash-2.0.2/uthash_OAT_test9-1.i,32,c/properties/no-overflow.prp,True
CBMC,c/uthash-2.0.2/uthash_OAT_test9-1.i,32,c/properties/valid-memsafety.prp,False
CBMC,c/uthash-2.0.2/uthash_OAT_test9-1.i,32,c/properties/valid-memcleanup.prp,False
CBMC,c/combinations/pals_lcr.4.ufo.BOUNDED-8.pals+Problem12_label07.c,32,c/properties/unreach-call.prp,False
CBMC,c/seq-mthreaded/rekcba_nxt.1.M4-2.c,32,c/properties/unreach-call.prp,False
CBMC,c/combinations/square_7+soft_float_4-2a.c.cil.c,32,c/properties/unreach-call.prp,True
CBMC,c/Juliet_Test/CWE190_Integer_Overflow__int_listen_socket_square_13_good.i,64,c/properties/no-overflow.prp,True
CBMC,c/loops-crafted-1/mono-crafted_6.c,32,c/properties/unreach-call.prp,True
CBMC,c/array-examples/data_structures_set_multi_proc_trivial_ground.i,32,c/properties/valid-memsafety.prp,True
CBMC,c/array-examples/data_structures_set_multi_proc_trivial_ground.i,32,c/properties/no-overflow.prp,True
CBMC,c/array-examples/data_structures_set_multi_proc_trivial_ground.i,32,c/properties/termination.prp,True
CBMC,c/array-examples/data_structures_set_multi_proc_trivial_ground.i,32,c/properties/unreach-call.prp,True
CBMC,c/seq-mthreaded/rekcba_ctm.2-1.c,32,c/properties/termination.prp,True
CBMC,c/seq-mthreaded/rekcba_ctm.2-1.c,32,c/properties/unreach-call.prp,False
CBMC,c/hardware-verification-bv/btor2c-lazyMod.peg_solitaire.2.prop1-func-interl.c,64,c/properties/unreach-call.prp,False
CBMC,c/Juliet_Test/CWE190_Integer_Overflow__int64_t_fscanf_square_53_bad_abs.i,64,c/properties/no-overflow.prp,False
CBMC,c/hardware-verification-bv/btor2c-lazyMod.rether.4.prop1-back-serstep.c,64,c/properties/unreach-call.prp,False
CBMC,c/Juliet_Test/CWE190_Integer_Overflow__int_connect_socket_square_05_good.i,64,c/properties/no-overflow.prp,True
CBMC,c/array-crafted/bAnd4.i,32,c/properties/no-overflow.prp,True
CBMC,c/array-crafted/bAnd4.i,32,c/properties/unreach-call.prp,True
CBMC,c/combinations/pals_lcr.8.ufo.UNBOUNDED.pals+Problem12_label03.c,32,c/properties/unreach-call.prp,False
CBMC,c/array-crafted/bor4.i,32,c/properties/no-overflow.prp,True
CBMC,c/array-crafted/bor4.i,32,c/properties/unreach-call.prp,True
CBMC,c/array-industry-pattern/array_monotonic.i,32,c/properties/no-overflow.prp,True
CBMC,c/array-industry-pattern/array_monotonic.i,32,c/properties/termination.prp,True
CBMC,c/array-industry-pattern/array_monotonic.i,32,c/properties/unreach-call.prp,True
CBMC,c/nla-digbench-scaling/prod4br-ll_valuebound50.c,32,c/properties/unreach-call.prp,True
CBMC,c/nla-digbench-scaling/prod4br-ll_valuebound50.c,32,c/properties/no-overflow.prp,True
CBMC,c/uthash-2.0.2/uthash_OAT_test8-1.i,32,c/properties/unreach-call.prp,True
CBMC,c/uthash-2.0.2/uthash_OAT_test8-1.i,32,c/properties/termination.prp,True
CBMC,c/uthash-2.0.2/uthash_OAT_test8-1.i,32,c/properties/no-overflow.prp,True
CBMC,c/uthash-2.0.2/uthash_OAT_test8-1.i,32,c/properties/valid-memsafety.prp,False
CBMC,c/uthash-2.0.2/uthash_OAT_test8-1.i,32,c/properties/valid-memcleanup.prp,False
CBMC,c/Juliet_Test/CWE190_Integer_Overflow__int64_t_rand_square_52_bad_abs.i,64,c/properties/no-overflow.prp,False
CBMC,c/Juliet_Test/CWE190_Integer_Overflow__int64_t_rand_square_41_bad_abs.i,64,c/properties/no-overflow.prp,False
CBMC,c/Juliet_Test/CWE190_Integer_Overflow__int_connect_socket_square_10_good.i,64,c/properties/no-overflow.prp,True
CBMC,c/eca-rers2012/Problem17_label49.c,32,c/properties/unreach-call.prp,False
CBMC,c/ldv-linux-3.4-simple/32_1_cilled_ok_nondet_linux-3.4-32_1-drivers--net--arcnet--com20020_cs.ko-ldv_main0_sequence_infinite_withcheck_stateful.cil.out.i,64,c/properties/unreach-call.prp,True
CBMC,c/array-industry-pattern/array_monotonic.i,32,c/properties/no-overflow.prp,True
CBMC,c/array-industry-pattern/array_monotonic.i,32,c/properties/termination.prp,True
CBMC,c/array-industry-pattern/array_monotonic.i,32,c/properties/unreach-call.prp,True
CBMC,c/Juliet_Test/CWE190_Integer_Overflow__int_listen_socket_square_12_good.i,64,c/properties/no-overflow.prp,True
CBMC,c/combinations/pals_lcr.4.ufo.UNBOUNDED.pals+Problem12_label07.c,32,c/properties/unreach-call.prp,False
CBMC,c/combinations/pals_lcr.5.ufo.BOUNDED-10.pals+Problem12_label00.c,32,c/properties/unreach-call.prp,False
CBMC,c/loops-crafted-1/mono-crafted_9.c,32,c/properties/unreach-call.prp,True
CBMC,c/uthash-2.0.2/uthash_BER_test3-1.i,32,c/properties/unreach-call.prp,True
CBMC,c/uthash-2.0.2/uthash_BER_test3-1.i,32,c/properties/termination.prp,True
CBMC,c/uthash-2.0.2/uthash_BER_test3-1.i,32,c/properties/no-overflow.prp,True
CBMC,c/uthash-2.0.2/uthash_BER_test3-1.i,32,c/properties/valid-memsafety.prp,False
CBMC,c/uthash-2.0.2/uthash_BER_test3-1.i,32,c/properties/valid-memcleanup.prp,False
CBMC,c/Juliet_Test/CWE190_Integer_Overflow__int64_t_fscanf_square_66_bad_abs.i,64,c/properties/no-overflow.prp,False
CBMC,c/combinations/pals_lcr.6.ufo.UNBOUNDED.pals+Problem12_label00.c,32,c/properties/unreach-call.prp,False
CBMC,c/combinations/pals_lcr.4.ufo.BOUNDED-8.pals+Problem12_label06.c,32,c/properties/unreach-call.prp,False
CBMC,c/nla-digbench-scaling/knuth_valuebound100.i,32,c/properties/unreach-call.prp,True
CBMC,c/nla-digbench-scaling/knuth_valuebound100.i,32,c/properties/no-overflow.prp,True
CBMC,c/hardware-verification-bv/btor2c-lazyMod.shift_register_top_w32_d16_e0.c,64,c/properties/unreach-call.prp,False
CBMC,c/eca-rers2012/Problem12_label21.c,32,c/properties/unreach-call.prp,False
CBMC,c/array-examples/standard_init5_ground-1.i,32,c/properties/no-overflow.prp,True
CBMC,c/array-examples/standard_init5_ground-1.i,32,c/properties/unreach-call.prp,True
CBMC,c/combinations/pals_lcr.4.ufo.UNBOUNDED.pals+Problem12_label00.c,32,c/properties/unreach-call.prp,False
CBMC,c/array-examples/standard_maxInArray_ground.i,32,c/properties/no-overflow.prp,True
CBMC,c/array-examples/standard_maxInArray_ground.i,32,c/properties/unreach-call.prp,True
CBMC,c/Juliet_Test/CWE190_Integer_Overflow__int_listen_socket_square_15_good.i,64,c/properties/no-overflow.prp,True
CBMC,c/combinations/pals_lcr.7.ufo.UNBOUNDED.pals+Problem12_label03.c,32,c/properties/unreach-call.prp,False
CBMC,c/combinations/pals_lcr.3.ufo.BOUNDED-6.pals+Problem12_label07.c,32,c/properties/unreach-call.prp,False
CBMC,c/nla-digbench-scaling/egcd3-ll_valuebound20.c,32,c/properties/unreach-call.prp,True
CBMC,c/nla-digbench-scaling/egcd3-ll_valuebound20.c,32,c/properties/no-overflow.prp,True
CBMC,c/combinations/pals_lcr.3.ufo.BOUNDED-6.pals+Problem12_label06.c,32,c/properties/unreach-call.prp,False
CBMC,c/array-examples/standard_password_ground.i,32,c/properties/no-overflow.prp,True
CBMC,c/array-examples/standard_password_ground.i,32,c/properties/unreach-call.prp,True
CBMC,c/array-examples/standard_running-1.i,32,c/properties/no-overflow.prp,True
CBMC,c/array-examples/standard_running-1.i,32,c/properties/unreach-call.prp,False
CBMC,c/combinations/pals_lcr.4.ufo.BOUNDED-8.pals+Problem12_label00.c,32,c/properties/unreach-call.prp,False
CBMC,c/Juliet_Test/CWE190_Integer_Overflow__int_listen_socket_square_04_good.i,64,c/properties/no-overflow.prp,True
CBMC,c/array-examples/data_structures_set_multi_proc_trivial_ground.i,32,c/properties/valid-memsafety.prp,True
CBMC,c/array-examples/data_structures_set_multi_proc_trivial_ground.i,32,c/properties/no-overflow.prp,True
CBMC,c/array-examples/data_structures_set_multi_proc_trivial_ground.i,32,c/properties/termination.prp,True
CBMC,c/array-examples/data_structures_set_multi_proc_trivial_ground.i,32,c/properties/unreach-call.prp,True
CBMC,c/Juliet_Test/CWE190_Integer_Overflow__int64_t_fscanf_square_11_bad_abs.i,64,c/properties/no-overflow.prp,False
CBMC,c/Juliet_Test/CWE190_Integer_Overflow__int_listen_socket_square_06_good.i,64,c/properties/no-overflow.prp,True
CBMC,c/array-examples/standard_init5_ground-2.i,32,c/properties/no-overflow.prp,True
CBMC,c/array-examples/standard_init5_ground-2.i,32,c/properties/unreach-call.prp,False
CBMC,c/Juliet_Test/CWE190_Integer_Overflow__int_listen_socket_square_09_good.i,64,c/properties/no-overflow.prp,True
CBMC,c/neural-networks/poly_4_4_4_4_thresh_0_safe.c-amalgamation.i,32,c/properties/unreach-call.prp,True
CBMC,c/combinations/pals_lcr.3.ufo.UNBOUNDED.pals+Problem12_label03.c,32,c/properties/unreach-call.prp,False
CBMC,c/array-examples/standard_running-2.i,32,c/properties/no-overflow.prp,True
CBMC,c/array-examples/standard_running-2.i,32,c/properties/unreach-call.prp,True
CBMC,c/ldv-linux-4.2-rc1/linux-4.2-rc1.tar.xz-43_2a-drivers--net--ethernet--qlogic--qla3xxx.ko-entry_point.cil.out.i,64,c/properties/unreach-call.prp,True
CBMC,c/array-examples/data_structures_set_multi_proc_trivial_ground.i,32,c/properties/valid-memsafety.prp,True
CBMC,c/array-examples/data_structures_set_multi_proc_trivial_ground.i,32,c/properties/no-overflow.prp,True
CBMC,c/array-examples/data_structures_set_multi_proc_trivial_ground.i,32,c/properties/termination.prp,True
CBMC,c/array-examples/data_structures_set_multi_proc_trivial_ground.i,32,c/properties/unreach-call.prp,True
CBMC,c/combinations/gcd_2+newton_2_6.i,32,c/properties/unreach-call.prp,False
CBMC,c/array-examples/data_structures_set_multi_proc_trivial_ground.i,32,c/properties/valid-memsafety.prp,True
CBMC,c/array-examples/data_structures_set_multi_proc_trivial_ground.i,32,c/properties/no-overflow.prp,True
CBMC,c/array-examples/data_structures_set_multi_proc_trivial_ground.i,32,c/properties/termination.prp,True
CBMC,c/array-examples/data_structures_set_multi_proc_trivial_ground.i,32,c/properties/unreach-call.prp,True
CBMC,c/Juliet_Test/CWE190_Integer_Overflow__int_listen_socket_square_08_good.i,64,c/properties/no-overflow.prp,True
CBMC,c/combinations/pals_lcr.3.1.ufo.UNBOUNDED.pals+Problem12_label04.c,32,c/properties/unreach-call.prp,False
CBMC,c/Juliet_Test/CWE190_Integer_Overflow__int64_t_fscanf_square_64_bad_abs.i,64,c/properties/no-overflow.prp,False
CBMC,c/combinations/pals_lcr.3.ufo.BOUNDED-6.pals+Problem12_label00.c,32,c/properties/unreach-call.prp,False
CBMC,c/Juliet_Test/CWE190_Integer_Overflow__int_connect_socket_square_02_good.i,64,c/properties/no-overflow.prp,True
CBMC,c/eca-rers2012/Problem12_label38.c,32,c/properties/unreach-call.prp,False
CBMC,c/Juliet_Test/CWE190_Integer_Overflow__int64_t_fscanf_square_15_bad_abs.i,64,c/properties/no-overflow.prp,False
CBMC,c/nla-digbench-scaling/prodbin-ll_unwindbound20.c,32,c/properties/unreach-call.prp,False
CBMC,c/nla-digbench-scaling/prodbin-ll_unwindbound20.c,32,c/properties/no-overflow.prp,True
CBMC,c/eca-rers2012/Problem04_label14.c,32,c/properties/termination.prp,False
CBMC,c/eca-rers2012/Problem04_label14.c,32,c/properties/unreach-call.prp,False
CBMC,c/combinations/pals_lcr.3.1.ufo.UNBOUNDED.pals+Problem12_label09.c,32,c/properties/unreach-call.prp,False
CBMC,c/combinations/gcd_3+newton_1_1.i,32,c/properties/unreach-call.prp,True
CBMC,c/uthash-2.0.2/uthash_SFH_test8-1.i,32,c/properties/unreach-call.prp,True
CBMC,c/uthash-2.0.2/uthash_SFH_test8-1.i,32,c/properties/termination.prp,True
CBMC,c/uthash-2.0.2/uthash_SFH_test8-1.i,32,c/properties/no-overflow.prp,True
CBMC,c/uthash-2.0.2/uthash_SFH_test8-1.i,32,c/properties/valid-memsafety.prp,False
CBMC,c/uthash-2.0.2/uthash_SFH_test8-1.i,32,c/properties/valid-memcleanup.prp,False
CBMC,c/combinations/pals_lcr.7.ufo.UNBOUNDED.pals+Problem12_label07.c,32,c/properties/unreach-call.prp,False
CBMC,c/eca-rers2012/Problem12_label28.c,32,c/properties/unreach-call.prp,False
CBMC,c/Juliet_Test/CWE190_Integer_Overflow__int64_t_fscanf_square_52_bad_abs.i,64,c/properties/no-overflow.prp,False
CBMC,c/combinations/pals_lcr.6.ufo.UNBOUNDED.pals+Problem12_label07.c,32,c/properties/unreach-call.prp,False
CBMC,c/uthash-2.0.2/uthash_BER_test10-2.i,32,c/properties/unreach-call.prp,True
CBMC,c/uthash-2.0.2/uthash_BER_test10-2.i,32,c/properties/termination.prp,True
CBMC,c/uthash-2.0.2/uthash_BER_test10-2.i,32,c/properties/valid-memsafety.prp,False
CBMC,c/eca-rers2012/Problem12_label19.c,32,c/properties/unreach-call.prp,False
CBMC,c/Juliet_Test/CWE190_Integer_Overflow__int64_t_fscanf_square_06_bad_abs.i,64,c/properties/no-overflow.prp,False
CBMC,c/nla-digbench-scaling/freire1_valuebound50.c,32,c/properties/unreach-call.prp,True
CBMC,c/nla-digbench-scaling/freire1_valuebound50.c,32,c/properties/no-overflow.prp,True
CBMC,c/combinations/pals_lcr.3.ufo.UNBOUNDED.pals+Problem12_label07.c,32,c/properties/unreach-call.prp,False
CBMC,c/neural-networks/softsign_w8_r3_case_0_safe.c-amalgamation.i,32,c/properties/unreach-call.prp,True
CBMC,c/Juliet_Test/CWE190_Integer_Overflow__int_connect_socket_square_09_good.i,64,c/properties/no-overflow.prp,True
CBMC,c/floats-cdfpl/square_5.i,32,c/properties/termination.prp,True
CBMC,c/floats-cdfpl/square_5.i,32,c/properties/unreach-call.prp,True
CBMC,c/combinations/pals_lcr.3.ufo.UNBOUNDED.pals+Problem12_label06.c,32,c/properties/unreach-call.prp,False
CBMC,c/uthash-2.0.2/uthash_FNV_test10-3.i,32,c/properties/unreach-call.prp,True
CBMC,c/uthash-2.0.2/uthash_FNV_test10-3.i,32,c/properties/termination.prp,True
CBMC,c/uthash-2.0.2/uthash_FNV_test10-3.i,32,c/properties/valid-memsafety.prp,False
CBMC,c/eca-rers2012/Problem13_label43.c,32,c/properties/unreach-call.prp,False
CBMC,c/Juliet_Test/CWE190_Integer_Overflow__int64_t_fscanf_square_03_bad_abs.i,64,c/properties/no-overflow.prp,False
CBMC,c/Juliet_Test/CWE190_Integer_Overflow__int64_t_fscanf_square_21_bad_abs.i,64,c/properties/no-overflow.prp,False
CBMC,c/Juliet_Test/CWE190_Integer_Overflow__int_listen_socket_square_21_good.i,64,c/properties/no-overflow.prp,True
CBMC,c/Juliet_Test/CWE190_Integer_Overflow__int64_t_rand_square_21_bad_abs.i,64,c/properties/no-overflow.prp,False
CBMC,c/eca-rers2012/Problem13_label07.c,32,c/properties/unreach-call.prp,False
CBMC,c/eca-rers2012/Problem17_label31.c,32,c/properties/unreach-call.prp,False
CBMC,c/combinations/pals_lcr.7.ufo.UNBOUNDED.pals+Problem12_label00.c,32,c/properties/unreach-call.prp,False
CBMC,c/Juliet_Test/CWE190_Integer_Overflow__int_listen_socket_square_07_good.i,64,c/properties/no-overflow.prp,True
CBMC,c/combinations/pals_lcr.6.ufo.BOUNDED-12.pals+Problem12_label00.c,32,c/properties/unreach-call.prp,False
CBMC,c/aws-c-common/aws_hash_table_find_harness.i,64,c/properties/unreach-call.prp,True
CBMC,c/Juliet_Test/CWE190_Integer_Overflow__int_connect_socket_square_03_good.i,64,c/properties/no-overflow.prp,True
CBMC,c/eca-rers2012/Problem17_label20.c,32,c/properties/unreach-call.prp,False
CBMC,c/Juliet_Test/CWE190_Integer_Overflow__int64_t_fscanf_square_04_bad_abs.i,64,c/properties/no-overflow.prp,False
CBMC,c/eca-rers2012/Problem12_label00.c,32,c/properties/unreach-call.prp,False
CBMC,c/combinations/gcd_2+newton_1_3.i,32,c/properties/unreach-call.prp,True
CBMC,c/Juliet_Test/CWE190_Integer_Overflow__int64_t_rand_square_22_bad_abs.i,64,c/properties/no-overflow.prp,False
CBMC,c/Juliet_Test/CWE190_Integer_Overflow__int64_t_rand_square_06_bad_abs.i,64,c/properties/no-overflow.prp,False
CBMC,c/Juliet_Test/CWE190_Integer_Overflow__int64_t_rand_square_10_bad_abs.i,64,c/properties/no-overflow.prp,False
CBMC,c/hardware-verification-bv/btor2c-lazyMod.bridge.2.prop1-back-serstep.c,64,c/properties/unreach-call.prp,False
CBMC,c/combinations/pals_lcr.7.ufo.UNBOUNDED.pals+Problem12_label06.c,32,c/properties/unreach-call.prp,False
CBMC,c/eca-rers2012/Problem12_label42.c,32,c/properties/unreach-call.prp,False
CBMC,c/Juliet_Test/CWE190_Integer_Overflow__int64_t_fscanf_square_02_bad_abs.i,64,c/properties/no-overflow.prp,False
CBMC,c/ldv-linux-3.7.3/main4_drivers-scsi-mpt2sas-mpt2sas-ko--32_7a--linux-3.7.3.i,64,c/properties/valid-memsafety.prp,False
CBMC,c/hardware-verification-bv/btor2c-lazyMod.brp2.4.prop1-func-interl.c,64,c/properties/unreach-call.prp,False
CBMC,c/combinations/gcd_1+newton_3_8.i,32,c/properties/unreach-call.prp,False
CBMC,c/xcsp/CostasArray-16.c,32,c/properties/unreach-call.prp,False
CBMC,c/combinations/pals_lcr.3.ufo.UNBOUNDED.pals+Problem12_label00.c,32,c/properties/unreach-call.prp,False
CBMC,c/Juliet_Test/CWE190_Integer_Overflow__int_connect_socket_square_15_good.i,64,c/properties/no-overflow.prp,True
CBMC,c/Juliet_Test/CWE190_Integer_Overflow__int64_t_fscanf_square_09_bad_abs.i,64,c/properties/no-overflow.prp,False
CBMC,c/seq-mthreaded/pals_lcr.5_overflow.ufo.UNBOUNDED.pals.c,32,c/properties/unreach-call.prp,False
CBMC,c/seq-mthreaded/pals_lcr.5_overflow.ufo.UNBOUNDED.pals.c,32,c/properties/termination.prp,True
CBMC,c/combinations/pals_lcr.6.ufo.UNBOUNDED.pals+Problem12_label06.c,32,c/properties/unreach-call.prp,False
CBMC,c/array-examples/standard_init6_ground-2.i,32,c/properties/no-overflow.prp,True
CBMC,c/array-examples/standard_init6_ground-2.i,32,c/properties/unreach-call.prp,True
CBMC,c/Juliet_Test/CWE190_Integer_Overflow__int64_t_rand_square_08_bad_abs.i,64,c/properties/no-overflow.prp,False
CBMC,c/weaver/chl-nzb-file-symm.wvr.c,32,c/properties/unreach-call.prp,True
CBMC,c/weaver/chl-nzb-file-symm.wvr.c,32,c/properties/valid-memsafety.prp,True
CBMC,c/weaver/chl-nzb-file-symm.wvr.c,32,c/properties/no-overflow.prp,True
CBMC,c/weaver/chl-nzb-file-symm.wvr.c,32,c/properties/no-data-race.prp,True
CBMC,c/Juliet_Test/CWE190_Integer_Overflow__int64_t_fscanf_square_13_bad_abs.i,64,c/properties/no-overflow.prp,False
CBMC,c/goblint-coreutils/instrumented_nohup_comb.i,64,c/properties/unreach-call.prp,True
CBMC,c/goblint-coreutils/instrumented_nohup_comb.i,64,c/properties/valid-memsafety.prp,True
CBMC,c/goblint-coreutils/instrumented_nohup_comb.i,64,c/properties/no-overflow.prp,True
CBMC,c/nla-digbench/hard-ll.c,32,c/properties/unreach-call.prp,True
CBMC,c/nla-digbench/hard-ll.c,32,c/properties/no-overflow.prp,True
CBMC,c/hardware-verification-bv/btor2c-lazyMod.synapse.5.prop1-func-interl.c,64,c/properties/unreach-call.prp,False
CBMC,c/goblint-coreutils/instrumented_interval_nohup_comb.i,64,c/properties/unreach-call.prp,True
CBMC,c/goblint-coreutils/instrumented_interval_nohup_comb.i,64,c/properties/valid-memsafety.prp,True
CBMC,c/goblint-coreutils/instrumented_interval_nohup_comb.i,64,c/properties/no-overflow.prp,True
CBMC,c/Juliet_Test/CWE190_Integer_Overflow__int64_t_fscanf_square_08_bad_abs.i,64,c/properties/no-overflow.prp,False
CBMC,c/Juliet_Test/CWE190_Integer_Overflow__int_connect_socket_square_13_good.i,64,c/properties/no-overflow.prp,True
CBMC,c/combinations/pals_lcr.3.1.ufo.UNBOUNDED.pals+Problem12_label05.c,32,c/properties/unreach-call.prp,False
CBMC,c/eca-rers2012/Problem17_label52.c,32,c/properties/unreach-call.prp,False
CBMC,c/combinations/pals_lcr.8.ufo.BOUNDED-16.pals+Problem12_label00.c,32,c/properties/unreach-call.prp,False
CBMC,c/Juliet_Test/CWE190_Integer_Overflow__int64_t_fscanf_square_07_bad_abs.i,64,c/properties/no-overflow.prp,False
CBMC,c/eca-rers2012/Problem04_label27.c,32,c/properties/termination.prp,False
CBMC,c/eca-rers2012/Problem04_label27.c,32,c/properties/unreach-call.prp,False
CBMC,c/Juliet_Test/CWE190_Integer_Overflow__int_connect_socket_square_22_good.i,64,c/properties/no-overflow.prp,True
CBMC,c/combinations/pals_lcr.6.ufo.BOUNDED-12.pals+Problem12_label07.c,32,c/properties/unreach-call.prp,False
CBMC,c/Juliet_Test/CWE190_Integer_Overflow__int64_t_rand_square_42_bad_abs.i,64,c/properties/no-overflow.prp,False
CBMC,c/combinations/pals_lcr.5.ufo.UNBOUNDED.pals+Problem12_label06.c,32,c/properties/unreach-call.prp,False
CBMC,c/Juliet_Test/CWE190_Integer_Overflow__int_connect_socket_square_14_good.i,64,c/properties/no-overflow.prp,True
CBMC,c/eca-rers2012/Problem04_label36.c,32,c/properties/termination.prp,False
CBMC,c/eca-rers2012/Problem04_label36.c,32,c/properties/unreach-call.prp,False
CBMC,c/combinations/gcd_3+newton_1_3.i,32,c/properties/unreach-call.prp,True
CBMC,c/eca-rers2012/Problem17_label09.c,32,c/properties/unreach-call.prp,False
CBMC,c/Juliet_Test/CWE190_Integer_Overflow__int_connect_socket_square_07_good.i,64,c/properties/no-overflow.prp,True
CBMC,c/Juliet_Test/CWE190_Integer_Overflow__int64_t_rand_square_18_bad_abs.i,64,c/properties/no-overflow.prp,False
CBMC,c/Juliet_Test/CWE190_Integer_Overflow__int64_t_rand_square_67_bad_abs.i,64,c/properties/no-overflow.prp,False
CBMC,c/Juliet_Test/CWE190_Integer_Overflow__int64_t_rand_square_01_bad_abs.i,64,c/properties/no-overflow.prp,False
CBMC,c/coreutils-v8.31/ln_3args_ok.c,64,c/properties/valid-memsafety.prp,True
CBMC,c/coreutils-v8.31/ln_3args_ok.c,64,c/properties/no-overflow.prp,True
CBMC,c/nla-digbench-scaling/hard-ll_unwindbound100.c,32,c/properties/unreach-call.prp,False
CBMC,c/nla-digbench-scaling/hard-ll_unwindbound100.c,32,c/properties/no-overflow.prp,True
CBMC,c/Juliet_Test/CWE190_Integer_Overflow__int_connect_socket_square_08_good.i,64,c/properties/no-overflow.prp,True
CBMC,c/eca-rers2012/Problem12_label52.c,32,c/properties/unreach-call.prp,False
CBMC,c/eca-rers2012/Problem12_label39.c,32,c/properties/unreach-call.prp,False
CBMC,c/Juliet_Test/CWE190_Integer_Overflow__int64_t_rand_square_45_bad_abs.i,64,c/properties/no-overflow.prp,False
CBMC,c/combinations/pals_lcr.8.ufo.UNBOUNDED.pals+Problem12_label06.c,32,c/properties/unreach-call.prp,False
CBMC,c/array-examples/standard_init6_ground-1.i,32,c/properties/no-overflow.prp,True
CBMC,c/array-examples/standard_init6_ground-1.i,32,c/properties/unreach-call.prp,False
CBMC,c/nla-digbench-scaling/hard-ll_unwindbound50.c,32,c/properties/unreach-call.prp,False
CBMC,c/nla-digbench-scaling/hard-ll_unwindbound50.c,32,c/properties/no-overflow.prp,True
CBMC,c/float-benchs/rlim_exit.c,32,c/properties/no-overflow.prp,True
CBMC,c/float-benchs/rlim_exit.c,32,c/properties/termination.prp,True
CBMC,c/float-benchs/rlim_exit.c,32,c/properties/unreach-call.prp,True
CBMC,c/combinations/pals_lcr.5.ufo.UNBOUNDED.pals+Problem12_label00.c,32,c/properties/unreach-call.prp,False
CBMC,c/combinations/pals_lcr.4.ufo.UNBOUNDED.pals+Problem12_label06.c,32,c/properties/unreach-call.prp,False
CBMC,c/Juliet_Test/CWE190_Integer_Overflow__int64_t_rand_square_04_bad_abs.i,64,c/properties/no-overflow.prp,False
CBMC,c/combinations/gcd_3+newton_3_6.i,32,c/properties/unreach-call.prp,False
CBMC,c/Juliet_Test/CWE190_Integer_Overflow__int64_t_rand_square_32_bad_abs.i,64,c/properties/no-overflow.prp,False
CBMC,c/float-benchs/rlim_exit.c,32,c/properties/no-overflow.prp,True
CBMC,c/float-benchs/rlim_exit.c,32,c/properties/termination.prp,True
CBMC,c/float-benchs/rlim_exit.c,32,c/properties/unreach-call.prp,True
CBMC,c/Juliet_Test/CWE190_Integer_Overflow__int64_t_rand_square_61_bad_abs.i,64,c/properties/no-overflow.prp,False
CBMC,c/weaver/chl-nzb-file-subst.wvr.c,32,c/properties/unreach-call.prp,True
CBMC,c/weaver/chl-nzb-file-subst.wvr.c,32,c/properties/valid-memsafety.prp,True
CBMC,c/weaver/chl-nzb-file-subst.wvr.c,32,c/properties/no-overflow.prp,True
CBMC,c/weaver/chl-nzb-file-subst.wvr.c,32,c/properties/no-data-race.prp,True
CBMC,c/eca-rers2012/Problem16_label38.c,32,c/properties/unreach-call.prp,False
CBMC,c/eca-rers2012/Problem13_label19.c,32,c/properties/unreach-call.prp,False
CBMC,c/eca-rers2012/Problem12_label07.c,32,c/properties/unreach-call.prp,False
CBMC,c/Juliet_Test/CWE190_Integer_Overflow__int64_t_rand_square_13_bad_abs.i,64,c/properties/no-overflow.prp,False
CBMC,c/float-benchs/arctan_Pade.c,32,c/properties/termination.prp,True
CBMC,c/float-benchs/arctan_Pade.c,32,c/properties/unreach-call.prp,True
CBMC,c/Juliet_Test/CWE190_Integer_Overflow__int64_t_rand_square_03_bad_abs.i,64,c/properties/no-overflow.prp,False
CBMC,c/eca-rers2012/Problem12_label34.c,32,c/properties/unreach-call.prp,False
CBMC,c/seq-mthreaded-reduced/pals_lcr.6.1.ufo.UNBOUNDED.pals.c.v+sep-reducer.c,32,c/properties/unreach-call.prp,False
CBMC,c/eca-rers2012/Problem12_label51.c,32,c/properties/unreach-call.prp,False
CBMC,c/Juliet_Test/CWE190_Integer_Overflow__int64_t_rand_square_16_bad_abs.i,64,c/properties/no-overflow.prp,False
CBMC,c/Juliet_Test/CWE190_Integer_Overflow__int64_t_rand_square_31_bad_abs.i,64,c/properties/no-overflow.prp,False
CBMC,c/combinations/pals_lcr.7.ufo.BOUNDED-14.pals+Problem12_label00.c,32,c/properties/unreach-call.prp,False
CBMC,c/Juliet_Test/CWE190_Integer_Overflow__int64_t_rand_square_64_bad_abs.i,64,c/properties/no-overflow.prp,False
CBMC,c/Juliet_Test/CWE190_Integer_Overflow__int64_t_rand_square_66_bad_abs.i,64,c/properties/no-overflow.prp,False
CBMC,c/weaver/parallel-ticket-7.wvr.c,32,c/properties/unreach-call.prp,True
CBMC,c/weaver/parallel-ticket-7.wvr.c,32,c/properties/valid-memsafety.prp,True
CBMC,c/weaver/parallel-ticket-7.wvr.c,32,c/properties/no-overflow.prp,True
CBMC,c/weaver/parallel-ticket-7.wvr.c,32,c/properties/no-data-race.prp,True
CBMC,c/eca-rers2012/Problem13_label11.c,32,c/properties/unreach-call.prp,False
CBMC,c/combinations/gcd_3+newton_1_2.i,32,c/properties/unreach-call.prp,True
CBMC,c/hardware-verification-bv/btor2c-lazyMod.circular_pointer_top_w64_d32_e0.c,64,c/properties/unreach-call.prp,False
CBMC,c/Juliet_Test/CWE190_Integer_Overflow__int64_t_rand_square_07_bad_abs.i,64,c/properties/no-overflow.prp,False
CBMC,c/Juliet_Test/CWE190_Integer_Overflow__int_connect_socket_square_06_good.i,64,c/properties/no-overflow.prp,True
CBMC,c/combinations/pals_lcr.3.1.ufo.BOUNDED-6.pals+Problem12_label01.c,32,c/properties/unreach-call.prp,False
CBMC,c/uthash-2.0.2/uthash_SFH_test3-1.i,32,c/properties/unreach-call.prp,True
CBMC,c/uthash-2.0.2/uthash_SFH_test3-1.i,32,c/properties/termination.prp,True
CBMC,c/uthash-2.0.2/uthash_SFH_test3-1.i,32,c/properties/no-overflow.prp,True
CBMC,c/uthash-2.0.2/uthash_SFH_test3-1.i,32,c/properties/valid-memsafety.prp,False
CBMC,c/uthash-2.0.2/uthash_SFH_test3-1.i,32,c/properties/valid-memcleanup.prp,False
CBMC,c/eca-rers2012/Problem17_label26.c,32,c/properties/unreach-call.prp,False
CBMC,c/array-examples/standard_init7_ground-1.i,32,c/properties/no-overflow.prp,True
CBMC,c/array-examples/standard_init7_ground-1.i,32,c/properties/unreach-call.prp,False
CBMC,c/array-examples/standard_init7_ground-2.i,32,c/properties/no-overflow.prp,True
CBMC,c/array-examples/standard_init7_ground-2.i,32,c/properties/unreach-call.prp,True
CBMC,c/Juliet_Test/CWE190_Integer_Overflow__int64_t_fscanf_square_54_bad_abs.i,64,c/properties/no-overflow.prp,False
CBMC,c/eca-rers2012/Problem13_label58.c,32,c/properties/unreach-call.prp,False
CBMC,c/eca-rers2012/Problem13_label51.c,32,c/properties/unreach-call.prp,False
CBMC,c/Juliet_Test/CWE190_Integer_Overflow__int64_t_fscanf_square_10_bad_abs.i,64,c/properties/no-overflow.prp,False
CBMC,c/combinations/pals_lcr.5.ufo.BOUNDED-10.pals+Problem12_label07.c,32,c/properties/unreach-call.prp,False
CBMC,c/Juliet_Test/CWE190_Integer_Overflow__int64_t_rand_square_17_bad_abs.i,64,c/properties/no-overflow.prp,False
CBMC,c/Juliet_Test/CWE190_Integer_Overflow__int64_t_rand_square_15_bad_abs.i,64,c/properties/no-overflow.prp,False
CBMC,c/combinations/pals_lcr.3.1.ufo.UNBOUNDED.pals+Problem12_label01.c,32,c/properties/unreach-call.prp,False
CBMC,c/floats-cdfpl/newton_2_2.i,32,c/properties/termination.prp,True
CBMC,c/floats-cdfpl/newton_2_2.i,32,c/properties/unreach-call.prp,True
CBMC,c/combinations/pals_lcr.8.ufo.UNBOUNDED.pals+Problem12_label08.c,32,c/properties/unreach-call.prp,False
CBMC,c/Juliet_Test/CWE190_Integer_Overflow__int64_t_rand_square_63_bad_abs.i,64,c/properties/no-overflow.prp,False
CBMC,c/Juliet_Test/CWE190_Integer_Overflow__int64_t_fscanf_square_22_bad_abs.i,64,c/properties/no-overflow.prp,False
CBMC,c/seq-mthreaded/rekcba_nxt.2.M4-1.c,32,c/properties/unreach-call.prp,True
CBMC,c/eca-rers2012/Problem17_label35.c,32,c/properties/unreach-call.prp,False
CBMC,c/Juliet_Test/CWE190_Integer_Overflow__int64_t_rand_square_09_bad_abs.i,64,c/properties/no-overflow.prp,False
CBMC,c/combinations/pals_lcr.5.ufo.UNBOUNDED.pals+Problem12_label07.c,32,c/properties/unreach-call.prp,False
CBMC,c/uthash-2.0.2/uthash_SFH_test3-1.i,32,c/properties/unreach-call.prp,True
CBMC,c/uthash-2.0.2/uthash_SFH_test3-1.i,32,c/properties/termination.prp,True
CBMC,c/uthash-2.0.2/uthash_SFH_test3-1.i,32,c/properties/no-overflow.prp,True
CBMC,c/uthash-2.0.2/uthash_SFH_test3-1.i,32,c/properties/valid-memsafety.prp,False
CBMC,c/uthash-2.0.2/uthash_SFH_test3-1.i,32,c/properties/valid-memcleanup.prp,False
CBMC,c/combinations/gcd_1+newton_1_2.i,32,c/properties/unreach-call.prp,True
CBMC,c/combinations/pals_lcr.3.1.ufo.BOUNDED-6.pals+Problem12_label02.c,32,c/properties/unreach-call.prp,False
CBMC,c/eca-rers2012/Problem17_label46.c,32,c/properties/unreach-call.prp,False
CBMC,c/eca-rers2012/Problem17_label16.c,32,c/properties/unreach-call.prp,False
CBMC,c/combinations/pals_lcr.8.ufo.BOUNDED-16.pals+Problem12_label07.c,32,c/properties/unreach-call.prp,False
CBMC,c/combinations/pals_lcr.8.ufo.BOUNDED-16.pals+Problem12_label06.c,32,c/properties/unreach-call.prp,False
CBMC,c/array-industry-pattern/array_mul_init.i,32,c/properties/termination.prp,True
CBMC,c/array-industry-pattern/array_mul_init.i,32,c/properties/unreach-call.prp,True
CBMC,c/uthash-2.0.2/uthash_BER_test8-1.i,32,c/properties/unreach-call.prp,True
CBMC,c/uthash-2.0.2/uthash_BER_test8-1.i,32,c/properties/termination.prp,True
CBMC,c/uthash-2.0.2/uthash_BER_test8-1.i,32,c/properties/no-overflow.prp,True
CBMC,c/uthash-2.0.2/uthash_BER_test8-1.i,32,c/properties/valid-memsafety.prp,False
CBMC,c/uthash-2.0.2/uthash_BER_test8-1.i,32,c/properties/valid-memcleanup.prp,False
CBMC,c/ldv-linux-4.0-rc1-mav/linux-4.0-rc1---drivers--hwmon--nct6775.ko.cil.i,64,c/properties/unreach-call.prp,True
CBMC,c/uthash-2.0.2/uthash_SAX_test8-1.i,32,c/properties/unreach-call.prp,True
CBMC,c/uthash-2.0.2/uthash_SAX_test8-1.i,32,c/properties/termination.prp,True
CBMC,c/uthash-2.0.2/uthash_SAX_test8-1.i,32,c/properties/no-overflow.prp,True
CBMC,c/uthash-2.0.2/uthash_SAX_test8-1.i,32,c/properties/valid-memsafety.prp,False
CBMC,c/uthash-2.0.2/uthash_SAX_test8-1.i,32,c/properties/valid-memcleanup.prp,False
CBMC,c/uthash-2.0.2/uthash_JEN_test8-1.i,32,c/properties/unreach-call.prp,True
CBMC,c/uthash-2.0.2/uthash_JEN_test8-1.i,32,c/properties/termination.prp,True
CBMC,c/uthash-2.0.2/uthash_JEN_test8-1.i,32,c/properties/no-overflow.prp,True
CBMC,c/uthash-2.0.2/uthash_JEN_test8-1.i,32,c/properties/valid-memsafety.prp,False
CBMC,c/uthash-2.0.2/uthash_JEN_test8-1.i,32,c/properties/valid-memcleanup.prp,False
CBMC,c/Juliet_Test/CWE190_Integer_Overflow__int64_t_fscanf_square_68_bad_abs.i,64,c/properties/no-overflow.prp,False
CBMC,c/uthash-2.0.2/uthash_FNV_test3-1.i,32,c/properties/unreach-call.prp,True
CBMC,c/uthash-2.0.2/uthash_FNV_test3-1.i,32,c/properties/termination.prp,True
CBMC,c/uthash-2.0.2/uthash_FNV_test3-1.i,32,c/properties/no-overflow.prp,True
CBMC,c/uthash-2.0.2/uthash_FNV_test3-1.i,32,c/properties/valid-memsafety.prp,False
CBMC,c/uthash-2.0.2/uthash_FNV_test3-1.i,32,c/properties/valid-memcleanup.prp,False
CBMC,c/eca-rers2012/Problem12_label06.c,32,c/properties/unreach-call.prp,False
CBMC,c/Juliet_Test/CWE190_Integer_Overflow__int_connect_socket_square_21_good.i,64,c/properties/no-overflow.prp,True
CBMC,c/Juliet_Test/CWE190_Integer_Overflow__int64_t_rand_square_05_bad_abs.i,64,c/properties/no-overflow.prp,False
CBMC,c/Juliet_Test/CWE190_Integer_Overflow__int64_t_rand_square_11_bad_abs.i,64,c/properties/no-overflow.prp,False
CBMC,c/Juliet_Test/CWE190_Integer_Overflow__int64_t_rand_square_02_bad_abs.i,64,c/properties/no-overflow.prp,False
CBMC,c/combinations/pals_lcr.7.ufo.BOUNDED-14.pals+Problem12_label06.c,32,c/properties/unreach-call.prp,False
CBMC,c/combinations/gcd_3+newton_3_8.i,32,c/properties/unreach-call.prp,False
CBMC,c/combinations/pals_lcr.3.1.ufo.BOUNDED-6.pals+Problem12_label04.c,32,c/properties/unreach-call.prp,False
CBMC,c/hardware-verification-bv/btor2c-lazyMod.gear.1.prop1-back-serstep.c,64,c/properties/unreach-call.prp,False
CBMC,c/Juliet_Test/CWE190_Integer_Overflow__int64_t_fscanf_square_14_bad_abs.i,64,c/properties/no-overflow.prp,False
CBMC,c/uthash-2.0.2/uthash_BER_test8-1.i,32,c/properties/unreach-call.prp,True
CBMC,c/uthash-2.0.2/uthash_BER_test8-1.i,32,c/properties/termination.prp,True
CBMC,c/uthash-2.0.2/uthash_BER_test8-1.i,32,c/properties/no-overflow.prp,True
CBMC,c/uthash-2.0.2/uthash_BER_test8-1.i,32,c/properties/valid-memsafety.prp,False
CBMC,c/uthash-2.0.2/uthash_BER_test8-1.i,32,c/properties/valid-memcleanup.prp,False
CBMC,c/Juliet_Test/CWE190_Integer_Overflow__int_connect_socket_square_11_good.i,64,c/properties/no-overflow.prp,True
CBMC,c/uthash-2.0.2/uthash_SAX_test8-1.i,32,c/properties/unreach-call.prp,True
CBMC,c/uthash-2.0.2/uthash_SAX_test8-1.i,32,c/properties/termination.prp,True
CBMC,c/uthash-2.0.2/uthash_SAX_test8-1.i,32,c/properties/no-overflow.prp,True
CBMC,c/uthash-2.0.2/uthash_SAX_test8-1.i,32,c/properties/valid-memsafety.prp,False
CBMC,c/uthash-2.0.2/uthash_SAX_test8-1.i,32,c/properties/valid-memcleanup.prp,False
CBMC,c/eca-rers2012/Problem17_label07.c,32,c/properties/unreach-call.prp,False
CBMC,c/ldv-linux-3.4-simple/32_1_cilled_ok_nondet_linux-3.4-32_1-drivers--media--video--gspca--gspca_pac207.ko-ldv_main0_sequence_infinite_withcheck_stateful.cil.out.i,64,c/properties/unreach-call.prp,True
CBMC,c/combinations/pals_lcr.5.ufo.UNBOUNDED.pals+Problem12_label08.c,32,c/properties/unreach-call.prp,False
CBMC,c/uthash-2.0.2/uthash_BER_test8-1.i,32,c/properties/unreach-call.prp,True
CBMC,c/uthash-2.0.2/uthash_BER_test8-1.i,32,c/properties/termination.prp,True
CBMC,c/uthash-2.0.2/uthash_BER_test8-1.i,32,c/properties/no-overflow.prp,True
CBMC,c/uthash-2.0.2/uthash_BER_test8-1.i,32,c/properties/valid-memsafety.prp,False
CBMC,c/uthash-2.0.2/uthash_BER_test8-1.i,32,c/properties/valid-memcleanup.prp,False
CBMC,c/combinations/gcd_3+newton_3_7.i,32,c/properties/unreach-call.prp,False
CBMC,c/combinations/pals_lcr.3.1.ufo.BOUNDED-6.pals+Problem12_label09.c,32,c/properties/unreach-call.prp,False
CBMC,c/array-examples/standard_init8_ground-2.i,32,c/properties/no-overflow.prp,True
CBMC,c/array-examples/standard_init8_ground-2.i,32,c/properties/unreach-call.prp,True
CBMC,c/uthash-2.0.2/uthash_OAT_test8-1.i,32,c/properties/unreach-call.prp,True
CBMC,c/uthash-2.0.2/uthash_OAT_test8-1.i,32,c/properties/termination.prp,True
CBMC,c/uthash-2.0.2/uthash_OAT_test8-1.i,32,c/properties/no-overflow.prp,True
CBMC,c/uthash-2.0.2/uthash_OAT_test8-1.i,32,c/properties/valid-memsafety.prp,False
CBMC,c/uthash-2.0.2/uthash_OAT_test8-1.i,32,c/properties/valid-memcleanup.prp,False
CBMC,c/hardware-verification-bv/btor2c-lazyMod.train-gate.5.prop1-func-interl.c,64,c/properties/unreach-call.prp,False
CBMC,c/uthash-2.0.2/uthash_FNV_test3-1.i,32,c/properties/unreach-call.prp,True
CBMC,c/uthash-2.0.2/uthash_FNV_test3-1.i,32,c/properties/termination.prp,True
CBMC,c/uthash-2.0.2/uthash_FNV_test3-1.i,32,c/properties/no-overflow.prp,True
CBMC,c/uthash-2.0.2/uthash_FNV_test3-1.i,32,c/properties/valid-memsafety.prp,False
CBMC,c/uthash-2.0.2/uthash_FNV_test3-1.i,32,c/properties/valid-memcleanup.prp,False
CBMC,c/loop-lit/gsv2008.i,32,c/properties/termination.prp,True
CBMC,c/loop-lit/gsv2008.i,32,c/properties/unreach-call.prp,True
CBMC,c/combinations/pals_lcr.4.ufo.BOUNDED-8.pals+Problem12_label08.c,32,c/properties/unreach-call.prp,False
CBMC,c/list-ext-properties/test-0217_1.i,32,c/properties/valid-memsafety.prp,True
CBMC,c/bitvector/modulus-2.i,32,c/properties/no-overflow.prp,True
CBMC,c/bitvector/modulus-2.i,32,c/properties/unreach-call.prp,True
CBMC,c/combinations/pals_lcr.7.ufo.BOUNDED-14.pals+Problem12_label07.c,32,c/properties/unreach-call.prp,False
CBMC,c/Juliet_Test/CWE190_Integer_Overflow__int64_t_fscanf_square_67_bad_abs.i,64,c/properties/no-overflow.prp,False
CBMC,c/hardware-verification-bv/btor2c-lazyMod.leader_election.4.prop1-back-serstep.c,64,c/properties/unreach-call.prp,False
CBMC,c/uthash-2.0.2/uthash_OAT_test3-1.i,32,c/properties/unreach-call.prp,True
CBMC,c/uthash-2.0.2/uthash_OAT_test3-1.i,32,c/properties/termination.prp,True
CBMC,c/uthash-2.0.2/uthash_OAT_test3-1.i,32,c/properties/no-overflow.prp,True
CBMC,c/uthash-2.0.2/uthash_OAT_test3-1.i,32,c/properties/valid-memsafety.prp,False
CBMC,c/uthash-2.0.2/uthash_OAT_test3-1.i,32,c/properties/valid-memcleanup.prp,False
CBMC,c/eca-rers2012/Problem13_label54.c,32,c/properties/unreach-call.prp,False
CBMC,c/seq-mthreaded/pals_opt-floodmax.5.3.ufo.UNBOUNDED.pals.c,32,c/properties/unreach-call.prp,False
CBMC,c/seq-mthreaded/pals_opt-floodmax.5.3.ufo.UNBOUNDED.pals.c,32,c/properties/termination.prp,False
CBMC,c/Juliet_Test/CWE190_Integer_Overflow__int64_t_fscanf_square_42_bad_abs.i,64,c/properties/no-overflow.prp,False
CBMC,c/uthash-2.0.2/uthash_JEN_test8-1.i,32,c/properties/unreach-call.prp,True
CBMC,c/uthash-2.0.2/uthash_JEN_test8-1.i,32,c/properties/termination.prp,True
CBMC,c/uthash-2.0.2/uthash_JEN_test8-1.i,32,c/properties/no-overflow.prp,True
CBMC,c/uthash-2.0.2/uthash_JEN_test8-1.i,32,c/properties/valid-memsafety.prp,False
CBMC,c/uthash-2.0.2/uthash_JEN_test8-1.i,32,c/properties/valid-memcleanup.prp,False
CBMC,c/pthread/fib_unsafe-10.i,32,c/properties/unreach-call.prp,False
CBMC,c/pthread/fib_unsafe-10.i,32,c/properties/valid-memsafety.prp,True
CBMC,c/pthread/fib_unsafe-10.i,32,c/properties/no-overflow.prp,True
CBMC,c/pthread/fib_unsafe-10.i,32,c/properties/no-data-race.prp,True
CBMC,c/array-examples/standard_init8_ground-1.i,32,c/properties/no-overflow.prp,True
CBMC,c/array-examples/standard_init8_ground-1.i,32,c/properties/unreach-call.prp,False
CBMC,c/Juliet_Test/CWE190_Integer_Overflow__int64_t_rand_square_14_bad_abs.i,64,c/properties/no-overflow.prp,False
CBMC,c/combinations/pals_lcr.7.ufo.UNBOUNDED.pals+Problem12_label08.c,32,c/properties/unreach-call.prp,False
CBMC,c/uthash-2.0.2/uthash_SFH_test8-1.i,32,c/properties/unreach-call.prp,True
CBMC,c/uthash-2.0.2/uthash_SFH_test8-1.i,32,c/properties/termination.prp,True
CBMC,c/uthash-2.0.2/uthash_SFH_test8-1.i,32,c/properties/no-overflow.prp,True
CBMC,c/uthash-2.0.2/uthash_SFH_test8-1.i,32,c/properties/valid-memsafety.prp,False
CBMC,c/uthash-2.0.2/uthash_SFH_test8-1.i,32,c/properties/valid-memcleanup.prp,False
CBMC,c/eca-rers2012/Problem17_label40.c,32,c/properties/unreach-call.prp,False
CBMC,c/goblint-regression/13-privatized_24-multiple-protecting_true.i,32,c/properties/unreach-call.prp,True
CBMC,c/goblint-regression/13-privatized_24-multiple-protecting_true.i,32,c/properties/valid-memsafety.prp,True
CBMC,c/goblint-regression/13-privatized_24-multiple-protecting_true.i,32,c/properties/no-overflow.prp,True
CBMC,c/goblint-regression/13-privatized_24-multiple-protecting_true.i,32,c/properties/no-data-race.prp,True
CBMC,c/seq-mthreaded/rekcba_aso.2.M4-2.c,32,c/properties/unreach-call.prp,True
CBMC,c/eca-rers2012/Problem13_label30.c,32,c/properties/unreach-call.prp,False
CBMC,c/uthash-2.0.2/uthash_OAT_test8-1.i,32,c/properties/unreach-call.prp,True
CBMC,c/uthash-2.0.2/uthash_OAT_test8-1.i,32,c/properties/termination.prp,True
CBMC,c/uthash-2.0.2/uthash_OAT_test8-1.i,32,c/properties/no-overflow.prp,True
CBMC,c/uthash-2.0.2/uthash_OAT_test8-1.i,32,c/properties/valid-memsafety.prp,False
CBMC,c/uthash-2.0.2/uthash_OAT_test8-1.i,32,c/properties/valid-memcleanup.prp,False
CBMC,c/combinations/pals_lcr.8.ufo.UNBOUNDED.pals+Problem12_label00.c,32,c/properties/unreach-call.prp,False
CBMC,c/Juliet_Test/CWE190_Integer_Overflow__int64_t_fscanf_square_31_bad_abs.i,64,c/properties/no-overflow.prp,False
CBMC,c/array-examples/standard_compareModified_ground.i,32,c/properties/no-overflow.prp,True
CBMC,c/array-examples/standard_compareModified_ground.i,32,c/properties/unreach-call.prp,True
CBMC,c/floats-cdfpl/square_4.i,32,c/properties/termination.prp,True
CBMC,c/floats-cdfpl/square_4.i,32,c/properties/unreach-call.prp,True
CBMC,c/hardware-verification-bv/btor2c-lazyMod.pouring.1.prop1-func-interl.c,64,c/properties/unreach-call.prp,False
CBMC,c/Juliet_Test/CWE190_Integer_Overflow__int64_t_rand_square_34_bad_abs.i,64,c/properties/no-overflow.prp,False
CBMC,c/seq-mthreaded-reduced/pals_lcr.6.1.ufo.BOUNDED-12.pals.c.v+sep-reducer.c,32,c/properties/unreach-call.prp,False
CBMC,c/eca-rers2012/Problem17_label13.c,32,c/properties/unreach-call.prp,False
CBMC,c/uthash-2.0.2/uthash_SFH_test9-2.i,32,c/properties/unreach-call.prp,True
CBMC,c/uthash-2.0.2/uthash_SFH_test9-2.i,32,c/properties/termination.prp,True
CBMC,c/uthash-2.0.2/uthash_SFH_test9-2.i,32,c/properties/no-overflow.prp,True
CBMC,c/uthash-2.0.2/uthash_SFH_test9-2.i,32,c/properties/valid-memsafety.prp,True
CBMC,c/uthash-2.0.2/uthash_SFH_test9-2.i,32,c/properties/valid-memcleanup.prp,True
CBMC,c/recursified_nla-digbench/recursified_hard-ll.c,32,c/properties/unreach-call.prp,True
CBMC,c/recursified_nla-digbench/recursified_hard-ll.c,32,c/properties/no-overflow.prp,True
CBMC,c/uthash-2.0.2/uthash_SFH_test9-2.i,32,c/properties/unreach-call.prp,True
CBMC,c/uthash-2.0.2/uthash_SFH_test9-2.i,32,c/properties/termination.prp,True
CBMC,c/uthash-2.0.2/uthash_SFH_test9-2.i,32,c/properties/no-overflow.prp,True
CBMC,c/uthash-2.0.2/uthash_SFH_test9-2.i,32,c/properties/valid-memsafety.prp,True
CBMC,c/uthash-2.0.2/uthash_SFH_test9-2.i,32,c/properties/valid-memcleanup.prp,True
CBMC,c/uthash-2.0.2/uthash_JEN_test3-1.i,32,c/properties/unreach-call.prp,True
CBMC,c/uthash-2.0.2/uthash_JEN_test3-1.i,32,c/properties/termination.prp,True
CBMC,c/uthash-2.0.2/uthash_JEN_test3-1.i,32,c/properties/no-overflow.prp,True
CBMC,c/uthash-2.0.2/uthash_JEN_test3-1.i,32,c/properties/valid-memsafety.prp,False
CBMC,c/uthash-2.0.2/uthash_JEN_test3-1.i,32,c/properties/valid-memcleanup.prp,False
CBMC,c/uthash-2.0.2/uthash_FNV_test9-2.i,32,c/properties/unreach-call.prp,True
CBMC,c/uthash-2.0.2/uthash_FNV_test9-2.i,32,c/properties/termination.prp,True
CBMC,c/uthash-2.0.2/uthash_FNV_test9-2.i,32,c/properties/no-overflow.prp,True
CBMC,c/uthash-2.0.2/uthash_FNV_test9-2.i,32,c/properties/valid-memsafety.prp,True
CBMC,c/uthash-2.0.2/uthash_FNV_test9-2.i,32,c/properties/valid-memcleanup.prp,True
CBMC,c/eca-rers2012/Problem13_label23.c,32,c/properties/unreach-call.prp,False
CBMC,c/combinations/pals_lcr.6.ufo.BOUNDED-12.pals+Problem12_label06.c,32,c/properties/unreach-call.prp,False
CBMC,c/uthash-2.0.2/uthash_SAX_test9-2.i,32,c/properties/unreach-call.prp,True
CBMC,c/uthash-2.0.2/uthash_SAX_test9-2.i,32,c/properties/termination.prp,True
CBMC,c/uthash-2.0.2/uthash_SAX_test9-2.i,32,c/properties/no-overflow.prp,True
CBMC,c/uthash-2.0.2/uthash_SAX_test9-2.i,32,c/properties/valid-memsafety.prp,True
CBMC,c/uthash-2.0.2/uthash_SAX_test9-2.i,32,c/properties/valid-memcleanup.prp,True
CBMC,c/Juliet_Test/CWE190_Integer_Overflow__int64_t_fscanf_square_18_bad_abs.i,64,c/properties/no-overflow.prp,False
CBMC,c/Juliet_Test/CWE190_Integer_Overflow__int64_t_fscanf_square_05_bad_abs.i,64,c/properties/no-overflow.prp,False
CBMC,c/ldv-linux-3.4-simple/43_1a_cilled_ok_nondet_linux-43_1a-drivers--media--video--gspca--gspca_stv0680.ko-ldv_main0_sequence_infinite_withcheck_stateful.cil.out.i,64,c/properties/unreach-call.prp,True
CBMC,c/uthash-2.0.2/uthash_JEN_test8-1.i,32,c/properties/unreach-call.prp,True
CBMC,c/uthash-2.0.2/uthash_JEN_test8-1.i,32,c/properties/termination.prp,True
CBMC,c/uthash-2.0.2/uthash_JEN_test8-1.i,32,c/properties/no-overflow.prp,True
CBMC,c/uthash-2.0.2/uthash_JEN_test8-1.i,32,c/properties/valid-memsafety.prp,False
CBMC,c/uthash-2.0.2/uthash_JEN_test8-1.i,32,c/properties/valid-memcleanup.prp,False
CBMC,c/nla-digbench-scaling/cohendiv-ll_unwindbound10.c,32,c/properties/unreach-call.prp,True
CBMC,c/nla-digbench-scaling/cohendiv-ll_unwindbound10.c,32,c/properties/no-overflow.prp,True
CBMC,c/uthash-2.0.2/uthash_SFH_test9-2.i,32,c/properties/unreach-call.prp,True
CBMC,c/uthash-2.0.2/uthash_SFH_test9-2.i,32,c/properties/termination.prp,True
CBMC,c/uthash-2.0.2/uthash_SFH_test9-2.i,32,c/properties/no-overflow.prp,True
CBMC,c/uthash-2.0.2/uthash_SFH_test9-2.i,32,c/properties/valid-memsafety.prp,True
CBMC,c/uthash-2.0.2/uthash_SFH_test9-2.i,32,c/properties/valid-memcleanup.prp,True
CBMC,c/uthash-2.0.2/uthash_BER_test9-2.i,32,c/properties/unreach-call.prp,True
CBMC,c/uthash-2.0.2/uthash_BER_test9-2.i,32,c/properties/termination.prp,True
CBMC,c/uthash-2.0.2/uthash_BER_test9-2.i,32,c/properties/no-overflow.prp,True
CBMC,c/uthash-2.0.2/uthash_BER_test9-2.i,32,c/properties/valid-memsafety.prp,True
CBMC,c/uthash-2.0.2/uthash_BER_test9-2.i,32,c/properties/valid-memcleanup.prp,True
CBMC,c/combinations/pals_lcr.8.ufo.BOUNDED-16.pals+Problem12_label08.c,32,c/properties/unreach-call.prp,False
CBMC,c/uthash-2.0.2/uthash_SAX_test9-2.i,32,c/properties/unreach-call.prp,True
CBMC,c/uthash-2.0.2/uthash_SAX_test9-2.i,32,c/properties/termination.prp,True
CBMC,c/uthash-2.0.2/uthash_SAX_test9-2.i,32,c/properties/no-overflow.prp,True
CBMC,c/uthash-2.0.2/uthash_SAX_test9-2.i,32,c/properties/valid-memsafety.prp,True
CBMC,c/uthash-2.0.2/uthash_SAX_test9-2.i,32,c/properties/valid-memcleanup.prp,True
CBMC,c/Juliet_Test/CWE190_Integer_Overflow__int64_t_rand_square_68_bad_abs.i,64,c/properties/no-overflow.prp,False
CBMC,c/uthash-2.0.2/uthash_JEN_test3-1.i,32,c/properties/unreach-call.prp,True
CBMC,c/uthash-2.0.2/uthash_JEN_test3-1.i,32,c/properties/termination.prp,True
CBMC,c/uthash-2.0.2/uthash_JEN_test3-1.i,32,c/properties/no-overflow.prp,True
CBMC,c/uthash-2.0.2/uthash_JEN_test3-1.i,32,c/properties/valid-memsafety.prp,False
CBMC,c/uthash-2.0.2/uthash_JEN_test3-1.i,32,c/properties/valid-memcleanup.prp,False
CBMC,c/Juliet_Test/CWE190_Integer_Overflow__int64_t_fscanf_square_34_bad_abs.i,64,c/properties/no-overflow.prp,False
CBMC,c/hardware-verification-bv/btor2c-lazyMod.brp2.5.prop1-func-interl.c,64,c/properties/unreach-call.prp,False
CBMC,c/uthash-2.0.2/uthash_JEN_test9-2.i,32,c/properties/unreach-call.prp,True
CBMC,c/uthash-2.0.2/uthash_JEN_test9-2.i,32,c/properties/termination.prp,True
CBMC,c/uthash-2.0.2/uthash_JEN_test9-2.i,32,c/properties/no-overflow.prp,True
CBMC,c/uthash-2.0.2/uthash_JEN_test9-2.i,32,c/properties/valid-memsafety.prp,True
CBMC,c/uthash-2.0.2/uthash_JEN_test9-2.i,32,c/properties/valid-memcleanup.prp,True
CBMC,c/Juliet_Test/CWE190_Integer_Overflow__int64_t_fscanf_square_41_bad_abs.i,64,c/properties/no-overflow.prp,False
CBMC,c/ldv-linux-3.0/module_get_put-drivers-net-atl1c-atl1c.ko.cil.out.i,64,c/properties/no-overflow.prp,False
CBMC,c/combinations/Problem05_label41+token_ring.01.cil-1.c,32,c/properties/unreach-call.prp,False
CBMC,c/Juliet_Test/CWE190_Integer_Overflow__int64_t_fscanf_square_45_bad_abs.i,64,c/properties/no-overflow.prp,False
CBMC,c/uthash-2.0.2/uthash_FNV_test8-1.i,32,c/properties/unreach-call.prp,True
CBMC,c/uthash-2.0.2/uthash_FNV_test8-1.i,32,c/properties/termination.prp,True
CBMC,c/uthash-2.0.2/uthash_FNV_test8-1.i,32,c/properties/no-overflow.prp,True
CBMC,c/uthash-2.0.2/uthash_FNV_test8-1.i,32,c/properties/valid-memsafety.prp,False
CBMC,c/uthash-2.0.2/uthash_FNV_test8-1.i,32,c/properties/valid-memcleanup.prp,False
CBMC,c/eca-rers2012/Problem16_label33.c,32,c/properties/unreach-call.prp,False
CBMC,c/uthash-2.0.2/uthash_SAX_test8-1.i,32,c/properties/unreach-call.prp,True
CBMC,c/uthash-2.0.2/uthash_SAX_test8-1.i,32,c/properties/termination.prp,True
CBMC,c/uthash-2.0.2/uthash_SAX_test8-1.i,32,c/properties/no-overflow.prp,True
CBMC,c/uthash-2.0.2/uthash_SAX_test8-1.i,32,c/properties/valid-memsafety.prp,False
CBMC,c/uthash-2.0.2/uthash_SAX_test8-1.i,32,c/properties/valid-memcleanup.prp,False
CBMC,c/uthash-2.0.2/uthash_OAT_test9-2.i,32,c/properties/unreach-call.prp,True
CBMC,c/uthash-2.0.2/uthash_OAT_test9-2.i,32,c/properties/termination.prp,True
CBMC,c/uthash-2.0.2/uthash_OAT_test9-2.i,32,c/properties/no-overflow.prp,True
CBMC,c/uthash-2.0.2/uthash_OAT_test9-2.i,32,c/properties/valid-memsafety.prp,True
CBMC,c/uthash-2.0.2/uthash_OAT_test9-2.i,32,c/properties/valid-memcleanup.prp,True
CBMC,c/uthash-2.0.2/uthash_SAX_test9-2.i,32,c/properties/unreach-call.prp,True
CBMC,c/uthash-2.0.2/uthash_SAX_test9-2.i,32,c/properties/termination.prp,True
CBMC,c/uthash-2.0.2/uthash_SAX_test9-2.i,32,c/properties/no-overflow.prp,True
CBMC,c/uthash-2.0.2/uthash_SAX_test9-2.i,32,c/properties/valid-memsafety.prp,True
CBMC,c/uthash-2.0.2/uthash_SAX_test9-2.i,32,c/properties/valid-memcleanup.prp,True
CBMC,c/hardware-verification-bv/btor2c-lazyMod.rether.6.prop1-back-serstep.c,64,c/properties/unreach-call.prp,False
CBMC,c/uthash-2.0.2/uthash_OAT_test9-2.i,32,c/properties/unreach-call.prp,True
CBMC,c/uthash-2.0.2/uthash_OAT_test9-2.i,32,c/properties/termination.prp,True
CBMC,c/uthash-2.0.2/uthash_OAT_test9-2.i,32,c/properties/no-overflow.prp,True
CBMC,c/uthash-2.0.2/uthash_OAT_test9-2.i,32,c/properties/valid-memsafety.prp,True
CBMC,c/uthash-2.0.2/uthash_OAT_test9-2.i,32,c/properties/valid-memcleanup.prp,True
CBMC,c/uthash-2.0.2/uthash_BER_test3-1.i,32,c/properties/unreach-call.prp,True
CBMC,c/uthash-2.0.2/uthash_BER_test3-1.i,32,c/properties/termination.prp,True
CBMC,c/uthash-2.0.2/uthash_BER_test3-1.i,32,c/properties/no-overflow.prp,True
CBMC,c/uthash-2.0.2/uthash_BER_test3-1.i,32,c/properties/valid-memsafety.prp,False
CBMC,c/uthash-2.0.2/uthash_BER_test3-1.i,32,c/properties/valid-memcleanup.prp,False
CBMC,c/uthash-2.0.2/uthash_FNV_test8-1.i,32,c/properties/unreach-call.prp,True
CBMC,c/uthash-2.0.2/uthash_FNV_test8-1.i,32,c/properties/termination.prp,True
CBMC,c/uthash-2.0.2/uthash_FNV_test8-1.i,32,c/properties/no-overflow.prp,True
CBMC,c/uthash-2.0.2/uthash_FNV_test8-1.i,32,c/properties/valid-memsafety.prp,False
CBMC,c/uthash-2.0.2/uthash_FNV_test8-1.i,32,c/properties/valid-memcleanup.prp,False
CBMC,c/uthash-2.0.2/uthash_JEN_test9-2.i,32,c/properties/unreach-call.prp,True
CBMC,c/uthash-2.0.2/uthash_JEN_test9-2.i,32,c/properties/termination.prp,True
CBMC,c/uthash-2.0.2/uthash_JEN_test9-2.i,32,c/properties/no-overflow.prp,True
CBMC,c/uthash-2.0.2/uthash_JEN_test9-2.i,32,c/properties/valid-memsafety.prp,True
CBMC,c/uthash-2.0.2/uthash_JEN_test9-2.i,32,c/properties/valid-memcleanup.prp,True
CBMC,c/nla-digbench-scaling/bresenham-ll_valuebound50.c,32,c/properties/unreach-call.prp,True
CBMC,c/nla-digbench-scaling/bresenham-ll_valuebound50.c,32,c/properties/no-overflow.prp,True
CBMC,c/uthash-2.0.2/uthash_JEN_test9-2.i,32,c/properties/unreach-call.prp,True
CBMC,c/uthash-2.0.2/uthash_JEN_test9-2.i,32,c/properties/termination.prp,True
CBMC,c/uthash-2.0.2/uthash_JEN_test9-2.i,32,c/properties/no-overflow.prp,True
CBMC,c/uthash-2.0.2/uthash_JEN_test9-2.i,32,c/properties/valid-memsafety.prp,True
CBMC,c/uthash-2.0.2/uthash_JEN_test9-2.i,32,c/properties/valid-memcleanup.prp,True
CBMC,c/Juliet_Test/CWE190_Integer_Overflow__int64_t_fscanf_square_51_bad_abs.i,64,c/properties/no-overflow.prp,False
CBMC,c/ldv-linux-3.16-rc1/43_2a_consumption_linux-3.16-rc1.tar.xz-43_2a-drivers--tty--rocket.ko-entry_point.cil.out.i,64,c/properties/unreach-call.prp,True
CBMC,c/weaver/chl-nzb-file-trans.wvr.c,32,c/properties/unreach-call.prp,True
CBMC,c/weaver/chl-nzb-file-trans.wvr.c,32,c/properties/valid-memsafety.prp,True
CBMC,c/weaver/chl-nzb-file-trans.wvr.c,32,c/properties/no-overflow.prp,True
CBMC,c/weaver/chl-nzb-file-trans.wvr.c,32,c/properties/no-data-race.prp,True
CBMC,c/uthash-2.0.2/uthash_BER_test3-1.i,32,c/properties/unreach-call.prp,True
CBMC,c/uthash-2.0.2/uthash_BER_test3-1.i,32,c/properties/termination.prp,True
CBMC,c/uthash-2.0.2/uthash_BER_test3-1.i,32,c/properties/no-overflow.prp,True
CBMC,c/uthash-2.0.2/uthash_BER_test3-1.i,32,c/properties/valid-memsafety.prp,False
CBMC,c/uthash-2.0.2/uthash_BER_test3-1.i,32,c/properties/valid-memcleanup.prp,False
CBMC,c/Juliet_Test/CWE190_Integer_Overflow__int64_t_fscanf_square_17_bad_abs.i,64,c/properties/no-overflow.prp,False
CBMC,c/hardware-verification-bv/btor2c-lazyMod.krebs.3.prop1-back-serstep.c,64,c/properties/unreach-call.prp,False
CBMC,c/Juliet_Test/CWE190_Integer_Overflow__int64_t_fscanf_square_44_bad_abs.i,64,c/properties/no-overflow.prp,False
CBMC,c/uthash-2.0.2/uthash_FNV_test9-2.i,32,c/properties/unreach-call.prp,True
CBMC,c/uthash-2.0.2/uthash_FNV_test9-2.i,32,c/properties/termination.prp,True
CBMC,c/uthash-2.0.2/uthash_FNV_test9-2.i,32,c/properties/no-overflow.prp,True
CBMC,c/uthash-2.0.2/uthash_FNV_test9-2.i,32,c/properties/valid-memsafety.prp,True
CBMC,c/uthash-2.0.2/uthash_FNV_test9-2.i,32,c/properties/valid-memcleanup.prp,True
CBMC,c/uthash-2.0.2/uthash_OAT_test9-2.i,32,c/properties/unreach-call.prp,True
CBMC,c/uthash-2.0.2/uthash_OAT_test9-2.i,32,c/properties/termination.prp,True
CBMC,c/uthash-2.0.2/uthash_OAT_test9-2.i,32,c/properties/no-overflow.prp,True
CBMC,c/uthash-2.0.2/uthash_OAT_test9-2.i,32,c/properties/valid-memsafety.prp,True
CBMC,c/uthash-2.0.2/uthash_OAT_test9-2.i,32,c/properties/valid-memcleanup.prp,True
CBMC,c/combinations/pals_lcr.5.ufo.BOUNDED-10.pals+Problem12_label08.c,32,c/properties/unreach-call.prp,False
CBMC,c/uthash-2.0.2/uthash_JEN_test3-1.i,32,c/properties/unreach-call.prp,True
CBMC,c/uthash-2.0.2/uthash_JEN_test3-1.i,32,c/properties/termination.prp,True
CBMC,c/uthash-2.0.2/uthash_JEN_test3-1.i,32,c/properties/no-overflow.prp,True
CBMC,c/uthash-2.0.2/uthash_JEN_test3-1.i,32,c/properties/valid-memsafety.prp,False
CBMC,c/uthash-2.0.2/uthash_JEN_test3-1.i,32,c/properties/valid-memcleanup.prp,False
CBMC,c/combinations/pals_lcr.6.ufo.UNBOUNDED.pals+Problem12_label08.c,32,c/properties/unreach-call.prp,False
CBMC,c/eca-rers2012/Problem04_label40.c,32,c/properties/termination.prp,False
CBMC,c/eca-rers2012/Problem04_label40.c,32,c/properties/unreach-call.prp,False
CBMC,c/Juliet_Test/CWE190_Integer_Overflow__int64_t_fscanf_square_61_bad_abs.i,64,c/properties/no-overflow.prp,False
CBMC,c/float-benchs/rlim_invariant.c,32,c/properties/no-overflow.prp,True
CBMC,c/float-benchs/rlim_invariant.c,32,c/properties/termination.prp,True
CBMC,c/float-benchs/rlim_invariant.c,32,c/properties/unreach-call.prp,True
CBMC,c/Juliet_Test/CWE190_Integer_Overflow__int64_t_fscanf_square_65_bad_abs.i,64,c/properties/no-overflow.prp,False
CBMC,c/ldv-consumption/32_7a_cilled_linux-3.8-rc1-32_7a-drivers--staging--bcm--bcm_wimax.ko-ldv_main17_sequence_infinite_withcheck_stateful.cil.out.i,64,c/properties/unreach-call.prp,True
CBMC,c/combinations/pals_lcr.8.ufo.UNBOUNDED.pals+Problem12_label07.c,32,c/properties/unreach-call.prp,False
CBMC,c/eca-rers2012/Problem13_label16.c,32,c/properties/unreach-call.prp,False
CBMC,c/hardware-verification-bv/btor2c-lazyMod.peg_solitaire.3.prop1-func-interl.c,64,c/properties/unreach-call.prp,False
CBMC,c/combinations/Problem05_label41+token_ring.03.cil-2.c,32,c/properties/unreach-call.prp,False
CBMC,c/uthash-2.0.2/uthash_BER_test3-1.i,32,c/properties/unreach-call.prp,True
CBMC,c/uthash-2.0.2/uthash_BER_test3-1.i,32,c/properties/termination.prp,True
CBMC,c/uthash-2.0.2/uthash_BER_test3-1.i,32,c/properties/no-overflow.prp,True
CBMC,c/uthash-2.0.2/uthash_BER_test3-1.i,32,c/properties/valid-memsafety.prp,False
CBMC,c/uthash-2.0.2/uthash_BER_test3-1.i,32,c/properties/valid-memcleanup.prp,False
CBMC,c/eca-rers2012/Problem12_label48.c,32,c/properties/unreach-call.prp,False
CBMC,c/array-industry-pattern/array_single_elem_init.i,32,c/properties/no-overflow.prp,True
CBMC,c/array-industry-pattern/array_single_elem_init.i,32,c/properties/termination.prp,True
CBMC,c/array-industry-pattern/array_single_elem_init.i,32,c/properties/unreach-call.prp,False
CBMC,c/Juliet_Test/CWE190_Integer_Overflow__int64_t_fscanf_square_51_good.i,64,c/properties/no-overflow.prp,True
CBMC,c/uthash-2.0.2/uthash_FNV_test8-1.i,32,c/properties/unreach-call.prp,True
CBMC,c/uthash-2.0.2/uthash_FNV_test8-1.i,32,c/properties/termination.prp,True
CBMC,c/uthash-2.0.2/uthash_FNV_test8-1.i,32,c/properties/no-overflow.prp,True
CBMC,c/uthash-2.0.2/uthash_FNV_test8-1.i,32,c/properties/valid-memsafety.prp,False
CBMC,c/uthash-2.0.2/uthash_FNV_test8-1.i,32,c/properties/valid-memcleanup.prp,False
CBMC,c/eca-rers2012/Problem04_label26.c,32,c/properties/unreach-call.prp,False
CBMC,c/eca-rers2012/Problem17_label57.c,32,c/properties/unreach-call.prp,False
CBMC,c/ldv-linux-4.2-rc1/linux-4.2-rc1.tar.xz-08_1a-drivers--iio--imu--inv_mpu6050--inv-mpu6050.ko-entry_point.cil.out.i,64,c/properties/valid-memsafety.prp,False
CBMC,c/combinations/gcd_2+newton_3_7.i,32,c/properties/unreach-call.prp,False
CBMC,c/uthash-2.0.2/uthash_FNV_test9-2.i,32,c/properties/unreach-call.prp,True
CBMC,c/uthash-2.0.2/uthash_FNV_test9-2.i,32,c/properties/termination.prp,True
CBMC,c/uthash-2.0.2/uthash_FNV_test9-2.i,32,c/properties/no-overflow.prp,True
CBMC,c/uthash-2.0.2/uthash_FNV_test9-2.i,32,c/properties/valid-memsafety.prp,True
CBMC,c/uthash-2.0.2/uthash_FNV_test9-2.i,32,c/properties/valid-memcleanup.prp,True
CBMC,c/uthash-2.0.2/uthash_OAT_test3-1.i,32,c/properties/unreach-call.prp,True
CBMC,c/uthash-2.0.2/uthash_OAT_test3-1.i,32,c/properties/termination.prp,True
CBMC,c/uthash-2.0.2/uthash_OAT_test3-1.i,32,c/properties/no-overflow.prp,True
CBMC,c/uthash-2.0.2/uthash_OAT_test3-1.i,32,c/properties/valid-memsafety.prp,False
CBMC,c/uthash-2.0.2/uthash_OAT_test3-1.i,32,c/properties/valid-memcleanup.prp,False
CBMC,c/Juliet_Test/CWE190_Integer_Overflow__int64_t_rand_square_12_bad_abs.i,64,c/properties/no-overflow.prp,False
CBMC,c/nla-digbench-scaling/mannadiv_unwindbound100.c,32,c/properties/unreach-call.prp,False
CBMC,c/nla-digbench-scaling/mannadiv_unwindbound100.c,32,c/properties/no-overflow.prp,True
CBMC,c/combinations/gcd_4+newton_2_7.i,32,c/properties/unreach-call.prp,False
CBMC,c/combinations/pals_lcr.3.1.ufo.BOUNDED-6.pals+Problem12_label05.c,32,c/properties/unreach-call.prp,False
CBMC,c/ldv-linux-4.2-rc1/linux-4.2-rc1.tar.xz-08_1a-drivers--net--xen-netback--xen-netback.ko-entry_point.cil.out.i,64,c/properties/unreach-call.prp,False
CBMC,c/float-benchs/rlim_invariant.c,32,c/properties/no-overflow.prp,True
CBMC,c/float-benchs/rlim_invariant.c,32,c/properties/termination.prp,True
CBMC,c/float-benchs/rlim_invariant.c,32,c/properties/unreach-call.prp,True
CBMC,c/array-industry-pattern/array_ptr_single_elem_init-2.i,32,c/properties/no-overflow.prp,True
CBMC,c/array-industry-pattern/array_ptr_single_elem_init-2.i,32,c/properties/termination.prp,True
CBMC,c/array-industry-pattern/array_ptr_single_elem_init-2.i,32,c/properties/unreach-call.prp,False
CBMC,c/uthash-2.0.2/uthash_BER_test9-2.i,32,c/properties/unreach-call.prp,True
CBMC,c/uthash-2.0.2/uthash_BER_test9-2.i,32,c/properties/termination.prp,True
CBMC,c/uthash-2.0.2/uthash_BER_test9-2.i,32,c/properties/no-overflow.prp,True
CBMC,c/uthash-2.0.2/uthash_BER_test9-2.i,32,c/properties/valid-memsafety.prp,True
CBMC,c/uthash-2.0.2/uthash_BER_test9-2.i,32,c/properties/valid-memcleanup.prp,True
CBMC,c/uthash-2.0.2/uthash_SFH_test8-1.i,32,c/properties/unreach-call.prp,True
CBMC,c/uthash-2.0.2/uthash_SFH_test8-1.i,32,c/properties/termination.prp,True
CBMC,c/uthash-2.0.2/uthash_SFH_test8-1.i,32,c/properties/no-overflow.prp,True
CBMC,c/uthash-2.0.2/uthash_SFH_test8-1.i,32,c/properties/valid-memsafety.prp,False
CBMC,c/uthash-2.0.2/uthash_SFH_test8-1.i,32,c/properties/valid-memcleanup.prp,False
CBMC,c/Juliet_Test/CWE190_Integer_Overflow__int64_t_fscanf_square_01_bad_abs.i,64,c/properties/no-overflow.prp,False
CBMC,c/eca-rers2012/Problem12_label08.c,32,c/properties/unreach-call.prp,False
CBMC,c/uthash-2.0.2/uthash_SAX_test3-1.i,32,c/properties/unreach-call.prp,True
CBMC,c/uthash-2.0.2/uthash_SAX_test3-1.i,32,c/properties/termination.prp,True
CBMC,c/uthash-2.0.2/uthash_SAX_test3-1.i,32,c/properties/no-overflow.prp,True
CBMC,c/uthash-2.0.2/uthash_SAX_test3-1.i,32,c/properties/valid-memsafety.prp,False
CBMC,c/uthash-2.0.2/uthash_SAX_test3-1.i,32,c/properties/valid-memcleanup.prp,False
CBMC,c/uthash-2.0.2/uthash_JEN_test9-2.i,32,c/properties/unreach-call.prp,True
CBMC,c/uthash-2.0.2/uthash_JEN_test9-2.i,32,c/properties/termination.prp,True
CBMC,c/uthash-2.0.2/uthash_JEN_test9-2.i,32,c/properties/no-overflow.prp,True
CBMC,c/uthash-2.0.2/uthash_JEN_test9-2.i,32,c/properties/valid-memsafety.prp,True
CBMC,c/uthash-2.0.2/uthash_JEN_test9-2.i,32,c/properties/valid-memcleanup.prp,True
CBMC,c/uthash-2.0.2/uthash_BER_test9-2.i,32,c/properties/unreach-call.prp,True
CBMC,c/uthash-2.0.2/uthash_BER_test9-2.i,32,c/properties/termination.prp,True
CBMC,c/uthash-2.0.2/uthash_BER_test9-2.i,32,c/properties/no-overflow.prp,True
CBMC,c/uthash-2.0.2/uthash_BER_test9-2.i,32,c/properties/valid-memsafety.prp,True
CBMC,c/uthash-2.0.2/uthash_BER_test9-2.i,32,c/properties/valid-memcleanup.prp,True
CBMC,c/combinations/gcd_4+newton_2_2.i,32,c/properties/unreach-call.prp,True
CBMC,c/pthread/fib_unsafe-12.i,32,c/properties/unreach-call.prp,False
CBMC,c/pthread/fib_unsafe-12.i,32,c/properties/valid-memsafety.prp,True
CBMC,c/pthread/fib_unsafe-12.i,32,c/properties/no-overflow.prp,True
CBMC,c/pthread/fib_unsafe-12.i,32,c/properties/no-data-race.prp,True
CBMC,c/combinations/pals_lcr.4.ufo.UNBOUNDED.pals+Problem12_label08.c,32,c/properties/unreach-call.prp,False
CBMC,c/uthash-2.0.2/uthash_OAT_test3-1.i,32,c/properties/unreach-call.prp,True
CBMC,c/uthash-2.0.2/uthash_OAT_test3-1.i,32,c/properties/termination.prp,True
CBMC,c/uthash-2.0.2/uthash_OAT_test3-1.i,32,c/properties/no-overflow.prp,True
CBMC,c/uthash-2.0.2/uthash_OAT_test3-1.i,32,c/properties/valid-memsafety.prp,False
CBMC,c/uthash-2.0.2/uthash_OAT_test3-1.i,32,c/properties/valid-memcleanup.prp,False
CBMC,c/loop-lit/gsv2008.c.i.v+lhb-reducer.c,32,c/properties/unreach-call.prp,True
CBMC,c/combinations/pals_lcr.3.ufo.UNBOUNDED.pals+Problem12_label08.c,32,c/properties/unreach-call.prp,False
CBMC,c/eca-rers2012/Problem05_label36.c,32,c/properties/unreach-call.prp,False
CBMC,c/Juliet_Test/CWE190_Integer_Overflow__int64_t_fscanf_square_44_good.i,64,c/properties/no-overflow.prp,True
CBMC,c/Juliet_Test/CWE190_Integer_Overflow__int64_t_fscanf_square_32_bad_abs.i,64,c/properties/no-overflow.prp,False
CBMC,c/nla-digbench-scaling/fermat1-ll_unwindbound5.c,32,c/properties/unreach-call.prp,False
CBMC,c/nla-digbench-scaling/fermat1-ll_unwindbound5.c,32,c/properties/no-overflow.prp,True
CBMC,c/uthash-2.0.2/uthash_SAX_test3-1.i,32,c/properties/unreach-call.prp,True
CBMC,c/uthash-2.0.2/uthash_SAX_test3-1.i,32,c/properties/termination.prp,True
CBMC,c/uthash-2.0.2/uthash_SAX_test3-1.i,32,c/properties/no-overflow.prp,True
CBMC,c/uthash-2.0.2/uthash_SAX_test3-1.i,32,c/properties/valid-memsafety.prp,False
CBMC,c/uthash-2.0.2/uthash_SAX_test3-1.i,32,c/properties/valid-memcleanup.prp,False
CBMC,c/floats-cdfpl/newton_3_7.i,32,c/properties/termination.prp,True
CBMC,c/floats-cdfpl/newton_3_7.i,32,c/properties/unreach-call.prp,False
CBMC,c/combinations/gcd_4+newton_3_7.i,32,c/properties/unreach-call.prp,False
CBMC,c/eca-rers2012/Problem04_label38.c,32,c/properties/unreach-call.prp,False
CBMC,c/combinations/gcd_1+newton_3_7.i,32,c/properties/unreach-call.prp,False
CBMC,c/eca-rers2012/Problem04_label58.c,32,c/properties/termination.prp,False
CBMC,c/eca-rers2012/Problem04_label58.c,32,c/properties/unreach-call.prp,False
CBMC,c/nla-digbench-scaling/fermat1-ll_valuebound20.c,32,c/properties/unreach-call.prp,True
CBMC,c/nla-digbench-scaling/fermat1-ll_valuebound20.c,32,c/properties/no-overflow.prp,True
CBMC,c/goblint-regression/13-privatized_27-multiple-protecting2_true.i,32,c/properties/unreach-call.prp,True
CBMC,c/goblint-regression/13-privatized_27-multiple-protecting2_true.i,32,c/properties/valid-memsafety.prp,True
CBMC,c/goblint-regression/13-privatized_27-multiple-protecting2_true.i,32,c/properties/no-overflow.prp,True
CBMC,c/goblint-regression/13-privatized_27-multiple-protecting2_true.i,32,c/properties/no-data-race.prp,True
CBMC,c/uthash-2.0.2/uthash_SFH_test3-1.i,32,c/properties/unreach-call.prp,True
CBMC,c/uthash-2.0.2/uthash_SFH_test3-1.i,32,c/properties/termination.prp,True
CBMC,c/uthash-2.0.2/uthash_SFH_test3-1.i,32,c/properties/no-overflow.prp,True
CBMC,c/uthash-2.0.2/uthash_SFH_test3-1.i,32,c/properties/valid-memsafety.prp,False
CBMC,c/uthash-2.0.2/uthash_SFH_test3-1.i,32,c/properties/valid-memcleanup.prp,False
CBMC,c/uthash-2.0.2/uthash_FNV_test9-2.i,32,c/properties/unreach-call.prp,True
CBMC,c/uthash-2.0.2/uthash_FNV_test9-2.i,32,c/properties/termination.prp,True
CBMC,c/uthash-2.0.2/uthash_FNV_test9-2.i,32,c/properties/no-overflow.prp,True
CBMC,c/uthash-2.0.2/uthash_FNV_test9-2.i,32,c/properties/valid-memsafety.prp,True
CBMC,c/uthash-2.0.2/uthash_FNV_test9-2.i,32,c/properties/valid-memcleanup.prp,True
CBMC,c/Juliet_Test/CWE190_Integer_Overflow__int64_t_rand_square_54_good.i,64,c/properties/no-overflow.prp,True
CBMC,c/eca-rers2012/Problem04_label45.c,32,c/properties/unreach-call.prp,False
CBMC,c/combinations/pals_lcr.3.1.ufo.UNBOUNDED.pals+Problem12_label02.c,32,c/properties/unreach-call.prp,False
CBMC,c/uthash-2.0.2/uthash_SFH_test8-1.i,32,c/properties/unreach-call.prp,True
CBMC,c/uthash-2.0.2/uthash_SFH_test8-1.i,32,c/properties/termination.prp,True
CBMC,c/uthash-2.0.2/uthash_SFH_test8-1.i,32,c/properties/no-overflow.prp,True
CBMC,c/uthash-2.0.2/uthash_SFH_test8-1.i,32,c/properties/valid-memsafety.prp,False
CBMC,c/uthash-2.0.2/uthash_SFH_test8-1.i,32,c/properties/valid-memcleanup.prp,False
CBMC,c/eca-rers2012/Problem13_label04.c,32,c/properties/unreach-call.prp,False
CBMC,c/hardware-verification-bv/btor2c-lazyMod.leader_election.5.prop1-back-serstep.c,64,c/properties/unreach-call.prp,False
CBMC,c/nla-digbench-scaling/lcm1_unwindbound20.c,32,c/properties/unreach-call.prp,False
CBMC,c/nla-digbench-scaling/lcm1_unwindbound20.c,32,c/properties/no-overflow.prp,True
CBMC,c/uthash-2.0.2/uthash_SAX_test3-1.i,32,c/properties/unreach-call.prp,True
CBMC,c/uthash-2.0.2/uthash_SAX_test3-1.i,32,c/properties/termination.prp,True
CBMC,c/uthash-2.0.2/uthash_SAX_test3-1.i,32,c/properties/no-overflow.prp,True
CBMC,c/uthash-2.0.2/uthash_SAX_test3-1.i,32,c/properties/valid-memsafety.prp,False
CBMC,c/uthash-2.0.2/uthash_SAX_test3-1.i,32,c/properties/valid-memcleanup.prp,False
CBMC,c/uthash-2.0.2/uthash_SFH_test9-2.i,32,c/properties/unreach-call.prp,True
CBMC,c/uthash-2.0.2/uthash_SFH_test9-2.i,32,c/properties/termination.prp,True
CBMC,c/uthash-2.0.2/uthash_SFH_test9-2.i,32,c/properties/no-overflow.prp,True
CBMC,c/uthash-2.0.2/uthash_SFH_test9-2.i,32,c/properties/valid-memsafety.prp,True
CBMC,c/uthash-2.0.2/uthash_SFH_test9-2.i,32,c/properties/valid-memcleanup.prp,True
CBMC,c/eca-rers2012/Problem13_label28.c,32,c/properties/unreach-call.prp,False
CBMC,c/eca-rers2012/Problem13_label44.c,32,c/properties/unreach-call.prp,False
CBMC,c/array-industry-pattern/array_ptr_single_elem_init-2.i,32,c/properties/no-overflow.prp,True
CBMC,c/array-industry-pattern/array_ptr_single_elem_init-2.i,32,c/properties/termination.prp,True
CBMC,c/array-industry-pattern/array_ptr_single_elem_init-2.i,32,c/properties/unreach-call.prp,False
CBMC,c/eca-rers2012/Problem05_label41.c,32,c/properties/unreach-call.prp,False
CBMC,c/array-industry-pattern/array_of_struct_single_elem_init.i,32,c/properties/no-overflow.prp,True
CBMC,c/array-industry-pattern/array_of_struct_single_elem_init.i,32,c/properties/unreach-call.prp,True
CBMC,c/eca-rers2012/Problem16_label03.c,32,c/properties/unreach-call.prp,False
CBMC,c/combinations/Problem05_label44+token_ring.05.cil-1.c,32,c/properties/unreach-call.prp,False
CBMC,c/ldv-linux-3.4-simple/43_1a_cilled_ok_nondet_linux-43_1a-drivers--mtd--ftl.ko-ldv_main0_sequence_infinite_withcheck_stateful.cil.out.i,64,c/properties/unreach-call.prp,True
CBMC,c/Juliet_Test/CWE190_Integer_Overflow__int64_t_rand_square_32_good.i,64,c/properties/no-overflow.prp,True
CBMC,c/uthash-2.0.2/uthash_OAT_test8-1.i,32,c/properties/unreach-call.prp,True
CBMC,c/uthash-2.0.2/uthash_OAT_test8-1.i,32,c/properties/termination.prp,True
CBMC,c/uthash-2.0.2/uthash_OAT_test8-1.i,32,c/properties/no-overflow.prp,True
CBMC,c/uthash-2.0.2/uthash_OAT_test8-1.i,32,c/properties/valid-memsafety.prp,False
CBMC,c/uthash-2.0.2/uthash_OAT_test8-1.i,32,c/properties/valid-memcleanup.prp,False
CBMC,c/eca-rers2012/Problem16_label05.c,32,c/properties/unreach-call.prp,False
CBMC,c/ldv-consumption/32_7a_cilled_linux-3.8-rc1-drivers--edac--i7300_edac.ko-main.cil.out.i,64,c/properties/unreach-call.prp,True
CBMC,c/Juliet_Test/CWE190_Integer_Overflow__int64_t_fscanf_square_41_good.i,64,c/properties/no-overflow.prp,True
CBMC,c/eca-rers2012/Problem16_label52.c,32,c/properties/unreach-call.prp,False
CBMC,c/goblint-coreutils/instrumented_nohup_comb.i,64,c/properties/unreach-call.prp,True
CBMC,c/goblint-coreutils/instrumented_nohup_comb.i,64,c/properties/valid-memsafety.prp,True
CBMC,c/goblint-coreutils/instrumented_nohup_comb.i,64,c/properties/no-overflow.prp,True
CBMC,c/Juliet_Test/CWE190_Integer_Overflow__int64_t_fscanf_square_16_bad_abs.i,64,c/properties/no-overflow.prp,False
CBMC,c/uthash-2.0.2/uthash_FNV_test3-1.i,32,c/properties/unreach-call.prp,True
CBMC,c/uthash-2.0.2/uthash_FNV_test3-1.i,32,c/properties/termination.prp,True
CBMC,c/uthash-2.0.2/uthash_FNV_test3-1.i,32,c/properties/no-overflow.prp,True
CBMC,c/uthash-2.0.2/uthash_FNV_test3-1.i,32,c/properties/valid-memsafety.prp,False
CBMC,c/uthash-2.0.2/uthash_FNV_test3-1.i,32,c/properties/valid-memcleanup.prp,False
CBMC,c/floats-cdfpl/newton_2_7.i,32,c/properties/termination.prp,True
CBMC,c/floats-cdfpl/newton_2_7.i,32,c/properties/unreach-call.prp,False
CBMC,c/Juliet_Test/CWE190_Integer_Overflow__int64_t_fscanf_square_65_good.i,64,c/properties/no-overflow.prp,True
CBMC,c/goblint-coreutils/instrumented_interval_nohup_comb.i,64,c/properties/unreach-call.prp,True
CBMC,c/goblint-coreutils/instrumented_interval_nohup_comb.i,64,c/properties/valid-memsafety.prp,True
CBMC,c/goblint-coreutils/instrumented_interval_nohup_comb.i,64,c/properties/no-overflow.prp,True
CBMC,c/eca-rers2012/Problem13_label32.c,32,c/properties/unreach-call.prp,False
CBMC,c/eca-rers2012/Problem13_label29.c,32,c/properties/unreach-call.prp,False
CBMC,c/nla-digbench-scaling/freire1_valuebound100.c,32,c/properties/unreach-call.prp,True
CBMC,c/nla-digbench-scaling/freire1_valuebound100.c,32,c/properties/no-overflow.prp,True
CBMC,c/eca-rers2012/Problem05_label58.c,32,c/properties/unreach-call.prp,False
CBMC,c/combinations/gcd_1+newton_2_3.i,32,c/properties/unreach-call.prp,True
CBMC,c/eca-rers2012/Problem05_label00.c,32,c/properties/unreach-call.prp,False
CBMC,c/eca-rers2012/Problem16_label15.c,32,c/properties/unreach-call.prp,False
CBMC,c/eca-rers2012/Problem18_label19.c,32,c/properties/unreach-call.prp,False
CBMC,c/eca-rers2012/Problem05_label44.c,32,c/properties/unreach-call.prp,False
CBMC,c/uthash-2.0.2/uthash_SAX_test9-2.i,32,c/properties/unreach-call.prp,True
CBMC,c/uthash-2.0.2/uthash_SAX_test9-2.i,32,c/properties/termination.prp,True
CBMC,c/uthash-2.0.2/uthash_SAX_test9-2.i,32,c/properties/no-overflow.prp,True
CBMC,c/uthash-2.0.2/uthash_SAX_test9-2.i,32,c/properties/valid-memsafety.prp,True
CBMC,c/uthash-2.0.2/uthash_SAX_test9-2.i,32,c/properties/valid-memcleanup.prp,True
CBMC,c/hardware-verification-bv/btor2c-lazyMod.brp2.6.prop1-func-interl.c,64,c/properties/unreach-call.prp,False
CBMC,c/combinations/Problem05_label41+token_ring.05.cil-1.c,32,c/properties/unreach-call.prp,False
CBMC,c/Juliet_Test/CWE190_Integer_Overflow__int64_t_rand_square_18_good.i,64,c/properties/no-overflow.prp,True
CBMC,c/floats-cdfpl/newton_2_3.i,32,c/properties/termination.prp,True
CBMC,c/floats-cdfpl/newton_2_3.i,32,c/properties/unreach-call.prp,True
CBMC,c/eca-rers2012/Problem04_label39.c,32,c/properties/unreach-call.prp,False
CBMC,c/goblint-regression/13-privatized_27-multiple-protecting2_true.i,32,c/properties/unreach-call.prp,True
CBMC,c/goblint-regression/13-privatized_27-multiple-protecting2_true.i,32,c/properties/valid-memsafety.prp,True
CBMC,c/goblint-regression/13-privatized_27-multiple-protecting2_true.i,32,c/properties/no-overflow.prp,True
CBMC,c/goblint-regression/13-privatized_27-multiple-protecting2_true.i,32,c/properties/no-data-race.prp,True
CBMC,c/loop-lit/gsv2008.c.i.p+cfa-reducer.c,32,c/properties/unreach-call.prp,True
CBMC,c/ldv-commit-tester/m0_drivers-net-myri10ge-myri10ge-ko--138_1a--7cb2521.i,64,c/properties/unreach-call.prp,True
CBMC,c/eca-rers2012/Problem13_label35.c,32,c/properties/unreach-call.prp,False
CBMC,c/uthash-2.0.2/uthash_BER_test9-2.i,32,c/properties/unreach-call.prp,True
CBMC,c/uthash-2.0.2/uthash_BER_test9-2.i,32,c/properties/termination.prp,True
CBMC,c/uthash-2.0.2/uthash_BER_test9-2.i,32,c/properties/no-overflow.prp,True
CBMC,c/uthash-2.0.2/uthash_BER_test9-2.i,32,c/properties/valid-memsafety.prp,True
CBMC,c/uthash-2.0.2/uthash_BER_test9-2.i,32,c/properties/valid-memcleanup.prp,True
CBMC,c/eca-rers2012/Problem04_label06.c,32,c/properties/unreach-call.prp,False
CBMC,c/nla-digbench-scaling/mannadiv_unwindbound50.c,32,c/properties/unreach-call.prp,False
CBMC,c/nla-digbench-scaling/mannadiv_unwindbound50.c,32,c/properties/no-overflow.prp,True
CBMC,c/float-benchs/sin_interpolated_index-2.c,32,c/properties/termination.prp,True
CBMC,c/float-benchs/sin_interpolated_index-2.c,32,c/properties/unreach-call.prp,True
CBMC,c/eca-rers2012/Problem16_label37.c,32,c/properties/unreach-call.prp,False
CBMC,c/eca-rers2012/Problem16_label08.c,32,c/properties/unreach-call.prp,False
CBMC,c/eca-rers2012/Problem05_label51.c,32,c/properties/unreach-call.prp,False
CBMC,c/Juliet_Test/CWE190_Integer_Overflow__int64_t_rand_square_17_good.i,64,c/properties/no-overflow.prp,True
CBMC,c/eca-rers2012/Problem04_label19.c,32,c/properties/unreach-call.prp,False
CBMC,c/neural-networks/softsign_w16_r3_case_1_unsafe.c-amalgamation.i,32,c/properties/unreach-call.prp,False
CBMC,c/nla-digbench-scaling/fermat1-ll_unwindbound10.c,32,c/properties/unreach-call.prp,False
CBMC,c/nla-digbench-scaling/fermat1-ll_unwindbound10.c,32,c/properties/no-overflow.prp,True
CBMC,c/eca-rers2012/Problem16_label20.c,32,c/properties/unreach-call.prp,False
CBMC,c/Juliet_Test/CWE190_Integer_Overflow__int64_t_rand_square_45_good.i,64,c/properties/no-overflow.prp,True
CBMC,c/Juliet_Test/CWE190_Integer_Overflow__int64_t_fscanf_square_12_bad_abs.i,64,c/properties/no-overflow.prp,False
CBMC,c/Juliet_Test/CWE190_Integer_Overflow__int64_t_rand_square_44_good.i,64,c/properties/no-overflow.prp,True
CBMC,c/nla-digbench-scaling/fermat1-ll_unwindbound20.c,32,c/properties/unreach-call.prp,False
CBMC,c/nla-digbench-scaling/fermat1-ll_unwindbound20.c,32,c/properties/no-overflow.prp,True
CBMC,c/combinations/gcd_1+newton_2_1.i,32,c/properties/unreach-call.prp,True
CBMC,c/eca-rers2012/Problem05_label30.c,32,c/properties/unreach-call.prp,False
CBMC,c/Juliet_Test/CWE190_Integer_Overflow__int64_t_rand_square_65_good.i,64,c/properties/no-overflow.prp,True
CBMC,c/nla-digbench-scaling/divbin2_unwindbound100.i,32,c/properties/unreach-call.prp,True
CBMC,c/nla-digbench-scaling/divbin2_unwindbound100.i,32,c/properties/no-overflow.prp,True
CBMC,c/Juliet_Test/CWE190_Integer_Overflow__int64_t_rand_square_42_good.i,64,c/properties/no-overflow.prp,True
CBMC,c/float-benchs/image_filter.c,32,c/properties/unreach-call.prp,True
CBMC,c/eca-rers2012/Problem16_label30.c,32,c/properties/unreach-call.prp,False
CBMC,c/Juliet_Test/CWE190_Integer_Overflow__int64_t_rand_square_41_good.i,64,c/properties/no-overflow.prp,True
CBMC,c/loop-lit/gsv2008.c.i.v+cfa-reducer.c,32,c/properties/unreach-call.prp,True
CBMC,c/hardware-verification-bv/btor2c-lazyMod.brp2.2.prop1-func-interl.c,64,c/properties/unreach-call.prp,False
CBMC,c/uthash-2.0.2/uthash_OAT_test9-2.i,32,c/properties/unreach-call.prp,True
CBMC,c/uthash-2.0.2/uthash_OAT_test9-2.i,32,c/properties/termination.prp,True
CBMC,c/uthash-2.0.2/uthash_OAT_test9-2.i,32,c/properties/no-overflow.prp,True
CBMC,c/uthash-2.0.2/uthash_OAT_test9-2.i,32,c/properties/valid-memsafety.prp,True
CBMC,c/uthash-2.0.2/uthash_OAT_test9-2.i,32,c/properties/valid-memcleanup.prp,True
CBMC,c/Juliet_Test/CWE190_Integer_Overflow__int64_t_rand_square_61_good.i,64,c/properties/no-overflow.prp,True
CBMC,c/eca-rers2012/Problem18_label27.c,32,c/properties/unreach-call.prp,False
CBMC,c/Juliet_Test/CWE190_Integer_Overflow__int64_t_rand_square_34_good.i,64,c/properties/no-overflow.prp,True
CBMC,c/eca-rers2012/Problem16_label51.c,32,c/properties/unreach-call.prp,False
CBMC,c/eca-rers2012/Problem18_label45.c,32,c/properties/unreach-call.prp,False
CBMC,c/Juliet_Test/CWE190_Integer_Overflow__int64_t_fscanf_square_17_good.i,64,c/properties/no-overflow.prp,True
CBMC,c/combinations/gcd_2+newton_3_6.i,32,c/properties/unreach-call.prp,False
CBMC,c/eca-rers2012/Problem04_label11.c,32,c/properties/termination.prp,False
CBMC,c/eca-rers2012/Problem04_label11.c,32,c/properties/unreach-call.prp,False
CBMC,c/array-industry-pattern/array_single_elem_init.i,32,c/properties/no-overflow.prp,True
CBMC,c/array-industry-pattern/array_single_elem_init.i,32,c/properties/termination.prp,True
CBMC,c/array-industry-pattern/array_single_elem_init.i,32,c/properties/unreach-call.prp,False
CBMC,c/eca-rers2012/Problem18_label33.c,32,c/properties/unreach-call.prp,False
CBMC,c/eca-rers2012/Problem04_label52.c,32,c/properties/unreach-call.prp,False
CBMC,c/eca-rers2012/Problem04_label31.c,32,c/properties/unreach-call.prp,False
CBMC,c/eca-rers2012/Problem13_label25.c,32,c/properties/unreach-call.prp,False
CBMC,c/eca-rers2012/Problem04_label12.c,32,c/properties/termination.prp,False
CBMC,c/eca-rers2012/Problem04_label12.c,32,c/properties/unreach-call.prp,False
