inputfile,status,cpu_time,wall_time,host
nla-digbench/ps6-ll.yml,true,10.0,9.99,apollon135
Juliet_Test/CWE190_Integer_Overflow__int_listen_socket_multiply_51_good.yml,true,10.0,9.96,apollon133
Juliet_Test/CWE190_Integer_Overflow__int_max_square_10_good.yml,true,10.01,9.99,apollon139
Juliet_Test/CWE191_Integer_Underflow__int_connect_socket_sub_63_good.yml,true,10.02,9.96,apollon155
goblint-regression/13-privatized_45-traces-per-global-and-current-lock-mine-incomparable_true.yml,true,10.02,10.02,apollon062
Juliet_Test/CWE191_Integer_Underflow__int_connect_socket_multiply_16_good.yml,true,10.03,9.99,apollon141
Juliet_Test/CWE190_Integer_Overflow__int_max_square_08_good.yml,true,10.04,10.03,apollon063
Juliet_Test/CWE190_Integer_Overflow__int_max_square_15_good.yml,true,10.04,10.03,apollon081
Juliet_Test/CWE191_Integer_Underflow__int_connect_socket_multiply_42_good.yml,true,10.05,10.0,apollon150
Juliet_Test/CWE190_Integer_Overflow__int_listen_socket_multiply_68_good.yml,true,10.05,10.02,apollon086
systemc/token_ring.09.cil-2.yml,false(unreach-call),10.07,10.04,apollon094
Juliet_Test/CWE191_Integer_Underflow__int_listen_socket_multiply_45_good.yml,true,10.09,10.05,apollon080
hardware-verification-bv/btor2c-lazyMod.at.2.prop1-back-serstep.yml,false(unreach-call),10.1,10.08,apollon146
Juliet_Test/CWE191_Integer_Underflow__int_connect_socket_multiply_31_good.yml,true,10.1,10.06,apollon066
nla-digbench-scaling/geo2-ll_valuebound5.yml,true,10.11,10.1,apollon146
Juliet_Test/CWE191_Integer_Underflow__int_connect_socket_multiply_64_good.yml,true,10.13,10.07,apollon119
ldv-linux-3.4-simple/43_1a_cilled_ok_nondet_linux-43_1a-drivers--atm--adummy.ko-ldv_main0_sequence_infinite_withcheck_stateful.cil.out.yml,false(valid-free),10.14,10.13,apollon090
nla-digbench-scaling/lcm1_valuebound10.yml,true,10.15,10.15,apollon075
floats-esbmc-regression/trunc_nondet_2.yml,true,10.15,10.13,apollon079
bitvector/s3_clnt_3.BV.c.cil-1a.yml,true,10.16,10.14,apollon162
Juliet_Test/CWE190_Integer_Overflow__int_connect_socket_add_54_good.yml,true,10.17,10.11,apollon098
nla-digbench-scaling/prod4br-ll_unwindbound2.yml,true,10.17,10.17,apollon141
Juliet_Test/CWE190_Integer_Overflow__int_max_square_22_good.yml,true,10.17,10.16,apollon144
busybox-1.22.0/date-2.yml,false(no-overflow),10.18,10.15,apollon065
hardware-verification-bv/btor2c-lazyMod.lamport.2.prop1-back-serstep.yml,false(unreach-call),10.18,10.16,apollon144
Juliet_Test/CWE191_Integer_Underflow__int_listen_socket_postdec_18_good.yml,true,10.2,10.16,apollon153
Juliet_Test/CWE191_Integer_Underflow__int_listen_socket_predec_18_good.yml,true,10.2,10.16,apollon125
seq-mthreaded/rekh_ctm.3-2.yml,true,10.22,10.21,apollon126
combinations/pc_sfifo_2.cil-1+token_ring.08.cil-2.yml,false(unreach-call),10.22,10.2,apollon070
hardware-verification-bv/btor2c-lazyMod.brp.3.prop1-back-serstep.yml,false(unreach-call),10.22,10.2,apollon077
ldv-linux-3.4-simple/43_1a_cilled_ok_nondet_linux-43_1a-drivers--usb--serial--mos7840.ko-ldv_main0_sequence_infinite_withcheck_stateful.cil.out.yml,false(valid-deref),10.23,10.22,apollon066
Juliet_Test/CWE190_Integer_Overflow__int_listen_socket_postinc_68_good.yml,true,10.26,10.22,apollon058
systemc/token_ring.12.cil-1.yml,false(unreach-call),10.27,10.26,apollon094
pthread/triangular-1.yml,true,10.27,10.26,apollon154
Juliet_Test/CWE191_Integer_Underflow__int_connect_socket_sub_31_good.yml,true,10.27,10.21,apollon156
Juliet_Test/CWE191_Integer_Underflow__int_connect_socket_multiply_65_good.yml,true,10.29,10.24,apollon125
Juliet_Test/CWE190_Integer_Overflow__int_listen_socket_multiply_52_good.yml,true,10.3,10.27,apollon107
Juliet_Test/CWE190_Integer_Overflow__int_listen_socket_multiply_65_good.yml,true,10.3,10.27,apollon058
Juliet_Test/CWE190_Integer_Overflow__int_listen_socket_multiply_64_good.yml,true,10.3,10.26,apollon136
goblint-coreutils/instrumented_interval_dd_comb.yml,false(no-overflow),10.32,10.3,apollon141
Juliet_Test/CWE190_Integer_Overflow__int_listen_socket_multiply_31_good.yml,true,10.34,10.3,apollon154
Juliet_Test/CWE190_Integer_Overflow__int_listen_socket_multiply_18_good.yml,true,10.34,10.3,apollon154
ldv-linux-3.4-simple/32_1_cilled_ok_nondet_linux-3.4-32_1-drivers--media--dvb--dvb-usb--dvb-usb-dtv5100.ko-ldv_main0_sequence_infinite_withcheck_stateful.cil.out.yml,false(valid-deref),10.35,10.34,apollon158
nla-digbench-scaling/knuth_valuebound50.yml,true,10.36,10.34,apollon145
Juliet_Test/CWE190_Integer_Overflow__int_connect_socket_postinc_68_good.yml,true,10.38,10.32,apollon152
Juliet_Test/CWE190_Integer_Overflow__int_listen_socket_multiply_63_good.yml,true,10.38,10.35,apollon134
seq-pthread/cs_fib-1.yml,true,10.39,10.39,apollon157
Juliet_Test/CWE191_Integer_Underflow__int_connect_socket_postdec_01_good.yml,true,10.42,10.36,apollon077
Juliet_Test/CWE190_Integer_Overflow__int_listen_socket_postinc_54_good.yml,true,10.42,10.38,apollon104
eca-rers2012/Problem10_label28.yml,false(unreach-call),10.42,10.4,apollon094
Juliet_Test/CWE190_Integer_Overflow__int_connect_socket_postinc_51_good.yml,true,10.45,10.4,apollon115
list-ext-properties/list-ext.yml,true,10.46,10.45,apollon147
Juliet_Test/CWE190_Integer_Overflow__int_max_square_09_good.yml,true,10.47,10.46,apollon108
Juliet_Test/CWE190_Integer_Overflow__int_connect_socket_postinc_67_good.yml,true,10.47,10.42,apollon090
Juliet_Test/CWE191_Integer_Underflow__int_listen_socket_predec_65_good.yml,true,10.49,10.46,apollon147
Juliet_Test/CWE190_Integer_Overflow__int_connect_socket_preinc_67_good.yml,true,10.51,10.45,apollon062
Juliet_Test/CWE190_Integer_Overflow__int_listen_socket_postinc_52_good.yml,true,10.53,10.49,apollon102
Juliet_Test/CWE190_Integer_Overflow__int_listen_socket_postinc_51_good.yml,true,10.53,10.49,apollon127
hardware-verification-bv/btor2c-lazyMod.lann.1.prop1-func-interl.yml,false(unreach-call),10.53,10.51,apollon161
Juliet_Test/CWE191_Integer_Underflow__int_listen_socket_predec_42_good.yml,true,10.55,10.52,apollon129
ldv-commit-tester/main3_drivers-staging-usbip-vhci-hcd-ko--132_1a--927c3fa-1.yml,false(valid-free),10.56,10.55,apollon066
Juliet_Test/CWE190_Integer_Overflow__int_listen_socket_multiply_16_good.yml,true,10.57,10.53,apollon116
hardness-nfm22/hardness_loopvsstraightlinecode_100-1loop_file-95.yml,true,10.61,10.61,apollon140
ldv-linux-3.4-simple/32_1_cilled_ok_nondet_linux-3.4-32_1-drivers--hid--hid-samsung.ko-ldv_main0_sequence_infinite_withcheck_stateful.cil.out.yml,false(unreach-call),10.62,10.6,apollon136
seq-mthreaded/rekcba_aso.3.M1.yml,false(unreach-call),10.62,10.6,apollon126
Juliet_Test/CWE190_Integer_Overflow__int_connect_socket_postinc_34_good.yml,true,10.63,10.57,apollon160
Juliet_Test/CWE190_Integer_Overflow__int_max_square_06_good.yml,true,10.63,10.62,apollon059
Juliet_Test/CWE191_Integer_Underflow__int_connect_socket_predec_42_good.yml,true,10.64,10.59,apollon106
ldv-linux-3.4-simple/32_1_cilled_ok_nondet_linux-3.4-32_1-drivers--media--dvb--frontends--ec100.ko-ldv_main0_sequence_infinite_withcheck_stateful.cil.out.yml,false(valid-free),10.65,10.64,apollon090
seq-mthreaded/rekcba_aso.4.M1.yml,false(unreach-call),10.66,10.64,apollon127
hardware-verification-bv/btor2c-lazyMod.bakery.2.prop1-func-interl.yml,false(unreach-call),10.67,10.65,apollon121
ldv-linux-3.4-simple/32_1_cilled_ok_nondet_linux-3.4-32_1-drivers--parport--parport_cs.ko-ldv_main0_sequence_infinite_withcheck_stateful.cil.out.yml,false(valid-free),10.69,10.67,apollon080
combinations/pc_sfifo_2.cil-1+token_ring.10.cil-1.yml,false(unreach-call),10.7,10.68,apollon066
Juliet_Test/CWE190_Integer_Overflow__int_listen_socket_add_18_good.yml,true,10.71,10.67,apollon112
recursive-simple/fibo_20-2.yml,true,10.71,10.7,apollon160
Juliet_Test/CWE191_Integer_Underflow__int_connect_socket_multiply_67_good.yml,true,10.71,10.66,apollon083
goblint-regression/28-race_reach_45-escape_racing.yml,true,10.73,10.72,apollon085
nla-digbench-scaling/freire1_valuebound1.yml,true,10.74,10.74,apollon071
Juliet_Test/CWE190_Integer_Overflow__int_listen_socket_add_51_good.yml,true,10.75,10.7,apollon088
Juliet_Test/CWE190_Integer_Overflow__int_max_square_11_good.yml,true,10.76,10.75,apollon147
ldv-linux-3.7.3/main15_drivers-usb-core-usbcore-ko--32_7a--linux-3.7.3.yml,false(valid-deref),10.78,10.77,apollon100
hardware-verification-bv/btor2c-lazyMod.reader_writer.1.prop1-func-interl.yml,false(unreach-call),10.81,10.79,apollon099
combinations/square_3+soft_float_5a.c.cil.yml,false(unreach-call),10.82,10.81,apollon111
Juliet_Test/CWE191_Integer_Underflow__int_listen_socket_multiply_67_good.yml,true,10.82,10.77,apollon091
weaver/parallel-bakery-4.wvr.yml,true,10.84,10.83,apollon111
combinations/pc_sfifo_2.cil-1+token_ring.09.cil-2.yml,false(unreach-call),10.84,10.83,apollon057
Juliet_Test/CWE191_Integer_Underflow__int_connect_socket_multiply_63_good.yml,true,10.84,10.8,apollon150
floats-cdfpl/square_8.yml,true,10.86,10.86,apollon081
ldv-linux-3.12-rc1/linux-3.12-rc1.tar.xz-144_2a-drivers--net--usb--cdc_mbim.ko-entry_point.cil.out.yml,false(valid-deref),10.87,10.85,apollon118
Juliet_Test/CWE190_Integer_Overflow__int_rand_square_54_good.yml,true,10.87,10.86,apollon088
hardware-verification-bv/btor2c-lazyMod.fischer.2.prop1-func-interl.yml,false(unreach-call),10.88,10.86,apollon094
Juliet_Test/CWE191_Integer_Underflow__int_connect_socket_postdec_18_good.yml,true,10.92,10.86,apollon088
Juliet_Test/CWE190_Integer_Overflow__int_max_square_04_good.yml,true,10.94,10.92,apollon165
Juliet_Test/CWE190_Integer_Overflow__int_connect_socket_postinc_65_good.yml,true,10.94,10.88,apollon126
aws-c-common/aws_linked_list_swap_contents_harness.yml,true,10.95,10.94,apollon112
Juliet_Test/CWE191_Integer_Underflow__int_connect_socket_predec_65_good.yml,true,10.95,10.9,apollon088
hardware-verification-bv/btor2c-lazyMod.shift_register_top_w32_d8_e0.yml,false(unreach-call),10.97,10.95,apollon156
recursive-simple/fibo_2calls_20-2.yml,true,10.97,10.96,apollon146
Juliet_Test/CWE190_Integer_Overflow__int_max_square_14_good.yml,true,10.98,10.96,apollon061
Juliet_Test/CWE190_Integer_Overflow__int_connect_socket_postinc_31_good.yml,true,10.98,10.93,apollon165
hardware-verification-bv/btor2c-lazyMod.lann.7.prop1-back-serstep.yml,false(unreach-call),10.99,10.97,apollon162
Juliet_Test/CWE191_Integer_Underflow__int_connect_socket_predec_16_good.yml,true,11.02,10.98,apollon059
seq-mthreaded/rekcba_nxt.1.M1-1.yml,false(unreach-call),11.02,11.0,apollon109
Juliet_Test/CWE191_Integer_Underflow__int_connect_socket_predec_52_good.yml,true,11.03,10.98,apollon142
ldv-linux-4.2-rc1/linux-4.2-rc1.tar.xz-43_2a-drivers--usb--serial--mos7840.ko-entry_point.cil.out.yml,false(valid-deref),11.03,11.01,apollon125
Juliet_Test/CWE191_Integer_Underflow__int_listen_socket_predec_01_good.yml,true,11.04,10.99,apollon060
Juliet_Test/CWE190_Integer_Overflow__int_listen_socket_postinc_17_good.yml,true,11.06,11.02,apollon091
seq-mthreaded/rekcba_nxt.2.M1-1.yml,false(unreach-call),11.08,11.05,apollon113
Juliet_Test/CWE191_Integer_Underflow__int_listen_socket_multiply_52_good.yml,true,11.08,11.04,apollon165
Juliet_Test/CWE191_Integer_Underflow__int_connect_socket_postdec_66_good.yml,true,11.1,11.06,apollon147
Juliet_Test/CWE190_Integer_Overflow__int_connect_socket_postinc_64_good.yml,true,11.11,11.04,apollon106
hardware-verification-bv/btor2c-lazyMod.fischer.7.prop1-back-serstep.yml,false(unreach-call),11.12,11.1,apollon132
systemc/token_ring.14.cil.yml,false(unreach-call),11.13,11.11,apollon104
ldv-consumption/32_7a_cilled_linux-3.8-rc1-32_7a-drivers--block--paride--pf.ko-ldv_main0_sequence_infinite_withcheck_stateful.cil.out.yml,true,11.15,11.14,apollon148
Juliet_Test/CWE191_Integer_Underflow__int_connect_socket_postdec_68_good.yml,true,11.2,11.14,apollon066
hardware-verification-bv/btor2c-lazyMod.h_b05.yml,false(unreach-call),11.2,11.18,apollon074
Juliet_Test/CWE191_Integer_Underflow__int_connect_socket_multiply_32_good.yml,true,11.21,11.16,apollon152
Juliet_Test/CWE190_Integer_Overflow__int_listen_socket_add_32_good.yml,true,11.24,11.2,apollon067
hardware-verification-bv/btor2c-lazyMod.fischer.5.prop1-back-serstep.yml,false(unreach-call),11.24,11.22,apollon086
Juliet_Test/CWE190_Integer_Overflow__int_connect_socket_preinc_01_good.yml,true,11.26,11.2,apollon136
nla-digbench-scaling/fermat2-ll_unwindbound2.yml,true,11.27,11.28,apollon136
nla-digbench-scaling/hard-ll_unwindbound10.yml,true,11.27,11.26,apollon145
Juliet_Test/CWE190_Integer_Overflow__int_listen_socket_preinc_41_good.yml,true,11.27,11.23,apollon089
Juliet_Test/CWE190_Integer_Overflow__int_max_square_05_good.yml,true,11.29,11.27,apollon108
Juliet_Test/CWE190_Integer_Overflow__int_listen_socket_postinc_32_good.yml,true,11.31,11.26,apollon059
hardware-verification-bv/btor2c-lazyMod.needham.4.prop4-back-serstep.yml,false(unreach-call),11.31,11.29,apollon127
Juliet_Test/CWE191_Integer_Underflow__int_listen_socket_sub_34_good.yml,true,11.35,11.3,apollon126
floats-esbmc-regression/trunc_nondet.yml,true,11.35,11.34,apollon107
seq-mthreaded/rekh_nxt.3.M1.yml,true,11.36,11.35,apollon123
combinations/pc_sfifo_1.cil-2+token_ring.12.cil-1.yml,false(unreach-call),11.37,11.35,apollon100
nla-digbench-scaling/hard-u_unwindbound50.yml,true,11.4,11.39,apollon146
termination-crafted-lit/aviad.yml,true,11.41,11.4,apollon163
hardware-verification-bv/btor2c-lazyMod.ethernet.yml,false(unreach-call),11.43,11.42,apollon088
Juliet_Test/CWE190_Integer_Overflow__int_max_square_21_good.yml,true,11.43,11.42,apollon074
Juliet_Test/CWE190_Integer_Overflow__int_listen_socket_add_61_good.yml,true,11.44,11.39,apollon123
eca-rers2012/Problem10_label26.yml,false(unreach-call),11.45,11.43,apollon097
Juliet_Test/CWE191_Integer_Underflow__int_connect_socket_multiply_41_good.yml,true,11.47,11.42,apollon164
ldv-linux-3.16-rc1/43_2a_bitvector_linux-3.16-rc1.tar.xz-43_2a-drivers--media--platform--timblogiw.ko-entry_point.cil.out.yml,false(unreach-call),11.47,11.46,apollon090
nla-digbench-scaling/hard-u_unwindbound100.yml,true,11.48,11.47,apollon099
weaver/popl20-more-array-sum-alt.wvr.yml,false(unreach-call),11.49,11.46,apollon108
hardware-verification-bv/btor2c-lazyMod.brp.4.prop1-back-serstep.yml,false(unreach-call),11.49,11.47,apollon088
seq-pthread/cs_stack-1.yml,true,11.51,11.51,apollon141
seq-mthreaded-reduced/pals_lcr.4.1.ufo.UNBOUNDED.pals.c.v+sep-reducer.yml,false(unreach-call),11.52,11.5,apollon116
Juliet_Test/CWE191_Integer_Underflow__int_listen_socket_multiply_42_good.yml,true,11.54,11.5,apollon155
seq-mthreaded/pals_lcr-var-start-time.5.ufo.BOUNDED-10.pals.yml,true,11.55,11.54,apollon164
Juliet_Test/CWE190_Integer_Overflow__int_listen_socket_multiply_17_good.yml,true,11.55,11.51,apollon145
Juliet_Test/CWE190_Integer_Overflow__int_listen_socket_multiply_41_good.yml,true,11.56,11.51,apollon153
hardware-verification-bv/btor2c-lazyMod.needham.1.prop4-func-interl.yml,false(unreach-call),11.56,11.54,apollon066
neural-networks/poly_16_16_16_16_thresh_4_unsafe.c-amalgamation.yml,false(unreach-call),11.58,11.53,apollon120
hardware-verification-bv/btor2c-lazyMod.telephony.6.prop1-back-serstep.yml,false(unreach-call),11.58,11.56,apollon060
nla-digbench-scaling/egcd-ll_unwindbound2.yml,true,11.58,11.58,apollon095
hardware-verification-bv/btor2c-lazyMod.needham.4.prop1-back-serstep.yml,false(unreach-call),11.6,11.59,apollon103
hardware-verification-bv/btor2c-lazyMod.anderson.3.prop1-func-interl.yml,false(unreach-call),11.61,11.59,apollon063
combinations/gcd_4+newton_1_8.yml,false(unreach-call),11.64,11.63,apollon084
Juliet_Test/CWE191_Integer_Underflow__int_connect_socket_postdec_65_good.yml,true,11.64,11.57,apollon118
Juliet_Test/CWE190_Integer_Overflow__int_fscanf_square_53_good.yml,true,11.64,11.63,apollon153
Juliet_Test/CWE190_Integer_Overflow__int_listen_socket_preinc_61_good.yml,true,11.64,11.59,apollon085
recursified_nla-digbench/recursified_ps3.yml,false(no-overflow),11.65,11.62,apollon089
Juliet_Test/CWE190_Integer_Overflow__int_max_square_02_good.yml,true,11.68,11.66,apollon121
seq-mthreaded-reduced/pals_lcr.4.1.ufo.BOUNDED-8.pals.c.v+sep-reducer.yml,false(unreach-call),11.71,11.68,apollon143
Juliet_Test/CWE191_Integer_Underflow__int_connect_socket_multiply_52_good.yml,true,11.71,11.65,apollon111
ldv-consumption/32_7a_cilled_linux-3.8-rc1-drivers--pcmcia--pcmcia_rsrc.ko-main.cil.out.yml,false(valid-deref),11.76,11.75,apollon166
goblint-regression/28-race_reach_46-escape_racefree.yml,true,11.76,11.76,apollon150
ldv-linux-4.2-rc1/linux-4.2-rc1.tar.xz-32_7a-drivers--pcmcia--pcmcia_rsrc.ko-entry_point.cil.out.yml,false(valid-deref),11.77,11.75,apollon084
hardware-verification-bv/btor2c-lazyMod.brp.5.prop1-back-serstep.yml,false(unreach-call),11.81,11.79,apollon091
eca-rers2012/Problem10_label57.yml,false(unreach-call),11.83,11.81,apollon104
seq-mthreaded/rekcba_ctm.1.yml,true,11.83,11.82,apollon099
goblint-regression/13-privatized_45-traces-per-global-and-current-lock-mine-incomparable_true.yml,true,11.85,11.84,apollon163
combinations/pc_sfifo_1.cil-2+token_ring.11.cil-1.yml,false(unreach-call),11.89,11.87,apollon075
nla-digbench-scaling/geo2-ll_valuebound100.yml,false(no-overflow),11.9,11.88,apollon133
Juliet_Test/CWE191_Integer_Underflow__int_connect_socket_multiply_45_good.yml,true,11.95,11.89,apollon088
array-memsafety-realloc/array-realloc-2.yml,true,11.97,11.95,apollon120
goblint-regression/28-race_reach_78-equ_racing.yml,false(unreach-call),12.02,12.01,apollon135
nla-digbench-scaling/lcm1_unwindbound10.yml,true,12.06,12.05,apollon137
hardware-verification-bv/btor2c-lazyMod.telephony.7.prop1-back-serstep.yml,false(unreach-call),12.1,12.09,apollon137
ldv-linux-4.2-rc1/linux-4.2-rc1.tar.xz-08_1a-drivers--net--wireless--libertas--libertas.ko-entry_point.cil.out.yml,false(valid-deref),12.1,12.09,apollon081
hardware-verification-bv/btor2c-lazyMod.brp.6.prop1-back-serstep.yml,false(unreach-call),12.1,12.07,apollon125
nla-digbench-scaling/geo1-u_valuebound10.yml,true,12.11,12.1,apollon136
Juliet_Test/CWE190_Integer_Overflow__int_max_square_07_good.yml,true,12.19,12.18,apollon145
systemc/token_ring.13.cil-1.yml,false(unreach-call),12.19,12.17,apollon103
nla-digbench-scaling/freire1_valuebound2.yml,true,12.21,12.21,apollon070
ldv-linux-3.16-rc1/205_9a_array_safes_linux-3.16-rc1.tar.xz-205_9a-drivers--net--wireless--ti--wlcore--wlcore_spi.ko-entry_point.cil.out.yml,false(valid-free),12.23,12.21,apollon081
busybox-1.22.0/sleep-3.yml,false(valid-deref),12.23,12.21,apollon094
hardware-verification-bv/btor2c-lazyMod.bakery.6.prop1-back-serstep.yml,false(unreach-call),12.24,12.22,apollon146
goblint-regression/36-apron_17-traces-rpb-litmus_unknown_1_neg.yml,true,12.25,12.25,apollon121
xcsp/Haystacks-07.yml,true,12.3,12.29,apollon112
goblint-coreutils/instrumented_cksum_comb.yml,false(valid-deref),12.31,12.3,apollon108
Juliet_Test/CWE191_Integer_Underflow__int_connect_socket_multiply_61_good.yml,true,12.32,12.26,apollon155
array-memsafety-realloc/array-realloc-3.yml,true,12.32,12.3,apollon064
ldv-commit-tester/main3_drivers-staging-usbip-vhci-hcd-ko--132_1a--927c3fa.yml,false(valid-deref),12.4,12.39,apollon118
ldv-linux-3.12-rc1/linux-3.12-rc1.tar.xz-144_2a-drivers--net--usb--smsc95xx.ko-entry_point.cil.out.yml,false(unreach-call),12.49,12.47,apollon101
ldv-linux-3.4-simple/32_1_cilled_ok_nondet_linux-3.4-32_1-drivers--media--dvb--dvb-usb--dvb-usb-az6027.ko-ldv_main0_sequence_infinite_withcheck_stateful.cil.out.yml,false(valid-deref),12.5,12.49,apollon160
nla-digbench/ps6-ll.yml,true,12.5,12.49,apollon064
pthread-ext/26_stack_cas_longer-1.yml,false(unreach-call),12.53,12.51,apollon108
ldv-linux-4.2-rc1/linux-4.2-rc1.tar.xz-32_7a-drivers--net--wireless--libertas--libertas.ko-entry_point.cil.out.yml,false(valid-deref),12.59,12.57,apollon138
combinations/square_3+soft_float_2a.c.cil.yml,false(unreach-call),12.59,12.58,apollon152
combinations/gcd_3+newton_1_5.yml,false(unreach-call),12.6,12.58,apollon131
list-ext-properties/list-ext_2.yml,false(valid-free),12.65,12.63,apollon129
goblint-regression/13-privatized_38-traces-ex-4-switch_true.yml,true,12.66,12.65,apollon148
combinations/pc_sfifo_3.cil+token_ring.15.cil.yml,false(unreach-call),12.79,12.77,apollon160
hardware-verification-bv/btor2c-lazyMod.msmie.2.prop1-back-serstep.yml,false(unreach-call),12.87,12.85,apollon094
floats-cdfpl/newton_1_8.yml,false(unreach-call),12.92,12.91,apollon126
aws-c-common/aws_array_list_pop_back_harness.yml,true,12.94,12.93,apollon084
goblint-regression/28-race_reach_46-escape_racefree.yml,true,12.95,12.94,apollon165
ldv-linux-3.4-simple/32_1_cilled_ok_nondet_linux-3.4-32_1-drivers--media--dvb--dvb-usb--dvb-usb-rtl28xxu.ko-ldv_main0_sequence_infinite_withcheck_stateful.cil.out.yml,false(valid-deref),12.95,12.95,apollon088
pthread/lazy01.yml,true,13.05,13.04,apollon083
goblint-regression/13-privatized_37-traces-ex-4_true.yml,true,13.07,13.07,apollon081
loops-crafted-1/sum_natnum.yml,true,13.08,13.06,apollon117
ldv-linux-4.2-rc1/linux-4.2-rc1.tar.xz-43_2a-drivers--net--wireless--libertas--libertas.ko-entry_point.cil.out.yml,false(valid-deref),13.08,13.07,apollon160
hardware-verification-bv/btor2c-lazyMod.cyclic_scheduler.2.prop1-func-interl.yml,false(unreach-call),13.16,13.14,apollon127
goblint-regression/13-privatized_37-traces-ex-4_true.yml,true,13.17,13.16,apollon095
ldv-consumption/32_7a_cilled_linux-3.8-rc1-32_7a-drivers--video--smscufx.ko-ldv_main0_sequence_infinite_withcheck_stateful.cil.out.yml,false(valid-free),13.33,13.32,apollon154
hardware-verification-bv/btor2c-lazyMod.telephony.8.prop1-back-serstep.yml,false(unreach-call),13.37,13.35,apollon141
ldv-linux-4.0-rc1-mav/linux-4.0-rc1---drivers--scsi--qla4xxx--qla4xxx.ko.cil.yml,true,13.41,13.4,apollon100
Juliet_Test/CWE190_Integer_Overflow__int_rand_square_45_good.yml,true,13.42,13.41,apollon104
hardware-verification-bv/btor2c-lazyMod.collision.2.prop1-func-interl.yml,false(unreach-call),13.43,13.41,apollon066
ldv-linux-4.2-rc1/linux-4.2-rc1.tar.xz-43_2a-drivers--media--usb--s2255--s2255drv.ko-entry_point.cil.out.yml,false(unreach-call),13.47,13.45,apollon119
ldv-linux-3.4-simple/43_1a_cilled_ok_nondet_linux-43_1a-drivers--input--mouse--vsxxxaa.ko-ldv_main0_sequence_infinite_withcheck_stateful.cil.out.yml,false(unreach-call),13.5,13.49,apollon155
recursified_nla-digbench/recursified_ps6-ll.yml,true,13.53,13.51,apollon094
combinations/pc_sfifo_1.cil-2+token_ring.15.cil.yml,false(unreach-call),13.55,13.53,apollon142
nla-digbench-scaling/hard-ll_valuebound100.yml,true,13.55,13.55,apollon062
hardware-verification-bv/btor2c-lazyMod.lamport.6.prop1-back-serstep.yml,false(unreach-call),13.55,13.52,apollon096
ldv-linux-3.4-simple/43_1a_cilled_ok_nondet_linux-43_1a-drivers--cpufreq--pcc-cpufreq.ko-ldv_main0_sequence_infinite_withcheck_stateful.cil.out.yml,false(valid-deref),13.56,13.55,apollon093
ldv-linux-3.4-simple/43_1a_cilled_ok_nondet_linux-43_1a-drivers--net--arcnet--rfc1051.ko-ldv_main0_sequence_infinite_withcheck_stateful.cil.out.yml,false(unreach-call),13.63,13.62,apollon149
Juliet_Test/CWE190_Integer_Overflow__int_rand_square_34_good.yml,true,13.64,13.63,apollon101
nla-digbench-scaling/geo3-ll_valuebound5.yml,true,13.66,13.65,apollon069
Juliet_Test/CWE190_Integer_Overflow__int_rand_square_61_good.yml,true,13.7,13.7,apollon062
ldv-regression/test22-1.yml,true,13.71,13.71,apollon155
goblint-regression/13-privatized_30-traces-oplus-vs-meet_true.yml,true,13.73,13.72,apollon139
Juliet_Test/CWE190_Integer_Overflow__int_fscanf_square_61_good.yml,true,13.73,13.71,apollon120
seq-mthreaded/rekcba_nxt.3.M1.yml,true,13.74,13.73,apollon077
ldv-linux-3.4-simple/32_7_cilled_const_ok_linux-32_1-drivers--staging--keucr--keucr.ko-ldv_main1_sequence_infinite_withcheck_stateful.cil.out.yml,false(unreach-call),13.74,13.73,apollon057
goblint-regression/13-privatized_35-traces-ex-2_true.yml,true,13.74,13.73,apollon163
Juliet_Test/CWE190_Integer_Overflow__int_rand_square_01_good.yml,true,13.74,13.73,apollon099
ldv-linux-3.4-simple/43_1a_cilled_ok_nondet_linux-43_1a-drivers--media--common--tuners--mt20xx.ko-ldv_main0_sequence_infinite_withcheck_stateful.cil.out.yml,false(valid-free),13.77,13.75,apollon145
Juliet_Test/CWE190_Integer_Overflow__int_rand_square_66_good.yml,true,13.78,13.77,apollon127
nla-digbench-scaling/egcd3-ll_unwindbound50.yml,false(unreach-call),13.81,13.79,apollon123
Juliet_Test/CWE190_Integer_Overflow__int_rand_square_64_good.yml,true,13.82,13.81,apollon126
seq-mthreaded/rekh_ctm.4.yml,true,13.82,13.81,apollon155
nla-digbench-scaling/lcm2_valuebound20.yml,true,13.85,13.84,apollon071
Juliet_Test/CWE190_Integer_Overflow__int_fscanf_square_32_good.yml,true,13.91,13.89,apollon080
combinations/gcd_2+newton_1_6.yml,false(unreach-call),13.93,13.91,apollon064
Juliet_Test/CWE190_Integer_Overflow__int_max_square_03_good.yml,true,13.99,13.98,apollon059
nla-digbench-scaling/prod4br-ll_valuebound10.yml,true,13.99,13.98,apollon106
combinations/pc_sfifo_3.cil+token_ring.12.cil-1.yml,false(unreach-call),14.02,14.01,apollon146
ldv-linux-3.4-simple/32_7_cpp_single_drivers-usb-image-microtek.cil.out.yml,false(unreach-call),14.06,14.04,apollon065
eca-rers2012/Problem10_label58.yml,false(unreach-call),14.08,14.06,apollon105
goblint-regression/13-privatized_34-traces-minepp-L-needs-to-be-um_true.yml,true,14.13,14.12,apollon099
combinations/pc_sfifo_3.cil+token_ring.13.cil-1.yml,false(unreach-call),14.14,14.12,apollon076
hardware-verification-bv/btor2c-lazyMod.gear.1.prop2-back-serstep.yml,false(unreach-call),14.14,14.13,apollon107
hardware-verification-bv/btor2c-lazyMod.circular_pointer_top_w128_d8_e0.yml,false(unreach-call),14.17,14.15,apollon076
floats-cdfpl/newton_1_7.yml,false(unreach-call),14.2,14.19,apollon134
eca-rers2012/Problem10_label41.yml,false(unreach-call),14.21,14.2,apollon165
Juliet_Test/CWE190_Integer_Overflow__int_rand_square_68_good.yml,true,14.24,14.23,apollon085
nla-digbench-scaling/knuth_valuebound100.yml,true,14.24,14.23,apollon105
goblint-regression/13-privatized_34-traces-minepp-L-needs-to-be-um_true.yml,true,14.26,14.26,apollon085
aws-c-common/aws_array_list_swap_harness.yml,true,14.27,14.27,apollon142
combinations/pc_sfifo_2.cil-1+token_ring.11.cil-1.yml,false(unreach-call),14.29,14.27,apollon069
Juliet_Test/CWE190_Integer_Overflow__int_fscanf_square_31_good.yml,true,14.31,14.3,apollon130
combinations/gcd_4+newton_1_7.yml,false(unreach-call),14.35,14.33,apollon158
neural-networks/softsign_w32_r1_case_1_safe.c-amalgamation.yml,true,14.35,14.34,apollon092
Juliet_Test/CWE190_Integer_Overflow__int_fscanf_square_45_good.yml,true,14.37,14.37,apollon111
combinations/square_3+soft_float_3a.c.cil.yml,false(unreach-call),14.37,14.36,apollon127
Juliet_Test/CWE190_Integer_Overflow__int_rand_square_53_good.yml,true,14.4,14.39,apollon081
Juliet_Test/CWE190_Integer_Overflow__int_fscanf_square_41_good.yml,true,14.42,14.41,apollon130
ldv-commit-tester/m0_drivers-hwmon-ibmpex-ko--130_7a--d631323.yml,false(valid-deref),14.42,14.41,apollon126
neural-networks/poly_32_32_thresh_5_unsafe.c-amalgamation.yml,false(unreach-call),14.42,14.37,apollon076
Juliet_Test/CWE190_Integer_Overflow__int_fscanf_square_42_good.yml,true,14.46,14.45,apollon146
goblint-coreutils/instrumented_interval_cksum_comb.yml,false(valid-deref),14.48,14.46,apollon102
goblint-regression/13-privatized_38-traces-ex-4-switch_true.yml,true,14.53,14.52,apollon062
Juliet_Test/CWE190_Integer_Overflow__int_fscanf_square_16_good.yml,true,14.56,14.55,apollon142
Juliet_Test/CWE190_Integer_Overflow__int_rand_square_67_good.yml,true,14.6,14.59,apollon104
ldv-linux-3.4-simple/43_1a_cilled_ok_nondet_linux-43_1a-drivers--net--arcnet--com90io.ko-ldv_main0_sequence_infinite_withcheck_stateful.cil.out.yml,true,14.62,14.62,apollon151
array-memsafety-realloc/array-realloc-2.yml,true,14.62,14.61,apollon059
combinations/pc_sfifo_1.cil-2+token_ring.14.cil.yml,false(unreach-call),14.62,14.6,apollon166
hardware-verification-bv/btor2c-lazyMod.gear.2.prop2-back-serstep.yml,false(unreach-call),14.64,14.63,apollon156
hardware-verification-bv/btor2c-lazyMod.shift_register_top_w64_d8_e0.yml,false(unreach-call),14.65,14.63,apollon158
Juliet_Test/CWE190_Integer_Overflow__int_rand_square_32_good.yml,true,14.66,14.65,apollon073
nla-digbench-scaling/knuth_unwindbound10.yml,true,14.71,14.69,apollon153
ldv-linux-3.12-rc1/linux-3.12-rc1.tar.xz-144_2a-drivers--media--usb--stk1160--stk1160.ko-entry_point.cil.out.yml,false(unreach-call),14.71,14.69,apollon149
Juliet_Test/CWE190_Integer_Overflow__int_fscanf_square_67_good.yml,true,14.74,14.73,apollon121
pthread-ext/25_stack_longest-2.yml,false(unreach-call),14.76,14.75,apollon147
floats-cdfpl/sine_7.yml,true,14.8,14.8,apollon130
loop-invariants/linear-inequality-inv-a.yml,true,14.81,14.8,apollon114
goblint-regression/28-race_reach_79-equ_racefree.yml,false(unreach-call),14.83,14.81,apollon164
neural-networks/poly_256_thresh_4_unsafe.c-amalgamation.yml,false(unreach-call),14.85,14.79,apollon126
Juliet_Test/CWE190_Integer_Overflow__int_fscanf_square_66_good.yml,true,14.87,14.87,apollon120
ldv-validator-v0.8/linux-stable-5742d35-1-136_1a-drivers--usb--serial--ti_usb_3410_5052.ko-entry_point_ldv-val-v0.8.cil.out.yml,false(unreach-call),14.91,14.9,apollon140
combinations/pc_sfifo_2.cil-1+token_ring.14.cil.yml,false(unreach-call),14.91,14.89,apollon125
ldv-linux-3.4-simple/32_1_cilled_ok_nondet_linux-3.4-32_1-drivers--media--common--tuners--qt1010.ko-ldv_main0_sequence_infinite_withcheck_stateful.cil.out.yml,false(valid-free),14.96,14.95,apollon142
nla-digbench-scaling/egcd3-ll_valuebound10.yml,true,14.99,14.98,apollon108
ldv-regression/test25-2.yml,true,15.02,15.02,apollon133
Juliet_Test/CWE190_Integer_Overflow__int_rand_square_42_good.yml,true,15.03,15.02,apollon127
Juliet_Test/CWE190_Integer_Overflow__int_rand_square_52_good.yml,true,15.07,15.05,apollon124
seq-mthreaded-reduced/pals_lcr.4.ufo.BOUNDED-8.pals.c.v+sep-reducer.yml,true,15.14,15.14,apollon097
hardware-verification-bv/btor2c-lazyMod.fischer.3.prop1-func-interl.yml,false(unreach-call),15.15,15.13,apollon153
hardware-verification-bv/btor2c-lazyMod.at.3.prop1-back-serstep.yml,false(unreach-call),15.17,15.15,apollon088
goblint-regression/13-privatized_30-traces-oplus-vs-meet_true.yml,true,15.19,15.18,apollon111
combinations/gcd_2+newton_1_7.yml,false(unreach-call),15.21,15.19,apollon168
Juliet_Test/CWE190_Integer_Overflow__int_fscanf_square_64_good.yml,true,15.24,15.23,apollon147
hardware-verification-bv/btor2c-lazyMod.lann.8.prop1-back-serstep.yml,false(unreach-call),15.25,15.23,apollon163
loop-new/gauss_sum.i.p+cfa-reducer.yml,true,15.27,15.25,apollon133
array-crafted/xor2.yml,true,15.27,15.26,apollon129
Juliet_Test/CWE191_Integer_Underflow__int_listen_socket_sub_07_good.yml,true,15.29,15.26,apollon084
Juliet_Test/CWE191_Integer_Underflow__int_listen_socket_sub_22_good.yml,true,15.34,15.31,apollon110
nla-digbench-scaling/prodbin-ll_unwindbound5.yml,true,15.37,15.37,apollon129
Juliet_Test/CWE191_Integer_Underflow__int_listen_socket_multiply_03_good.yml,true,15.38,15.34,apollon166
ldv-consumption/32_7a_cilled_linux-3.8-rc1-drivers--tty--synclinkmp.ko-main.cil.out.yml,false(valid-deref),15.42,15.41,apollon120
Juliet_Test/CWE191_Integer_Underflow__int_listen_socket_predec_08_good.yml,true,15.45,15.43,apollon101
ntdrivers/cdaudio.i.cil-2.yml,false(no-overflow),15.46,15.44,apollon141
goblint-coreutils/instrumented_interval_dd_comb.yml,false(valid-deref),15.49,15.48,apollon165
Juliet_Test/CWE191_Integer_Underflow__int_listen_socket_predec_02_good.yml,true,15.58,15.55,apollon132
floats-esbmc-regression/floor_nondet.yml,true,15.58,15.57,apollon114
Juliet_Test/CWE190_Integer_Overflow__int_fscanf_square_51_good.yml,true,15.59,15.59,apollon162
Juliet_Test/CWE191_Integer_Underflow__int_connect_socket_sub_06_good.yml,true,15.6,15.57,apollon156
Juliet_Test/CWE191_Integer_Underflow__int_listen_socket_predec_11_good.yml,true,15.6,15.57,apollon063
Juliet_Test/CWE191_Integer_Underflow__int_connect_socket_postdec_21_good.yml,true,15.6,15.55,apollon165
ldv-consumption/32_7a_cilled_linux-3.8-rc1-drivers--hwmon--w83781d.ko-main.cil.out.yml,false(unreach-call),15.61,15.6,apollon104
Juliet_Test/CWE190_Integer_Overflow__int_listen_socket_multiply_09_good.yml,true,15.62,15.58,apollon091
Juliet_Test/CWE191_Integer_Underflow__int_listen_socket_predec_13_good.yml,true,15.62,15.6,apollon154
Juliet_Test/CWE190_Integer_Overflow__int_fscanf_square_17_good.yml,true,15.64,15.63,apollon126
loop-new/gauss_sum.i.p+lhb-reducer.yml,true,15.65,15.66,apollon136
Juliet_Test/CWE190_Integer_Overflow__int_connect_socket_postinc_03_good.yml,true,15.67,15.63,apollon109
Juliet_Test/CWE191_Integer_Underflow__int_listen_socket_sub_08_good.yml,true,15.69,15.66,apollon080
weaver/parallel-barrier.wvr.yml,true,15.7,15.7,apollon124
Juliet_Test/CWE190_Integer_Overflow__int_connect_socket_postinc_09_good.yml,true,15.72,15.67,apollon062
seq-mthreaded/rekcba_nxt.1.M1-2.yml,true,15.73,15.72,apollon088
Juliet_Test/CWE190_Integer_Overflow__int_listen_socket_multiply_15_good.yml,true,15.73,15.69,apollon120
Juliet_Test/CWE191_Integer_Underflow__int_connect_socket_sub_09_good.yml,true,15.76,15.72,apollon147
Juliet_Test/CWE190_Integer_Overflow__int_listen_socket_preinc_05_good.yml,true,15.78,15.75,apollon107
Juliet_Test/CWE190_Integer_Overflow__int_connect_socket_preinc_15_good.yml,true,15.79,15.74,apollon130
goblint-regression/13-privatized_35-traces-ex-2_true.yml,true,15.8,15.8,apollon135
ldv-linux-3.16-rc1/205_9a_array_safes_linux-3.16-rc1.tar.xz-205_9a-drivers--net--wireless--libertas_tf--libertas_tf.ko-entry_point.cil.out.yml,true,15.81,15.8,apollon110
Juliet_Test/CWE191_Integer_Underflow__int_connect_socket_postdec_06_good.yml,true,15.82,15.77,apollon057
Juliet_Test/CWE190_Integer_Overflow__int_listen_socket_multiply_10_good.yml,true,15.84,15.8,apollon152
loops-crafted-1/sum_natnum.yml,true,15.9,15.86,apollon082
Juliet_Test/CWE191_Integer_Underflow__int_listen_socket_postdec_08_good.yml,true,15.9,15.87,apollon102
Juliet_Test/CWE191_Integer_Underflow__int_listen_socket_postdec_07_good.yml,true,15.9,15.87,apollon143
Juliet_Test/CWE191_Integer_Underflow__int_connect_socket_predec_22_good.yml,true,15.91,15.87,apollon068
Juliet_Test/CWE191_Integer_Underflow__int_listen_socket_predec_10_good.yml,true,15.92,15.89,apollon140
Juliet_Test/CWE190_Integer_Overflow__int_connect_socket_postinc_11_good.yml,true,15.93,15.9,apollon165
Juliet_Test/CWE190_Integer_Overflow__int_listen_socket_postinc_13_good.yml,true,15.95,15.92,apollon147
Juliet_Test/CWE191_Integer_Underflow__int_listen_socket_postdec_02_good.yml,true,15.95,15.91,apollon072
goblint-coreutils/instrumented_dd_comb.yml,false(valid-deref),15.97,15.96,apollon086
aws-c-common/aws_linked_list_pop_front_harness.yml,true,15.97,15.95,apollon145
Juliet_Test/CWE191_Integer_Underflow__int_connect_socket_predec_12_good.yml,true,16.0,15.95,apollon064
Juliet_Test/CWE190_Integer_Overflow__int_listen_socket_add_03_good.yml,true,16.01,15.97,apollon070
Juliet_Test/CWE190_Integer_Overflow__int_connect_socket_postinc_10_good.yml,true,16.02,15.97,apollon097
pthread/triangular-2.yml,true,16.02,16.01,apollon063
recursive/Fibonacci05.yml,false(unreach-call),16.08,16.07,apollon127
Juliet_Test/CWE191_Integer_Underflow__int_listen_socket_postdec_03_good.yml,true,16.11,16.08,apollon083
Juliet_Test/CWE190_Integer_Overflow__int_listen_socket_preinc_15_good.yml,true,16.13,16.1,apollon142
Juliet_Test/CWE190_Integer_Overflow__int_fscanf_square_44_good.yml,true,16.14,16.13,apollon095
Juliet_Test/CWE190_Integer_Overflow__int_listen_socket_postinc_05_good.yml,true,16.2,16.16,apollon154
Juliet_Test/CWE190_Integer_Overflow__int_connect_socket_add_02_good.yml,true,16.2,16.16,apollon072
Juliet_Test/CWE191_Integer_Underflow__int_connect_socket_sub_13_good.yml,true,16.2,16.15,apollon068
Juliet_Test/CWE191_Integer_Underflow__int_listen_socket_postdec_05_good.yml,true,16.21,16.18,apollon080
Juliet_Test/CWE190_Integer_Overflow__int_listen_socket_postinc_09_good.yml,true,16.21,16.18,apollon141
Juliet_Test/CWE190_Integer_Overflow__int_fscanf_square_68_good.yml,true,16.21,16.2,apollon141
Juliet_Test/CWE191_Integer_Underflow__int_connect_socket_postdec_22_good.yml,true,16.23,16.18,apollon156
ldv-linux-3.4-simple/43_1a_cilled_ok_nondet_linux-43_1a-drivers--staging--telephony--ixj_pcmcia.ko-ldv_main0_sequence_infinite_withcheck_stateful.cil.out.yml,false(valid-free),16.24,16.23,apollon151
Juliet_Test/CWE191_Integer_Underflow__int_connect_socket_sub_21_good.yml,true,16.25,16.2,apollon161
Juliet_Test/CWE191_Integer_Underflow__int_connect_socket_sub_12_good.yml,true,16.25,16.21,apollon086
Juliet_Test/CWE190_Integer_Overflow__int_listen_socket_preinc_09_good.yml,true,16.26,16.23,apollon123
Juliet_Test/CWE191_Integer_Underflow__int_connect_socket_predec_21_good.yml,true,16.27,16.22,apollon168
Juliet_Test/CWE190_Integer_Overflow__int_connect_socket_preinc_21_good.yml,true,16.29,16.25,apollon062
Juliet_Test/CWE190_Integer_Overflow__int_connect_socket_preinc_10_good.yml,true,16.29,16.24,apollon158
Juliet_Test/CWE190_Integer_Overflow__int_connect_socket_preinc_04_good.yml,true,16.31,16.26,apollon124
Juliet_Test/CWE190_Integer_Overflow__int_connect_socket_add_22_good.yml,true,16.31,16.26,apollon133
Juliet_Test/CWE191_Integer_Underflow__int_listen_socket_predec_21_good.yml,true,16.33,16.29,apollon113
hardware-verification-bv/btor2c-lazyMod.fischer.5.prop1-func-interl.yml,false(unreach-call),16.33,16.3,apollon162
combinations/pc_sfifo_2.cil-1+token_ring.13.cil-1.yml,false(unreach-call),16.33,16.32,apollon063
Juliet_Test/CWE191_Integer_Underflow__int_connect_socket_postdec_07_good.yml,true,16.34,16.29,apollon075
Juliet_Test/CWE191_Integer_Underflow__int_listen_socket_predec_14_good.yml,true,16.36,16.33,apollon063
Juliet_Test/CWE190_Integer_Overflow__int_listen_socket_multiply_03_good.yml,true,16.38,16.35,apollon105
Juliet_Test/CWE190_Integer_Overflow__int_listen_socket_preinc_03_good.yml,true,16.4,16.36,apollon130
Juliet_Test/CWE191_Integer_Underflow__int_connect_socket_multiply_02_good.yml,true,16.41,16.37,apollon069
Juliet_Test/CWE190_Integer_Overflow__int_fscanf_square_63_good.yml,true,16.41,16.4,apollon108
Juliet_Test/CWE191_Integer_Underflow__int_connect_socket_predec_07_good.yml,true,16.42,16.38,apollon080
Juliet_Test/CWE191_Integer_Underflow__int_connect_socket_sub_07_good.yml,true,16.43,16.38,apollon148
Juliet_Test/CWE191_Integer_Underflow__int_connect_socket_postdec_10_good.yml,true,16.46,16.43,apollon064
Juliet_Test/CWE191_Integer_Underflow__int_listen_socket_multiply_14_good.yml,true,16.47,16.44,apollon116
Juliet_Test/CWE190_Integer_Overflow__int_connect_socket_preinc_08_good.yml,true,16.49,16.44,apollon097
Juliet_Test/CWE190_Integer_Overflow__int_connect_socket_multiply_06_good.yml,true,16.49,16.45,apollon080
Juliet_Test/CWE191_Integer_Underflow__int_listen_socket_sub_06_good.yml,true,16.5,16.47,apollon105
Juliet_Test/CWE190_Integer_Overflow__int_listen_socket_multiply_13_good.yml,true,16.5,16.46,apollon132
Juliet_Test/CWE190_Integer_Overflow__int_connect_socket_postinc_08_good.yml,true,16.51,16.46,apollon112
floats-cdfpl/newton_1_6.yml,false(unreach-call),16.51,16.5,apollon097
Juliet_Test/CWE191_Integer_Underflow__int_connect_socket_multiply_14_good.yml,true,16.51,16.46,apollon074
Juliet_Test/CWE191_Integer_Underflow__int_listen_socket_multiply_11_good.yml,true,16.51,16.47,apollon138
Juliet_Test/CWE191_Integer_Underflow__int_listen_socket_predec_03_good.yml,true,16.53,16.5,apollon065
Juliet_Test/CWE191_Integer_Underflow__int_connect_socket_predec_03_good.yml,true,16.55,16.5,apollon067
Juliet_Test/CWE190_Integer_Overflow__int_fscanf_square_18_good.yml,true,16.55,16.54,apollon145
Juliet_Test/CWE191_Integer_Underflow__int_connect_socket_predec_04_good.yml,true,16.55,16.5,apollon077
hardware-verification-bv/btor2c-lazyMod.lamport.8.prop1-back-serstep.yml,false(unreach-call),16.55,16.52,apollon078
list-ext-properties/960521-1_1-2.yml,true,16.55,16.54,apollon118
Juliet_Test/CWE190_Integer_Overflow__int_connect_socket_add_06_good.yml,true,16.57,16.53,apollon074
Juliet_Test/CWE190_Integer_Overflow__int_rand_square_44_good.yml,true,16.57,16.57,apollon113
combinations/pc_sfifo_1.cil-2+token_ring.13.cil-1.yml,false(unreach-call),16.58,16.56,apollon162
Juliet_Test/CWE190_Integer_Overflow__int_connect_socket_postinc_15_good.yml,true,16.58,16.53,apollon083
Juliet_Test/CWE190_Integer_Overflow__int_connect_socket_add_11_good.yml,true,16.59,16.54,apollon098
Juliet_Test/CWE190_Integer_Overflow__int_connect_socket_add_08_good.yml,true,16.6,16.56,apollon060
nla-digbench-scaling/freire2_valuebound1.yml,false(unreach-call),16.61,16.59,apollon115
Juliet_Test/CWE191_Integer_Underflow__int_listen_socket_multiply_08_good.yml,true,16.62,16.59,apollon153
Juliet_Test/CWE191_Integer_Underflow__int_connect_socket_multiply_03_good.yml,true,16.62,16.58,apollon067
nla-digbench-scaling/hard-ll_valuebound100.yml,true,16.63,16.62,apollon104
Juliet_Test/CWE191_Integer_Underflow__int_listen_socket_sub_12_good.yml,true,16.63,16.6,apollon068
pthread-deagle/circular_buffer_bad.yml,false(unreach-call),16.63,16.61,apollon108
Juliet_Test/CWE190_Integer_Overflow__int_rand_square_65_good.yml,true,16.64,16.63,apollon107
Juliet_Test/CWE190_Integer_Overflow__int_connect_socket_preinc_11_good.yml,true,16.64,16.59,apollon140
Juliet_Test/CWE190_Integer_Overflow__int_connect_socket_postinc_05_good.yml,true,16.64,16.6,apollon071
Juliet_Test/CWE191_Integer_Underflow__int_listen_socket_postdec_10_good.yml,true,16.66,16.62,apollon069
Juliet_Test/CWE190_Integer_Overflow__int_connect_socket_add_21_good.yml,true,16.66,16.62,apollon137
Juliet_Test/CWE190_Integer_Overflow__int_connect_socket_preinc_12_good.yml,true,16.66,16.61,apollon069
nla-digbench-scaling/cohendiv-ll_unwindbound5.yml,true,16.68,16.67,apollon066
Juliet_Test/CWE190_Integer_Overflow__int_connect_socket_add_09_good.yml,true,16.68,16.64,apollon156
Juliet_Test/CWE191_Integer_Underflow__int_connect_socket_postdec_05_good.yml,true,16.69,16.65,apollon138
loop-crafted/simple_array_index_value_3.yml,true,16.71,16.68,apollon133
Juliet_Test/CWE191_Integer_Underflow__int_listen_socket_predec_15_good.yml,true,16.71,16.68,apollon067
Juliet_Test/CWE191_Integer_Underflow__int_connect_socket_sub_04_good.yml,true,16.74,16.7,apollon057
nla-digbench-scaling/egcd-ll_valuebound10.yml,true,16.75,16.75,apollon072
hardware-verification-bv/btor2c-lazyMod.telephony.1.prop1-back-serstep.yml,false(unreach-call),16.76,16.74,apollon115
Juliet_Test/CWE190_Integer_Overflow__int_listen_socket_multiply_22_good.yml,true,16.77,16.74,apollon058
Juliet_Test/CWE191_Integer_Underflow__int_listen_socket_postdec_04_good.yml,true,16.77,16.74,apollon153
Juliet_Test/CWE191_Integer_Underflow__int_connect_socket_sub_14_good.yml,true,16.78,16.74,apollon159
Juliet_Test/CWE191_Integer_Underflow__int_listen_socket_postdec_11_good.yml,true,16.79,16.76,apollon100
Juliet_Test/CWE190_Integer_Overflow__int_listen_socket_postinc_11_good.yml,true,16.8,16.76,apollon154
Juliet_Test/CWE191_Integer_Underflow__int_connect_socket_postdec_12_good.yml,true,16.82,16.77,apollon098
Juliet_Test/CWE191_Integer_Underflow__int_listen_socket_multiply_04_good.yml,true,16.83,16.79,apollon077
Juliet_Test/CWE191_Integer_Underflow__int_listen_socket_multiply_10_good.yml,true,16.84,16.81,apollon158
Juliet_Test/CWE191_Integer_Underflow__int_connect_socket_multiply_09_good.yml,true,16.84,16.8,apollon113
nla-digbench-scaling/cohendiv-ll_valuebound100.yml,true,16.86,16.86,apollon157
Juliet_Test/CWE190_Integer_Overflow__int_listen_socket_multiply_08_good.yml,true,16.87,16.84,apollon071
Juliet_Test/CWE190_Integer_Overflow__int_listen_socket_add_05_good.yml,true,16.89,16.86,apollon128
Juliet_Test/CWE191_Integer_Underflow__int_listen_socket_postdec_12_good.yml,true,16.9,16.86,apollon063
Juliet_Test/CWE190_Integer_Overflow__int_fscanf_square_52_good.yml,true,16.91,16.9,apollon102
Juliet_Test/CWE191_Integer_Underflow__int_listen_socket_postdec_14_good.yml,true,16.92,16.89,apollon122
Juliet_Test/CWE190_Integer_Overflow__int_listen_socket_postinc_04_good.yml,true,16.93,16.89,apollon081
Juliet_Test/CWE190_Integer_Overflow__int_rand_square_63_good.yml,true,16.94,16.92,apollon093
Juliet_Test/CWE191_Integer_Underflow__int_connect_socket_multiply_10_good.yml,true,16.94,16.89,apollon151
Juliet_Test/CWE191_Integer_Underflow__int_connect_socket_predec_06_good.yml,true,16.97,16.92,apollon104
Juliet_Test/CWE190_Integer_Overflow__int_connect_socket_add_05_good.yml,true,16.99,16.94,apollon099
Juliet_Test/CWE190_Integer_Overflow__int_connect_socket_postinc_14_good.yml,true,16.99,16.94,apollon102
Juliet_Test/CWE191_Integer_Underflow__int_listen_socket_postdec_09_good.yml,true,17.0,16.97,apollon059
Juliet_Test/CWE190_Integer_Overflow__int_connect_socket_postinc_02_good.yml,true,17.0,16.96,apollon156
Juliet_Test/CWE191_Integer_Underflow__int_connect_socket_sub_02_good.yml,true,17.01,16.97,apollon073
Juliet_Test/CWE190_Integer_Overflow__int_connect_socket_preinc_09_good.yml,true,17.01,16.96,apollon094
loop-new/gauss_sum.i.v+cfa-reducer.yml,true,17.02,17.0,apollon086
ldv-linux-3.4-simple/43_1a_cilled_ok_nondet_linux-43_1a-drivers--media--dvb--frontends--dib3000mc.ko-ldv_main0_sequence_infinite_withcheck_stateful.cil.out.yml,false(valid-free),17.04,17.03,apollon093
Juliet_Test/CWE190_Integer_Overflow__int_fscanf_square_65_good.yml,true,17.04,17.03,apollon103
Juliet_Test/CWE190_Integer_Overflow__int_listen_socket_add_11_good.yml,true,17.04,17.0,apollon132
combinations/gcd_4+newton_1_6.yml,false(unreach-call),17.05,17.04,apollon144
Juliet_Test/CWE190_Integer_Overflow__int_listen_socket_add_08_good.yml,true,17.08,17.04,apollon096
Juliet_Test/CWE190_Integer_Overflow__int_listen_socket_multiply_02_good.yml,true,17.09,17.05,apollon068
termination-memory-alloca/genady-alloca.yml,true,17.1,17.08,apollon100
Juliet_Test/CWE191_Integer_Underflow__int_connect_socket_predec_10_good.yml,true,17.1,17.06,apollon088
Juliet_Test/CWE191_Integer_Underflow__int_connect_socket_predec_13_good.yml,true,17.1,17.05,apollon099
ldv-linux-3.4-simple/32_1_cilled_ok_nondet_linux-3.4-32_1-drivers--net--wireless--wl1251--wl1251_spi.ko-ldv_main0_sequence_infinite_withcheck_stateful.cil.out.yml,false(unreach-call),17.12,17.11,apollon124
loop-new/gauss_sum.yml,true,17.13,17.11,apollon117
Juliet_Test/CWE190_Integer_Overflow__int_connect_socket_postinc_12_good.yml,true,17.14,17.1,apollon090
Juliet_Test/CWE190_Integer_Overflow__int_listen_socket_postinc_03_good.yml,true,17.14,17.11,apollon079
Juliet_Test/CWE190_Integer_Overflow__int_listen_socket_add_15_good.yml,true,17.15,17.12,apollon095
Juliet_Test/CWE191_Integer_Underflow__int_listen_socket_sub_13_good.yml,true,17.17,17.14,apollon114
Juliet_Test/CWE190_Integer_Overflow__int_listen_socket_multiply_06_good.yml,true,17.17,17.14,apollon092
Juliet_Test/CWE190_Integer_Overflow__int_listen_socket_add_14_good.yml,true,17.2,17.17,apollon122
weaver/parallel-ticket-5.wvr.yml,true,17.23,17.23,apollon088
bitvector/soft_float_4-2a.c.cil.yml,true,17.23,17.22,apollon143
ldv-validator-v0.6/linux-stable-42f9f8d-1-111_1a-sound--oss--opl3.ko-entry_point.cil.out.yml,false(valid-deref),17.25,17.24,apollon070
Juliet_Test/CWE190_Integer_Overflow__int_listen_socket_preinc_13_good.yml,true,17.26,17.24,apollon166
Juliet_Test/CWE191_Integer_Underflow__int_connect_socket_multiply_22_good.yml,true,17.27,17.22,apollon077
Juliet_Test/CWE191_Integer_Underflow__int_listen_socket_predec_06_good.yml,true,17.29,17.27,apollon108
loop-acceleration/array_2-1-simple.yml,false(unreach-call),17.31,17.28,apollon094
Juliet_Test/CWE190_Integer_Overflow__int_listen_socket_postinc_02_good.yml,true,17.31,17.28,apollon084
Juliet_Test/CWE191_Integer_Underflow__int_listen_socket_multiply_06_good.yml,true,17.32,17.28,apollon068
Juliet_Test/CWE190_Integer_Overflow__int_connect_socket_postinc_04_good.yml,true,17.33,17.28,apollon145
Juliet_Test/CWE191_Integer_Underflow__int_listen_socket_sub_11_good.yml,true,17.35,17.31,apollon073
Juliet_Test/CWE191_Integer_Underflow__int_connect_socket_predec_08_good.yml,true,17.36,17.31,apollon165
Juliet_Test/CWE190_Integer_Overflow__int_connect_socket_preinc_13_good.yml,true,17.37,17.31,apollon147
Juliet_Test/CWE191_Integer_Underflow__int_connect_socket_postdec_04_good.yml,true,17.38,17.33,apollon119
Juliet_Test/CWE190_Integer_Overflow__int_connect_socket_postinc_13_good.yml,true,17.39,17.36,apollon155
Juliet_Test/CWE190_Integer_Overflow__int_listen_socket_add_07_good.yml,true,17.4,17.36,apollon077
Juliet_Test/CWE191_Integer_Underflow__int_connect_socket_predec_02_good.yml,true,17.4,17.35,apollon133
Juliet_Test/CWE190_Integer_Overflow__int_listen_socket_add_04_good.yml,true,17.4,17.37,apollon155
Juliet_Test/CWE190_Integer_Overflow__int_rand_square_18_good.yml,true,17.41,17.41,apollon115
Juliet_Test/CWE190_Integer_Overflow__int_connect_socket_add_07_good.yml,true,17.41,17.36,apollon073
Juliet_Test/CWE191_Integer_Underflow__int_connect_socket_sub_15_good.yml,true,17.42,17.38,apollon061
Juliet_Test/CWE190_Integer_Overflow__int_connect_socket_add_15_good.yml,true,17.44,17.39,apollon092
Juliet_Test/CWE190_Integer_Overflow__int_listen_socket_multiply_14_good.yml,true,17.45,17.41,apollon160
Juliet_Test/CWE190_Integer_Overflow__int_listen_socket_preinc_21_good.yml,true,17.45,17.42,apollon133
Juliet_Test/CWE191_Integer_Underflow__int_listen_socket_sub_05_good.yml,true,17.46,17.47,apollon120
ldv-linux-3.0/module_get_put-drivers-isdn-gigaset-gigaset.ko.cil.out.yml,false(valid-deref),17.49,17.49,apollon071
Juliet_Test/CWE190_Integer_Overflow__int_listen_socket_preinc_07_good.yml,true,17.5,17.47,apollon091
Juliet_Test/CWE190_Integer_Overflow__int_listen_socket_preinc_10_good.yml,true,17.5,17.46,apollon155
Juliet_Test/CWE190_Integer_Overflow__int_listen_socket_preinc_04_good.yml,true,17.53,17.49,apollon124
Juliet_Test/CWE191_Integer_Underflow__int_connect_socket_predec_14_good.yml,true,17.53,17.48,apollon057
Juliet_Test/CWE190_Integer_Overflow__int_listen_socket_postinc_15_good.yml,true,17.56,17.52,apollon082
Juliet_Test/CWE190_Integer_Overflow__int_listen_socket_add_02_good.yml,true,17.56,17.52,apollon140
ldv-linux-3.4-simple/43_1a_cilled_ok_nondet_linux-43_1a-drivers--firmware--google--gsmi.ko-ldv_main0_sequence_infinite_withcheck_stateful.cil.out.yml,true,17.58,17.57,apollon064
Juliet_Test/CWE190_Integer_Overflow__int_connect_socket_add_03_good.yml,true,17.59,17.54,apollon131
Juliet_Test/CWE191_Integer_Underflow__int_listen_socket_multiply_13_good.yml,true,17.6,17.56,apollon068
Juliet_Test/CWE190_Integer_Overflow__int_fscanf_square_34_good.yml,true,17.61,17.6,apollon140
Juliet_Test/CWE191_Integer_Underflow__int_connect_socket_postdec_08_good.yml,true,17.65,17.6,apollon105
ldv-linux-3.4-simple/32_1_cilled_ok_nondet_linux-3.4-32_1-drivers--hid--hid-petalynx.ko-ldv_main0_sequence_infinite_withcheck_stateful.cil.out.yml,false(unreach-call),17.69,17.67,apollon090
Juliet_Test/CWE191_Integer_Underflow__int_listen_socket_sub_15_good.yml,true,17.7,17.66,apollon150
Juliet_Test/CWE190_Integer_Overflow__int_listen_socket_preinc_22_good.yml,true,17.7,17.66,apollon088
Juliet_Test/CWE191_Integer_Underflow__int_connect_socket_postdec_09_good.yml,true,17.7,17.65,apollon130
Juliet_Test/CWE190_Integer_Overflow__int_listen_socket_postinc_22_good.yml,true,17.73,17.7,apollon134
Juliet_Test/CWE190_Integer_Overflow__int_listen_socket_add_22_good.yml,true,17.74,17.7,apollon168
Juliet_Test/CWE191_Integer_Underflow__int_listen_socket_sub_21_good.yml,true,17.75,17.72,apollon105
Juliet_Test/CWE191_Integer_Underflow__int_listen_socket_multiply_05_good.yml,true,17.75,17.71,apollon130
hardware-verification-bv/btor2c-lazyMod.needham.2.prop1-func-interl.yml,false(unreach-call),17.75,17.73,apollon091
nla-digbench/dijkstra-u.yml,true,17.78,17.77,apollon088
Juliet_Test/CWE190_Integer_Overflow__int_connect_socket_add_13_good.yml,true,17.8,17.75,apollon125
combinations/gcd_1+newton_1_4.yml,false(unreach-call),17.81,17.8,apollon137
Juliet_Test/CWE190_Integer_Overflow__int_connect_socket_preinc_22_good.yml,true,17.83,17.78,apollon110
Juliet_Test/CWE190_Integer_Overflow__int_connect_socket_multiply_21_good.yml,true,17.84,17.79,apollon118
Juliet_Test/CWE190_Integer_Overflow__int_connect_socket_add_14_good.yml,true,17.85,17.8,apollon149
hardware-verification-bv/btor2c-lazyMod.at.2.prop1-func-interl.yml,false(unreach-call),17.87,17.85,apollon116
Juliet_Test/CWE191_Integer_Underflow__int_listen_socket_multiply_21_good.yml,true,17.88,17.84,apollon063
Juliet_Test/CWE190_Integer_Overflow__int_connect_socket_multiply_22_good.yml,true,17.89,17.84,apollon086
Juliet_Test/CWE190_Integer_Overflow__int_connect_socket_multiply_07_good.yml,true,17.89,17.85,apollon119
Juliet_Test/CWE190_Integer_Overflow__int_connect_socket_postinc_22_good.yml,true,17.91,17.86,apollon150
ldv-consumption/32_7a_cilled_linux-3.8-rc1-drivers--hwmon--w83792d.ko-main.cil.out.yml,false(unreach-call),17.92,17.9,apollon128
seq-mthreaded/rekh_aso.1.M1-1.yml,true,17.94,17.94,apollon091
xcsp/Haystacks-08.yml,true,17.94,17.94,apollon152
Juliet_Test/CWE191_Integer_Underflow__int_connect_socket_multiply_06_good.yml,true,17.95,17.91,apollon128
Juliet_Test/CWE191_Integer_Underflow__int_listen_socket_sub_02_good.yml,true,17.97,17.93,apollon151
nla-digbench-scaling/dijkstra-u_unwindbound50.yml,true,17.97,17.96,apollon096
Juliet_Test/CWE191_Integer_Underflow__int_listen_socket_predec_22_good.yml,true,17.98,17.94,apollon131
Juliet_Test/CWE191_Integer_Underflow__int_listen_socket_multiply_09_good.yml,true,17.99,17.94,apollon086
Juliet_Test/CWE191_Integer_Underflow__int_connect_socket_multiply_13_good.yml,true,18.0,17.95,apollon149
Juliet_Test/CWE191_Integer_Underflow__int_connect_socket_predec_05_good.yml,true,18.01,17.97,apollon129
Juliet_Test/CWE191_Integer_Underflow__int_listen_socket_postdec_13_good.yml,true,18.04,18.0,apollon108
neural-networks/softsign_w4_r3_case_1_unsafe.c-amalgamation.yml,false(unreach-call),18.05,18.05,apollon123
Juliet_Test/CWE190_Integer_Overflow__int_listen_socket_multiply_04_good.yml,true,18.08,18.04,apollon155
Juliet_Test/CWE190_Integer_Overflow__int_connect_socket_postinc_21_good.yml,true,18.09,18.04,apollon157
Juliet_Test/CWE191_Integer_Underflow__int_listen_socket_predec_12_good.yml,true,18.09,18.05,apollon159
Juliet_Test/CWE190_Integer_Overflow__int_listen_socket_preinc_08_good.yml,true,18.1,18.07,apollon059
combinations/gcd_4+newton_1_4.yml,false(unreach-call),18.1,18.09,apollon100
nla-digbench-scaling/dijkstra-u_unwindbound100.yml,true,18.1,18.1,apollon074
float-benchs/sqrt_poly.yml,true,18.12,18.13,apollon104
Juliet_Test/CWE191_Integer_Underflow__int_connect_socket_predec_15_good.yml,true,18.13,18.08,apollon081
Juliet_Test/CWE190_Integer_Overflow__int_rand_square_16_good.yml,true,18.16,18.14,apollon123
Juliet_Test/CWE190_Integer_Overflow__int_listen_socket_multiply_11_good.yml,true,18.17,18.13,apollon117
Juliet_Test/CWE191_Integer_Underflow__int_listen_socket_predec_09_good.yml,true,18.18,18.14,apollon089
Juliet_Test/CWE190_Integer_Overflow__int_listen_socket_preinc_14_good.yml,true,18.18,18.14,apollon157
Juliet_Test/CWE191_Integer_Underflow__int_connect_socket_sub_22_good.yml,true,18.19,18.15,apollon059
Juliet_Test/CWE190_Integer_Overflow__int_listen_socket_postinc_21_good.yml,true,18.2,18.17,apollon154
hardware-verification-bv/btor2c-lazyMod.lann.6.prop1-func-interl.yml,false(unreach-call),18.24,18.21,apollon151
Juliet_Test/CWE191_Integer_Underflow__int_connect_socket_sub_10_good.yml,true,18.25,18.19,apollon151
ldv-linux-3.12-rc1/linux-3.12-rc1.tar.xz-144_2a-drivers--media--rc--imon.ko-entry_point.cil.out.yml,false(unreach-call),18.26,18.24,apollon073
Juliet_Test/CWE191_Integer_Underflow__int_listen_socket_predec_04_good.yml,true,18.26,18.22,apollon068
hardware-verification-bv/btor2c-lazyMod.szymanski.2.prop1-back-serstep.yml,false(unreach-call),18.27,18.25,apollon072
Juliet_Test/CWE191_Integer_Underflow__int_connect_socket_sub_08_good.yml,true,18.28,18.24,apollon067
hardware-verification-bv/btor2c-lazyMod.fischer.7.prop1-func-interl.yml,false(unreach-call),18.3,18.28,apollon160
Juliet_Test/CWE191_Integer_Underflow__int_listen_socket_predec_05_good.yml,true,18.34,18.3,apollon121
recursified_nla-digbench/recursified_ps6-ll.yml,true,18.34,18.33,apollon124
Juliet_Test/CWE190_Integer_Overflow__int_listen_socket_postinc_10_good.yml,true,18.34,18.3,apollon153
Juliet_Test/CWE191_Integer_Underflow__int_listen_socket_sub_10_good.yml,true,18.36,18.32,apollon113
hardware-verification-bv/btor2c-lazyMod.bridge.1.prop1-back-serstep.yml,false(unreach-call),18.38,18.36,apollon138
Juliet_Test/CWE190_Integer_Overflow__int_listen_socket_multiply_21_good.yml,true,18.4,18.36,apollon078
ldv-linux-3.16-rc1/43_2a_consumption_linux-3.16-rc1.tar.xz-43_2a-drivers--isdn--hisax--hfc_usb.ko-entry_point.cil.out.yml,false(unreach-call),18.41,18.4,apollon124
seq-mthreaded/rekcba_ctm.3-2.yml,true,18.41,18.4,apollon123
Juliet_Test/CWE191_Integer_Underflow__int_connect_socket_multiply_07_good.yml,true,18.43,18.38,apollon148
Juliet_Test/CWE191_Integer_Underflow__int_connect_socket_predec_11_good.yml,true,18.43,18.39,apollon141
Juliet_Test/CWE191_Integer_Underflow__int_listen_socket_multiply_22_good.yml,true,18.43,18.39,apollon163
nla-digbench-scaling/prod4br-ll_valuebound5.yml,true,18.46,18.46,apollon119
Juliet_Test/CWE190_Integer_Overflow__int_rand_square_17_good.yml,true,18.46,18.44,apollon072
Juliet_Test/CWE190_Integer_Overflow__int_listen_socket_add_09_good.yml,true,18.48,18.45,apollon131
neural-networks/poly_256_thresh_5_unsafe.c-amalgamation.yml,false(unreach-call),18.5,18.42,apollon061
Juliet_Test/CWE191_Integer_Underflow__int_connect_socket_postdec_13_good.yml,true,18.55,18.5,apollon084
Juliet_Test/CWE190_Integer_Overflow__int_connect_socket_postinc_07_good.yml,true,18.57,18.53,apollon081
combinations/pc_sfifo_2.cil-1+token_ring.15.cil.yml,false(unreach-call),18.61,18.59,apollon137
nla-digbench-scaling/dijkstra-u_unwindbound20.yml,true,18.62,18.62,apollon066
Juliet_Test/CWE190_Integer_Overflow__int_connect_socket_multiply_12_good.yml,true,18.69,18.64,apollon097
Juliet_Test/CWE190_Integer_Overflow__int_rand_square_31_good.yml,true,18.71,18.7,apollon071
ldv-linux-3.4-simple/32_1_cilled_ok_nondet_linux-3.4-32_1-drivers--media--dvb--frontends--rtl2830.ko-ldv_main0_sequence_infinite_withcheck_stateful.cil.out.yml,false(unreach-call),18.73,18.71,apollon062
Juliet_Test/CWE190_Integer_Overflow__int_listen_socket_postinc_14_good.yml,true,18.77,18.73,apollon061
ldv-linux-3.4-simple/32_1_cilled_ok_nondet_linux-3.4-32_1-drivers--net--arcnet--rfc1051.ko-ldv_main0_sequence_infinite_withcheck_stateful.cil.out.yml,false(unreach-call),18.81,18.79,apollon097
Juliet_Test/CWE191_Integer_Underflow__int_connect_socket_multiply_11_good.yml,true,18.84,18.79,apollon143
Juliet_Test/CWE190_Integer_Overflow__int_listen_socket_add_10_good.yml,true,18.84,18.82,apollon118
combinations/gcd_3+newton_1_7.yml,false(unreach-call),18.86,18.84,apollon079
Juliet_Test/CWE190_Integer_Overflow__int_fscanf_square_01_good.yml,true,18.86,18.84,apollon078
ldv-linux-4.2-rc1/linux-4.2-rc1.tar.xz-43_2a-drivers--usb--serial--digi_acceleport.ko-entry_point.cil.out.yml,false(valid-deref),18.89,18.88,apollon060
Juliet_Test/CWE190_Integer_Overflow__int_connect_socket_preinc_03_good.yml,true,18.91,18.85,apollon145
Juliet_Test/CWE191_Integer_Underflow__int_listen_socket_postdec_06_good.yml,true,18.92,18.88,apollon113
Juliet_Test/CWE190_Integer_Overflow__int_connect_socket_preinc_02_good.yml,true,19.01,18.96,apollon074
Juliet_Test/CWE191_Integer_Underflow__int_connect_socket_multiply_21_good.yml,true,19.02,18.97,apollon062
nla-digbench-scaling/prodbin-ll_valuebound100.yml,true,19.04,19.04,apollon112
Juliet_Test/CWE191_Integer_Underflow__int_listen_socket_sub_09_good.yml,true,19.05,19.01,apollon130
Juliet_Test/CWE190_Integer_Overflow__int_connect_socket_add_12_good.yml,true,19.08,19.03,apollon111
Juliet_Test/CWE191_Integer_Underflow__int_connect_socket_multiply_08_good.yml,true,19.09,19.04,apollon098
Juliet_Test/CWE191_Integer_Underflow__int_connect_socket_postdec_11_good.yml,true,19.09,19.03,apollon109
Juliet_Test/CWE191_Integer_Underflow__int_connect_socket_postdec_02_good.yml,true,19.1,19.06,apollon121
combinations/gcd_1+newton_1_5.yml,false(unreach-call),19.13,19.11,apollon130
Juliet_Test/CWE190_Integer_Overflow__int_listen_socket_postinc_06_good.yml,true,19.21,19.17,apollon144
floats-esbmc-regression/ceil_nondet.yml,true,19.24,19.23,apollon102
Juliet_Test/CWE191_Integer_Underflow__int_connect_socket_postdec_14_good.yml,true,19.25,19.21,apollon159
nla-digbench-scaling/bresenham-ll_unwindbound10.yml,true,19.26,19.26,apollon104
Juliet_Test/CWE190_Integer_Overflow__int_listen_socket_preinc_06_good.yml,true,19.29,19.26,apollon098
ddv-machzwd/ddv_machzwd_inw_p.yml,false(valid-memtrack),19.32,19.32,apollon062
Juliet_Test/CWE190_Integer_Overflow__int_listen_socket_add_13_good.yml,true,19.37,19.33,apollon151
Juliet_Test/CWE191_Integer_Underflow__int_listen_socket_sub_04_good.yml,true,19.39,19.35,apollon074
hardware-verification-bv/btor2c-lazyMod.peg_solitaire.1.prop1-func-interl.yml,false(unreach-call),19.41,19.39,apollon166
neural-networks/poly_256_thresh_3_unsafe.c-amalgamation.yml,false(unreach-call),19.42,19.35,apollon145
ldv-linux-4.2-rc1/linux-4.2-rc1.tar.xz-32_7a-drivers--video--fbdev--udlfb.ko-entry_point.cil.out.yml,false(valid-free),19.46,19.44,apollon110
Juliet_Test/CWE191_Integer_Underflow__int_connect_socket_predec_09_good.yml,true,19.46,19.41,apollon167
Juliet_Test/CWE190_Integer_Overflow__int_connect_socket_preinc_14_good.yml,true,19.47,19.41,apollon152
weaver/popl20-more-array-sum.wvr.yml,false(unreach-call),19.48,19.46,apollon059
ddv-machzwd/ddv_machzwd_pthread_mutex_unlock.yml,false(valid-memtrack),19.51,19.51,apollon095
loop-acceleration/array_2-2.yml,true,19.57,19.55,apollon090
Juliet_Test/CWE190_Integer_Overflow__int_connect_socket_preinc_07_good.yml,true,19.61,19.57,apollon148
nla-digbench-scaling/egcd3-ll_valuebound2.yml,true,19.62,19.62,apollon155
ldv-linux-3.4-simple/32_1_cilled_ok_nondet_linux-3.4-32_1-drivers--usb--serial--ipw.ko-ldv_main0_sequence_infinite_withcheck_stateful.cil.out.yml,false(valid-deref),19.63,19.62,apollon064
Juliet_Test/CWE190_Integer_Overflow__int_listen_socket_multiply_07_good.yml,true,19.64,19.6,apollon071
Juliet_Test/CWE191_Integer_Underflow__int_listen_socket_sub_14_good.yml,true,19.69,19.66,apollon159
seq-mthreaded/pals_lcr.7.ufo.BOUNDED-14.pals.yml,true,19.75,19.74,apollon149
seq-mthreaded/rekcba_nxt.2.M1-2.yml,true,19.79,19.78,apollon099
nla-digbench-scaling/egcd3-ll_valuebound5.yml,true,19.8,19.8,apollon110
Juliet_Test/CWE191_Integer_Underflow__int_listen_socket_multiply_15_good.yml,true,19.82,19.78,apollon091
Juliet_Test/CWE190_Integer_Overflow__int_connect_socket_preinc_05_good.yml,true,19.83,19.76,apollon145
ldv-linux-3.7.3/main0_drivers-net-wireless-mwl8k-ko---32_7a--linux-3.7.3.yml,false(unreach-call),19.89,19.88,apollon102
Juliet_Test/CWE190_Integer_Overflow__int_connect_socket_postinc_06_good.yml,true,19.9,19.85,apollon130
recursified_nla-digbench/recursified_dijkstra-u.yml,true,19.97,19.96,apollon081
ldv-consumption/32_7a_cilled_linux-3.8-rc1-32_7a-drivers--parport--parport_pc.ko-ldv_main0_sequence_infinite_withcheck_stateful.cil.out.yml,false(unreach-call),20.01,20.0,apollon166
ddv-machzwd/ddv_machzwd_inl.yml,false(valid-memtrack),20.02,20.01,apollon080
float-newlib/double_req_bl_0460.yml,true,20.03,20.03,apollon113
Juliet_Test/CWE191_Integer_Underflow__int_listen_socket_postdec_21_good.yml,true,20.06,20.02,apollon114
neural-networks/softsign_w8_r2_case_1_unsafe.c-amalgamation.yml,false(unreach-call),20.08,20.06,apollon160
Juliet_Test/CWE191_Integer_Underflow__int_connect_socket_multiply_05_good.yml,true,20.08,20.03,apollon083
Juliet_Test/CWE190_Integer_Overflow__int_listen_socket_add_21_good.yml,true,20.1,20.05,apollon167
Juliet_Test/CWE190_Integer_Overflow__int_rand_square_51_good.yml,true,20.11,20.1,apollon090
ldv-linux-3.4-simple/43_1a_cilled_ok_nondet_linux-43_1a-drivers--staging--serqt_usb2--serqt_usb2.ko-ldv_main0_sequence_infinite_withcheck_stateful.cil.out.yml,false(valid-deref),20.18,20.17,apollon153
hardware-verification-bv/btor2c-lazyMod.vis_arrays_buf_bug.yml,false(unreach-call),20.18,20.16,apollon164
floats-cdfpl/newton_1_4.yml,false(unreach-call),20.2,20.19,apollon126
hardware-verification-bv/btor2c-lazyMod.vis_arrays_am2901.yml,false(unreach-call),20.23,20.22,apollon134
weaver/chl-name-comparator-symm.wvr.yml,true,20.26,20.25,apollon137
Juliet_Test/CWE190_Integer_Overflow__int_connect_socket_add_04_good.yml,true,20.28,20.22,apollon091
hardware-verification-bv/btor2c-lazyMod.arbitrated_top_n2_w8_d16_e0.yml,false(unreach-call),20.29,20.27,apollon150
Juliet_Test/CWE190_Integer_Overflow__int_connect_socket_preinc_06_good.yml,true,20.34,20.3,apollon156
nla-digbench-scaling/prodbin-ll_valuebound50.yml,true,20.4,20.39,apollon157
Juliet_Test/CWE191_Integer_Underflow__int_listen_socket_predec_07_good.yml,true,20.41,20.36,apollon092
Juliet_Test/CWE191_Integer_Underflow__int_listen_socket_postdec_15_good.yml,true,20.41,20.37,apollon128
Juliet_Test/CWE191_Integer_Underflow__int_listen_socket_multiply_02_good.yml,true,20.41,20.37,apollon131
hardware-verification-bv/btor2c-lazyMod.arbitrated_top_n2_w16_d16_e0.yml,false(unreach-call),20.42,20.4,apollon066
Juliet_Test/CWE190_Integer_Overflow__int_rand_square_41_good.yml,true,20.47,20.46,apollon154
Juliet_Test/CWE191_Integer_Underflow__int_listen_socket_postdec_22_good.yml,true,20.52,20.49,apollon103
Juliet_Test/CWE190_Integer_Overflow__int_listen_socket_postinc_08_good.yml,true,20.54,20.5,apollon146
ldv-commit-tester/m0_drivers-media-radio-si4713-i2c-ko--111_1a--064368f.yml,false(valid-deref),20.57,20.57,apollon096
recursified_loop-invariants/recursified_linear-inequality-inv-a.yml,true,20.64,20.63,apollon151
goblint-regression/28-race_reach_79-equ_racefree-overflow.yml,false(no-overflow),20.7,20.69,apollon062
ldv-linux-3.0/usb_urb-drivers-vhost-vhost_net.ko.cil.out.yml,false(unreach-call),20.7,20.68,apollon064
ldv-linux-3.16-rc1/43_2a_consumption_linux-3.16-rc1.tar.xz-43_2a-drivers--input--gameport--ns558.ko-entry_point.cil.out.yml,false(valid-free),20.72,20.71,apollon110
nla-digbench-scaling/mannadiv_unwindbound20.yml,false(unreach-call),20.74,20.73,apollon105
hardware-verification-bv/btor2c-lazyMod.needham.3.prop1-func-interl.yml,false(unreach-call),20.74,20.71,apollon147
Juliet_Test/CWE190_Integer_Overflow__int_connect_socket_add_10_good.yml,true,20.8,20.75,apollon124
Juliet_Test/CWE191_Integer_Underflow__int_connect_socket_sub_11_good.yml,true,20.86,20.8,apollon064
seq-mthreaded/rekh_nxt.1.M4-1.yml,false(unreach-call),20.89,20.87,apollon073
Juliet_Test/CWE191_Integer_Underflow__int_connect_socket_sub_03_good.yml,true,20.93,20.86,apollon086
Juliet_Test/CWE190_Integer_Overflow__int_listen_socket_preinc_11_good.yml,true,20.93,20.88,apollon126
ldv-validator-v0.6/linux-stable-5742d35-1-136_1a-drivers--usb--serial--ti_usb_3410_5052.ko-entry_point.cil.out.yml,false(unreach-call),20.95,20.94,apollon108
Juliet_Test/CWE190_Integer_Overflow__int_connect_socket_multiply_09_good.yml,true,21.02,20.99,apollon133
Juliet_Test/CWE191_Integer_Underflow__int_connect_socket_postdec_15_good.yml,true,21.03,20.98,apollon104
hardware-verification-bv/btor2c-lazyMod.needham.3.prop4-func-interl.yml,false(unreach-call),21.08,21.06,apollon106
ddv-machzwd/ddv_machzwd_outb_p.yml,false(valid-memtrack),21.11,21.12,apollon148
Juliet_Test/CWE191_Integer_Underflow__int_listen_socket_multiply_07_good.yml,true,21.14,21.09,apollon134
Juliet_Test/CWE190_Integer_Overflow__int_connect_socket_multiply_11_good.yml,true,21.15,21.1,apollon075
Juliet_Test/CWE190_Integer_Overflow__int_listen_socket_add_06_good.yml,true,21.2,21.16,apollon089
Juliet_Test/CWE190_Integer_Overflow__int_connect_socket_multiply_15_good.yml,true,21.37,21.33,apollon062
Juliet_Test/CWE191_Integer_Underflow__int_connect_socket_multiply_04_good.yml,true,21.43,21.38,apollon065
hardware-verification-bv/btor2c-lazyMod.circular_pointer_top_w8_d16_e0.yml,false(unreach-call),21.44,21.42,apollon068
list-ext-properties/list-ext_1.yml,true,21.5,21.49,apollon074
ddv-machzwd/ddv_machzwd_inb_p.yml,false(valid-memtrack),21.62,21.61,apollon116
Juliet_Test/CWE190_Integer_Overflow__int_listen_socket_multiply_05_good.yml,true,21.66,21.6,apollon066
Juliet_Test/CWE190_Integer_Overflow__int_connect_socket_multiply_13_good.yml,true,21.79,21.76,apollon110
Juliet_Test/CWE190_Integer_Overflow__int_connect_socket_multiply_14_good.yml,true,21.79,21.74,apollon150
Juliet_Test/CWE190_Integer_Overflow__int_connect_socket_multiply_05_good.yml,true,21.82,21.78,apollon148
product-lines/email_spec4_productSimulator.cil.yml,false(unreach-call),21.83,21.81,apollon152
Juliet_Test/CWE190_Integer_Overflow__int_connect_socket_multiply_10_good.yml,true,21.84,21.8,apollon158
Juliet_Test/CWE191_Integer_Underflow__int_connect_socket_sub_05_good.yml,true,21.86,21.81,apollon090
seq-pthread/cs_fib_longer-1.yml,true,21.88,21.88,apollon118
seq-mthreaded/rekcba_ctm.3-1.yml,true,21.89,21.88,apollon136
seq-mthreaded-reduced/pals_lcr-var-start-time.3.2.ufo.UNBOUNDED.pals.c.v+sep-reducer.yml,false(unreach-call),21.91,21.89,apollon072
ldv-linux-3.4-simple/43_1a_cilled_ok_nondet_linux-43_1a-drivers--scsi--pcmcia--sym53c500_cs.ko-ldv_main0_sequence_infinite_withcheck_stateful.cil.out.yml,false(valid-free),21.92,21.91,apollon118
Juliet_Test/CWE191_Integer_Underflow__int_connect_socket_postdec_03_good.yml,true,22.0,21.94,apollon136
hardware-verification-bv/btor2c-lazyMod.lamport_nonatomic.3.prop1-back-serstep.yml,false(unreach-call),22.01,21.99,apollon100
Juliet_Test/CWE190_Integer_Overflow__int_listen_socket_postinc_07_good.yml,true,22.05,22.01,apollon141
ldv-linux-3.12-rc1/linux-3.12-rc1.tar.xz-144_2a-drivers--media--usb--tlg2300--poseidon.ko-entry_point.cil.out.yml,false(unreach-call),22.1,22.08,apollon165
ldv-linux-4.2-rc1/linux-4.2-rc1.tar.xz-08_1a-drivers--input--gameport--gameport.ko-entry_point.cil.out.yml,false(valid-memtrack),22.12,22.13,apollon133
hardware-verification-bv/btor2c-lazyMod.szymanski.4.prop1-back-serstep.yml,false(unreach-call),22.14,22.11,apollon151
neural-networks/poly_32_32_thresh_4_unsafe.c-amalgamation.yml,false(unreach-call),22.22,22.17,apollon096
nla-digbench-scaling/freire2_valuebound50.yml,true,22.28,22.27,apollon099
goblint-regression/36-apron_22-traces-write-centered-vs-meet-mutex_true_no-overflow.yml,true,22.31,22.31,apollon145
goblint-regression/28-race_reach_78-equ_racing-overflow.yml,false(no-overflow),22.49,22.48,apollon073
Juliet_Test/CWE190_Integer_Overflow__int_listen_socket_preinc_02_good.yml,true,22.52,22.48,apollon103
hardware-verification-bv/btor2c-lazyMod.elevator_planning.2.prop1-func-interl.yml,false(unreach-call),22.53,22.52,apollon111
Juliet_Test/CWE190_Integer_Overflow__int_connect_socket_multiply_03_good.yml,true,22.6,22.55,apollon118
combinations/gcd_3+newton_1_6.yml,false(unreach-call),22.66,22.64,apollon145
list-ext3-properties/sll_nondet_insert-2.yml,true,22.75,22.74,apollon117
ddv-machzwd/ddv_machzwd_inl_p.yml,false(valid-memtrack),22.83,22.83,apollon078
Juliet_Test/CWE191_Integer_Underflow__int_listen_socket_multiply_12_good.yml,true,22.89,22.85,apollon126
Juliet_Test/CWE190_Integer_Overflow__int_fscanf_square_54_good.yml,true,22.95,22.93,apollon117
Juliet_Test/CWE190_Integer_Overflow__int_connect_socket_multiply_02_good.yml,true,22.95,22.9,apollon122
nla-digbench-scaling/prodbin-ll_valuebound50.yml,true,22.98,22.97,apollon063
Juliet_Test/CWE190_Integer_Overflow__int_listen_socket_preinc_12_good.yml,true,22.98,22.96,apollon076
hardware-verification-bv/btor2c-lazyMod.arbitrated_top_n2_w32_d16_e0.yml,false(unreach-call),23.0,22.97,apollon167
Juliet_Test/CWE190_Integer_Overflow__int_connect_socket_multiply_08_good.yml,true,23.12,23.08,apollon128
hardware-verification-bv/btor2c-lazyMod.gear.1.prop2-func-interl.yml,false(unreach-call),23.13,23.1,apollon165
ddv-machzwd/ddv_machzwd_outl_p.yml,false(valid-memtrack),23.14,23.13,apollon147
ldv-linux-3.4-simple/32_1_cilled_ok_nondet_linux-3.4-32_1-drivers--media--dvb--frontends--tda826x.ko-ldv_main0_sequence_infinite_withcheck_stateful.cil.out.yml,false(valid-free),23.15,23.14,apollon165
nla-digbench-scaling/fermat2-ll_valuebound10.yml,true,23.17,23.17,apollon143
floats-esbmc-regression/round_nondet.yml,true,23.26,23.25,apollon083
ldv-linux-3.0/module_get_put-drivers-gpu-drm-i915-i915.ko.cil.out.yml,false(valid-deref),23.31,23.31,apollon080
seq-mthreaded/rekh_ctm.2-1.yml,false(unreach-call),23.34,23.32,apollon103
hardware-verification-bv/btor2c-lazyMod.collision.5.prop1-func-interl.yml,false(unreach-call),23.38,23.37,apollon130
Juliet_Test/CWE191_Integer_Underflow__int_listen_socket_sub_03_good.yml,true,23.41,23.36,apollon078
pthread-wmm/safe035_power.yml,true,23.42,23.42,apollon160
hardware-verification-bv/btor2c-lazyMod.krebs.2.prop1-func-interl.yml,false(unreach-call),23.43,23.4,apollon143
product-lines/email_spec7_productSimulator.cil.yml,false(unreach-call),23.49,23.48,apollon102
nla-digbench-scaling/geo1-ll_valuebound10.yml,true,23.49,23.49,apollon078
ntdrivers/parport.i.cil-1.yml,false(unreach-call),23.49,23.49,apollon098
floats-cdfpl/sine_5.yml,true,23.52,23.52,apollon069
ddv-machzwd/ddv_machzwd_outl.yml,false(valid-memtrack),23.55,23.55,apollon098
hardware-verification-bv/btor2c-lazyMod.anderson.5.prop1-func-interl.yml,false(unreach-call),23.64,23.62,apollon113
product-lines/elevator_spec1_productSimulator.cil.yml,true,23.75,23.74,apollon127
seq-mthreaded/rekh_aso.2.M4-1.yml,false(unreach-call),23.82,23.81,apollon137
hardware-verification-bv/btor2c-lazyMod.at.6.prop1-back-serstep.yml,false(unreach-call),23.87,23.84,apollon065
Juliet_Test/CWE191_Integer_Underflow__int_connect_socket_multiply_15_good.yml,true,23.9,23.84,apollon117
Juliet_Test/CWE190_Integer_Overflow__int_listen_socket_add_12_good.yml,true,24.21,24.18,apollon065
nla-digbench-scaling/egcd-ll_valuebound5.yml,true,24.22,24.22,apollon149
eca-rers2012/Problem11_label43.yml,false(unreach-call),24.24,24.23,apollon112
Juliet_Test/CWE190_Integer_Overflow__int_listen_socket_multiply_12_good.yml,true,24.28,24.25,apollon082
nla-digbench-scaling/bresenham-ll_valuebound20.yml,true,24.3,24.28,apollon159
hardware-verification-bv/btor2c-lazyMod.at.3.prop1-func-interl.yml,false(unreach-call),24.61,24.59,apollon152
loop-acceleration/array_2-2-simple.yml,true,24.67,24.64,apollon118
goblint-regression/36-apron_22-traces-write-centered-vs-meet-mutex_true_no-overflow.yml,true,24.71,24.71,apollon142
Juliet_Test/CWE191_Integer_Underflow__int_connect_socket_multiply_12_good.yml,true,24.76,24.72,apollon153
nla-digbench-scaling/cohendiv-ll_valuebound100.yml,true,24.8,24.81,apollon143
hardware-verification-bv/btor2c-lazyMod.needham.2.prop4-func-interl.yml,false(unreach-call),24.83,24.82,apollon119
product-lines/email_spec8_productSimulator.cil.yml,false(unreach-call),24.91,24.89,apollon151
goblint-regression/28-race_reach_79-equ_racefree.yml,false(unreach-call),24.92,24.91,apollon134
aws-c-common/aws_hash_table_foreach_harness_negated.yml,false(unreach-call),25.03,25.02,apollon167
hardware-verification-bv/btor2c-lazyMod.peterson.2.prop1-func-interl.yml,false(unreach-call),25.11,25.08,apollon100
ldv-linux-4.2-rc1/linux-4.2-rc1.tar.xz-32_7a-drivers--hwmon--w83781d.ko-entry_point.cil.out.yml,false(unreach-call),25.18,25.17,apollon167
loop-acceleration/array_2-1-simple.yml,true,25.19,25.16,apollon071
loop-acceleration/array_2-2-simple.yml,true,25.22,25.2,apollon094
product-lines/email_spec6_productSimulator.cil.yml,false(unreach-call),25.28,25.26,apollon121
loop-acceleration/array_2-2-simple.yml,true,25.32,25.29,apollon160
eca-rers2012/Problem11_label51.yml,false(unreach-call),25.37,25.35,apollon058
eca-rers2012/Problem11_label08.yml,false(unreach-call),25.43,25.41,apollon103
goblint-regression/28-race_reach_78-equ_racing.yml,false(unreach-call),25.47,25.45,apollon062
pthread-ext/25_stack_longer-1-pthread.yml,false(unreach-call),25.48,25.46,apollon065
hardware-verification-bv/btor2c-lazyMod.reader_writer.3.prop1-func-interl.yml,false(unreach-call),25.54,25.52,apollon107
product-lines/elevator_spec14_productSimulator.cil.yml,true,25.54,25.52,apollon074
loop-acceleration/array_2-1-simple.yml,true,25.62,25.59,apollon160
hardware-verification-bv/btor2c-lazyMod.needham.4.prop4-func-interl.yml,false(unreach-call),25.63,25.62,apollon106
ldv-linux-3.4-simple/32_1_cilled_ok_nondet_linux-3.4-32_1-drivers--rtc--rtc-r9701.ko-ldv_main0_sequence_infinite_withcheck_stateful.cil.out.yml,false(valid-deref),25.67,25.65,apollon062
neural-networks/poly_512_thresh_5_unsafe.c-amalgamation.yml,false(unreach-call),25.77,25.68,apollon148
array-crafted/bor3.yml,true,25.81,25.79,apollon109
seq-mthreaded/rekh_aso.1.M4-2.yml,false(unreach-call),25.9,25.88,apollon166
goblint-regression/13-privatized_31-traces-mine-vs-mutex_true.yml,true,26.03,26.03,apollon066
array-programs/partial_mod_count_limited_3.yml,true,26.08,26.06,apollon147
array-crafted/bAnd3.yml,true,26.13,26.11,apollon166
neural-networks/poly_32_32_thresh_3_unsafe.c-amalgamation.yml,false(unreach-call),26.16,26.1,apollon116
loop-crafted/simple_array_index_value_2.yml,true,26.24,26.21,apollon058
eca-rers2012/Problem06_label27.yml,false(unreach-call),26.39,26.38,apollon111
eca-rers2012/Problem11_label36.yml,false(unreach-call),26.4,26.39,apollon135
Juliet_Test/CWE190_Integer_Overflow__int_listen_socket_postinc_12_good.yml,true,26.46,26.42,apollon159
eca-rers2012/Problem06_label11.yml,false(unreach-call),26.5,26.49,apollon157
neural-networks/poly_32_32_32_thresh_4_unsafe.c-amalgamation.yml,false(unreach-call),26.55,26.49,apollon102
eca-rers2012/Problem14_label27.yml,false(unreach-call),26.58,26.56,apollon077
eca-rers2012/Problem14_label57.yml,false(unreach-call),26.59,26.57,apollon069
eca-rers2012/Problem14_label34.yml,false(unreach-call),26.6,26.57,apollon168
neural-networks/poly_32_32_32_thresh_5_unsafe.c-amalgamation.yml,false(unreach-call),26.65,26.59,apollon137
ldv-linux-3.16-rc1/43_2a_consumption_linux-3.16-rc1.tar.xz-43_2a-drivers--staging--media--solo6x10--solo6x10.ko-entry_point.cil.out.yml,false(unreach-call),26.7,26.7,apollon113
ddv-machzwd/ddv_machzwd_inb.yml,false(valid-memtrack),26.7,26.68,apollon094
hardware-verification-bv/btor2c-lazyMod.gear.2.prop3-back-serstep.yml,false(unreach-call),26.72,26.69,apollon148
array-crafted/xor3.yml,true,26.75,26.72,apollon095
seq-mthreaded/pals_opt-floodmax.4.ufo.BOUNDED-8.pals.yml,true,26.87,26.87,apollon113
seq-mthreaded/rekcba_aso.1.M1-2.yml,true,26.88,26.88,apollon150
ddv-machzwd/ddv_machzwd_outw_p.yml,false(valid-memtrack),27.1,27.1,apollon062
array-programs/partial_mod_count_limited_4.yml,true,27.36,27.35,apollon075
nla-digbench-scaling/lcm2_valuebound50.yml,true,27.5,27.5,apollon057
hardware-verification-bv/btor2c-lazyMod.gear.1.prop3-back-serstep.yml,false(unreach-call),27.52,27.51,apollon057
Juliet_Test/CWE190_Integer_Overflow__int_fgets_square_18_good.yml,true,27.68,27.65,apollon114
pthread/fib_unsafe-5.yml,false(unreach-call),27.79,27.75,apollon082
eca-rers2012/Problem14_label10.yml,false(unreach-call),27.82,27.8,apollon148
eca-rers2012/Problem06_label47.yml,false(unreach-call),27.85,27.83,apollon120
eca-rers2012/Problem11_label39.yml,false(unreach-call),27.92,27.9,apollon141
eca-rers2012/Problem11_label31.yml,false(unreach-call),28.01,27.99,apollon116
eca-rers2012/Problem11_label14.yml,false(unreach-call),28.14,28.12,apollon160
aws-c-common/aws_hash_table_clear_harness.yml,true,28.16,28.17,apollon067
seq-mthreaded-reduced/pals_lcr-var-start-time.3.2.ufo.BOUNDED-6.pals.c.v+sep-reducer.yml,false(unreach-call),28.2,28.19,apollon060
combinations/gcd_3+newton_1_8.yml,false(unreach-call),28.38,28.36,apollon057
hardware-verification-bv/btor2c-lazyMod.bakery.4.prop1-func-interl.yml,false(unreach-call),28.48,28.45,apollon112
ldv-linux-3.16-rc1/43_2a_consumption_linux-3.16-rc1.tar.xz-43_2a-drivers--media--usb--dvb-usb--dvb-usb-gp8psk.ko-entry_point.cil.out.yml,false(valid-free),28.76,28.73,apollon091
ldv-linux-3.4-simple/32_1_cilled_ok_nondet_linux-3.4-32_1-drivers--cpufreq--pcc-cpufreq.ko-ldv_main0_sequence_infinite_withcheck_stateful.cil.out.yml,false(valid-deref),28.8,28.81,apollon151
aws-c-common/aws_hash_iter_next_harness.yml,true,28.9,28.89,apollon100
hardware-verification-bv/btor2c-lazyMod.gear.2.prop4-back-serstep.yml,false(unreach-call),29.18,29.15,apollon142
Juliet_Test/CWE190_Integer_Overflow__int_connect_socket_multiply_04_good.yml,true,29.32,29.25,apollon163
Juliet_Test/CWE190_Integer_Overflow__int_fgets_square_61_good.yml,true,29.35,29.31,apollon071
hardware-verification-bv/btor2c-lazyMod.cyclic_scheduler.4.prop1-back-serstep.yml,false(unreach-call),29.47,29.44,apollon085
hardware-verification-bv/btor2c-lazyMod.needham.4.prop1-func-interl.yml,false(unreach-call),29.5,29.48,apollon159
nla-digbench-scaling/geo3-ll_valuebound10.yml,true,29.55,29.55,apollon069
combinations/gcd_1+newton_1_6.yml,false(unreach-call),29.69,29.69,apollon098
hardware-verification-bv/btor2c-lazyMod.cambridge.2.prop1-back-serstep.yml,false(unreach-call),29.74,29.73,apollon083
eca-rers2012/Problem11_label34.yml,false(unreach-call),29.86,29.86,apollon125
hardware-verification-bv/btor2c-lazyMod.vcegar_arrays_itc99_b12_p1.yml,false(unreach-call),29.87,29.85,apollon117
eca-rers2012/Problem06_label05.yml,false(unreach-call),29.89,29.88,apollon107
product-lines/email_spec4_productSimulator.cil.yml,true,29.93,29.92,apollon134
hardware-verification-bv/btor2c-lazyMod.gear.2.prop2-func-interl.yml,false(unreach-call),30.02,30.0,apollon156
eca-rers2012/Problem06_label37.yml,false(unreach-call),30.04,30.03,apollon076
Juliet_Test/CWE190_Integer_Overflow__int_fgets_square_63_good.yml,true,30.06,30.03,apollon096
Juliet_Test/CWE190_Integer_Overflow__int_fgets_square_67_good.yml,true,30.25,30.21,apollon127
ldv-linux-3.4-simple/43_1a_cilled_ok_nondet_linux-43_1a-drivers--net--arcnet--com20020_cs.ko-ldv_main0_sequence_infinite_withcheck_stateful.cil.out.yml,false(valid-deref),30.27,30.26,apollon104
recursified_loop-simple/recursified_nested_6.yml,true,30.37,30.36,apollon127
combinations/gcd_3+newton_1_4.yml,false(unreach-call),30.41,30.4,apollon084
Juliet_Test/CWE190_Integer_Overflow__int_fgets_square_17_good.yml,true,30.52,30.49,apollon058
Juliet_Test/CWE190_Integer_Overflow__int_fgets_square_45_good.yml,true,30.58,30.54,apollon084
eca-rers2012/Problem11_label20.yml,false(unreach-call),30.59,30.59,apollon062
hardware-verification-bv/btor2c-lazyMod.cambridge.2.prop1-func-interl.yml,false(unreach-call),30.65,30.63,apollon070
hardware-verification-bv/btor2c-lazyMod.gear.1.prop4-back-serstep.yml,false(unreach-call),30.67,30.65,apollon057
eca-rers2012/Problem06_label09.yml,false(unreach-call),30.73,30.72,apollon093
hardware-verification-bv/btor2c-lazyMod.arbitrated_top_n3_w8_d16_e0.yml,false(unreach-call),30.74,30.72,apollon117
Juliet_Test/CWE190_Integer_Overflow__int_fgets_square_54_good.yml,true,30.74,30.7,apollon110
Juliet_Test/CWE190_Integer_Overflow__int_fgets_square_66_good.yml,true,30.76,30.71,apollon161
eca-rers2012/Problem06_label38.yml,false(unreach-call),30.82,30.8,apollon112
eca-rers2012/Problem06_label10.yml,false(unreach-call),31.06,31.04,apollon102
eca-rers2012/Problem06_label02.yml,false(unreach-call),31.13,31.13,apollon117
ldv-linux-3.16-rc1/205_9a_array_unsafes_linux-3.16-rc1.tar.xz-205_9a-drivers--net--wireless--rtl818x--rtl8180--rtl818x_pci.ko-entry_point.cil.out.yml,false(unreach-call),31.15,31.15,apollon124
combinations/gcd_3+newton_2_8.yml,false(unreach-call),31.19,31.18,apollon090
aws-c-common/aws_hash_callback_string_eq_harness.yml,true,31.25,31.22,apollon128
xcsp/Haystacks-09.yml,true,31.38,31.38,apollon116
reducercommutativity/sep40-1.yml,true,31.45,31.45,apollon158
pthread/stateful01-2.yml,true,31.5,31.49,apollon081
eca-rers2012/Problem06_label44.yml,false(unreach-call),31.59,31.57,apollon124
product-lines/email_spec1_productSimulator.cil.yml,false(unreach-call),31.71,31.69,apollon090
aws-c-common/aws_array_list_shrink_to_fit_harness.yml,true,31.76,31.75,apollon065
Juliet_Test/CWE190_Integer_Overflow__int_fgets_square_32_good.yml,true,31.87,31.83,apollon068
eca-rers2012/Problem06_label15.yml,false(unreach-call),31.9,31.89,apollon142
hardware-verification-bv/btor2c-lazyMod.vcegar_QF_BV_usb_phy_1.yml,false(unreach-call),31.92,31.9,apollon059
Juliet_Test/CWE190_Integer_Overflow__int_fgets_square_34_good.yml,true,31.94,31.91,apollon093
ldv-consumption/32_7a_cilled_linux-3.8-rc1-32_7a-drivers--net--wireless--ath--ath5k--ath5k.ko-ldv_main16_sequence_infinite_withcheck_stateful.cil.out.yml,false(unreach-call),32.06,32.06,apollon079
goblint-regression/13-privatized_31-traces-mine-vs-mutex_true.yml,true,32.1,32.09,apollon106
nla-digbench-scaling/knuth_unwindbound20.yml,true,32.1,32.06,apollon062
Juliet_Test/CWE190_Integer_Overflow__int_fgets_square_31_good.yml,true,32.14,32.13,apollon148
ldv-linux-3.4-simple/43_1a_cilled_ok_nondet_linux-43_1a-drivers--rtc--rtc-r9701.ko-ldv_main0_sequence_infinite_withcheck_stateful.cil.out.yml,false(valid-deref),32.15,32.13,apollon160
Juliet_Test/CWE190_Integer_Overflow__int_fgets_square_01_good.yml,true,32.25,32.21,apollon099
product-lines/email_spec9_productSimulator.cil.yml,false(unreach-call),32.28,32.27,apollon120
hardware-verification-bv/btor2c-lazyMod.arbitrated_top_n3_w32_d16_e0.yml,false(unreach-call),32.32,32.32,apollon093
hardware-verification-bv/btor2c-lazyMod.arbitrated_top_n3_w16_d16_e0.yml,false(unreach-call),32.36,32.33,apollon135
seq-mthreaded/rekh_aso.4.M4.yml,false(unreach-call),32.36,32.35,apollon101
eca-rers2012/Problem06_label36.yml,false(unreach-call),32.4,32.38,apollon121
ldv-consumption/32_7a_cilled_linux-3.8-rc1-32_7a-drivers--net--wireless--zd1211rw--zd1211rw.ko-ldv_main1_sequence_infinite_withcheck_stateful.cil.out.yml,false(valid-deref),32.43,32.44,apollon057
goblint-regression/13-privatized_29-multiple-protecting2-vesal_true.yml,true,32.45,32.44,apollon077
goblint-regression/13-privatized_29-multiple-protecting2-vesal_true.yml,true,32.47,32.46,apollon116
eca-rers2012/Problem06_label58.yml,false(unreach-call),32.5,32.5,apollon141
eca-rers2012/Problem11_label49.yml,false(unreach-call),32.53,32.52,apollon071
hardware-verification-bv/btor2c-lazyMod.arbitrated_top_n2_w64_d16_e0.yml,false(unreach-call),32.55,32.53,apollon113
nla-digbench-scaling/egcd2-ll_valuebound5.yml,true,32.59,32.59,apollon162
neural-networks/poly_4_4_4_4_thresh_4_unsafe.c-amalgamation.yml,false(unreach-call),32.74,32.72,apollon109
product-lines/email_spec8_productSimulator.cil.yml,true,32.79,32.77,apollon066
product-lines/email_spec3_productSimulator.cil.yml,true,32.9,32.89,apollon081
eca-rers2012/Problem06_label24.yml,false(unreach-call),32.91,32.9,apollon154
seq-mthreaded/rekh_aso.2.M4-2.yml,false(unreach-call),32.97,32.98,apollon122
product-lines/email_spec9_productSimulator.cil.yml,true,33.2,33.2,apollon121
termination-nla/hard2-both-t.yml,true,33.23,33.22,apollon066
xcsp/CostasArray-15.yml,false(unreach-call),33.44,33.43,apollon061
pthread/fib_unsafe-6.yml,false(unreach-call),33.54,33.51,apollon130
eca-rers2012/Problem06_label29.yml,false(unreach-call),33.57,33.55,apollon076
hardware-verification-bv/btor2c-lazyMod.bridge.1.prop1-func-interl.yml,false(unreach-call),33.59,33.56,apollon118
combinations/gcd_2+newton_2_8.yml,false(unreach-call),33.64,33.64,apollon119
ldv-linux-3.0/usb_urb-drivers-staging-lirc-lirc_imon.ko.cil.out.yml,false(unreach-call),33.74,33.73,apollon089
nla-digbench-scaling/geo2-ll_valuebound10.yml,true,33.84,33.83,apollon094
hardware-verification-bv/btor2c-lazyMod.usb_phy.yml,false(unreach-call),33.92,33.91,apollon062
hardware-verification-bv/btor2c-lazyMod.vis_arrays_two_p1.yml,false(unreach-call),33.93,33.9,apollon099
product-lines/email_spec6_productSimulator.cil.yml,true,33.95,33.97,apollon134
hardware-verification-bv/btor2c-lazyMod.peterson.5.prop1-func-interl.yml,false(unreach-call),34.0,33.99,apollon111
product-lines/email_spec27_productSimulator.cil.yml,false(unreach-call),34.23,34.25,apollon130
array-crafted/bAnd2.yml,true,34.26,34.25,apollon160
array-programs/partial_mod_count_limited_5.yml,true,34.26,34.25,apollon110
seq-mthreaded/rekcba_ctm.4.yml,true,34.27,34.26,apollon168
product-lines/email_spec1_productSimulator.cil.yml,true,34.48,34.46,apollon075
busybox-1.22.0/sleep-4.yml,false(no-overflow),34.55,34.54,apollon166
hardware-verification-bv/btor2c-lazyMod.peg_solitaire.5.prop1-back-serstep.yml,false(unreach-call),34.62,34.61,apollon062
neural-networks/poly_32_32_32_thresh_3_unsafe.c-amalgamation.yml,false(unreach-call),34.86,34.82,apollon167
Juliet_Test/CWE190_Integer_Overflow__int_fgets_square_44_good.yml,true,34.91,34.86,apollon124
hardware-verification-bv/btor2c-lazyMod.lann.8.prop1-func-interl.yml,false(unreach-call),35.0,34.99,apollon098
memory-model/4SB.yml,false(unreach-call),35.02,35.02,apollon085
eca-rers2012/Problem06_label12.yml,false(unreach-call),35.52,35.51,apollon104
nla-digbench-scaling/cohendiv-ll_unwindbound10.yml,true,35.64,35.64,apollon148
nla-digbench-scaling/prod4br-ll_valuebound20.yml,true,35.69,35.68,apollon082
eca-rers2012/Problem06_label33.yml,false(unreach-call),35.7,35.7,apollon142
neural-networks/poly_4_4_4_4_thresh_3_unsafe.c-amalgamation.yml,false(unreach-call),35.75,35.73,apollon110
eca-rers2012/Problem14_label14.yml,false(unreach-call),35.81,35.79,apollon066
ldv-linux-3.4-simple/43_1a_cilled_ok_nondet_linux-43_1a-drivers--net--ppp--bsd_comp.ko-ldv_main0_sequence_infinite_withcheck_stateful.cil.out.yml,false(valid-deref),35.93,35.92,apollon126
hardware-verification-bv/btor2c-lazyMod.frogs.2.prop1-back-serstep.yml,false(unreach-call),35.96,35.93,apollon101
nla-digbench-scaling/lcm1_valuebound20.yml,true,35.99,35.98,apollon106
seq-mthreaded/rekh_nxt.2.M4-2.yml,false(unreach-call),36.09,36.07,apollon110
nla-digbench-scaling/lcm1_valuebound10.yml,true,36.3,36.29,apollon137
eca-rers2012/Problem11_label42.yml,false(unreach-call),36.3,36.3,apollon111
neural-networks/poly_4_4_4_4_thresh_5_unsafe.c-amalgamation.yml,false(unreach-call),36.37,36.34,apollon133
nla-digbench-scaling/fermat1-ll_valuebound10.yml,true,36.39,36.39,apollon106
eca-rers2012/Problem06_label48.yml,false(unreach-call),36.64,36.62,apollon073
combinations/square_8+soft_float_1-2a.c.cil.yml,true,36.74,36.73,apollon102
seq-mthreaded/rekh_nxt.1.M4-2.yml,true,36.8,36.79,apollon076
list-ext3-properties/sll_nondet_insert-2.yml,true,36.82,36.81,apollon101
ldv-linux-4.2-rc1/linux-4.2-rc1.tar.xz-32_7a-drivers--misc--sgi-gru--gru.ko-entry_point.cil.out.yml,false(valid-deref),36.85,36.83,apollon144
pthread/fib_unsafe-7.yml,false(unreach-call),36.92,36.89,apollon131
hardware-verification-bv/btor2c-lazyMod.loyd.2.prop1-back-serstep.yml,false(unreach-call),36.94,36.92,apollon108
hardware-verification-bv/btor2c-lazyMod.circular_pointer_top_w32_d16_e0.yml,false(unreach-call),36.95,36.94,apollon096
ldv-linux-3.4-simple/43_1a_cilled_ok_nondet_linux-43_1a-drivers--usb--image--mdc800.ko-ldv_main0_sequence_infinite_withcheck_stateful.cil.out.yml,true,36.98,36.97,apollon095
pthread/stateful01-1.yml,true,37.06,37.05,apollon160
eca-rers2012/Problem06_label00.yml,false(unreach-call),37.08,37.07,apollon109
Juliet_Test/CWE190_Integer_Overflow__int_fgets_square_68_good.yml,true,37.27,37.25,apollon071
nla-digbench-scaling/lcm2_valuebound100.yml,true,37.31,37.3,apollon110
hardware-verification-bv/btor2c-lazyMod.gear.1.prop4-func-interl.yml,false(unreach-call),37.31,37.28,apollon068
recursified_loop-simple/recursified_nested_6.yml,true,37.32,37.28,apollon166
hardware-verification-bv/btor2c-lazyMod.peterson.6.prop1-func-interl.yml,false(unreach-call),37.4,37.39,apollon111
Juliet_Test/CWE190_Integer_Overflow__int_fgets_square_42_good.yml,true,37.64,37.59,apollon163
nla-digbench-scaling/fermat1-ll_valuebound20.yml,true,37.65,37.64,apollon097
seq-mthreaded/rekh_ctm.3-2.yml,false(unreach-call),37.73,37.74,apollon142
nla-digbench-scaling/mannadiv_unwindbound20.yml,true,37.78,37.77,apollon131
hardware-verification-bv/btor2c-lazyMod.arbitrated_top_n4_w8_d16_e0.yml,false(unreach-call),37.78,37.77,apollon115
hardware-verification-bv/btor2c-lazyMod.gear.2.prop4-func-interl.yml,false(unreach-call),37.84,37.83,apollon107
ldv-linux-3.4-simple/32_1_cilled_ok_nondet_linux-3.4-32_1-drivers--net--wireless--ath--ath6kl--ath6kl_usb.ko-ldv_main0_sequence_infinite_withcheck_stateful.cil.out.yml,false(valid-deref),37.88,37.86,apollon078
ldv-linux-3.16-rc1/43_2a_consumption_linux-3.16-rc1.tar.xz-43_2a-drivers--net--wireless--zd1211rw--zd1211rw.ko-entry_point.cil.out.yml,false(valid-deref),38.03,38.04,apollon082
loop-lit/afnp2014.yml,true,38.19,38.18,apollon079
Juliet_Test/CWE190_Integer_Overflow__int_fgets_square_52_good.yml,true,38.24,38.2,apollon063
float-benchs/cos_polynomial.yml,true,38.41,38.4,apollon116
ldv-linux-3.4-simple/43_1a_cilled_ok_nondet_linux-43_1a-drivers--media--dvb--dvb-usb--dvb-usb-az6027.ko-ldv_main0_sequence_infinite_withcheck_stateful.cil.out.yml,false(valid-deref),38.69,38.69,apollon096
Juliet_Test/CWE190_Integer_Overflow__int64_t_max_square_05_good.yml,true,38.85,38.84,apollon136
eca-rers2012/Problem06_label56.yml,false(unreach-call),38.87,38.86,apollon061
recursified_loop-crafted/recursified_simple_array_index_value_2.yml,true,38.89,38.85,apollon069
combinations/Problem05_label46+token_ring.04.cil-2.yml,false(unreach-call),38.98,38.98,apollon160
Juliet_Test/CWE190_Integer_Overflow__int64_t_max_square_10_good.yml,true,39.1,39.09,apollon117
Juliet_Test/CWE190_Integer_Overflow__int_fgets_square_41_good.yml,true,39.13,39.1,apollon105
hardware-verification-bv/btor2c-lazyMod.brp.2.prop1-func-interl.yml,false(unreach-call),39.16,39.14,apollon078
Juliet_Test/CWE190_Integer_Overflow__int_fgets_square_64_good.yml,true,39.19,39.15,apollon159
eca-rers2012/Problem11_label58.yml,false(unreach-call),39.2,39.19,apollon089
ldv-linux-3.4-simple/43_1a_cilled_ok_nondet_linux-43_1a-drivers--input--touchscreen--penmount.ko-ldv_main0_sequence_infinite_withcheck_stateful.cil.out.yml,false(unreach-call),39.62,39.63,apollon134
Juliet_Test/CWE190_Integer_Overflow__int64_t_max_square_14_good.yml,true,39.71,39.7,apollon070
weaver/chl-name-comparator-symm.wvr.yml,true,39.71,39.69,apollon076
combinations/square_8+soft_float_3a.c.cil.yml,true,39.72,39.71,apollon116
seq-mthreaded/pals_floodmax.4.ufo.BOUNDED-8.pals.yml,true,39.99,40.02,apollon133
Juliet_Test/CWE190_Integer_Overflow__int_fgets_square_16_good.yml,true,40.2,40.15,apollon093
recursified_loop-crafted/recursified_simple_array_index_value_3.yml,true,40.22,40.2,apollon142
product-lines/email_spec7_productSimulator.cil.yml,true,40.29,40.27,apollon159
Juliet_Test/CWE190_Integer_Overflow__int_fscanf_square_02_good.yml,true,40.38,40.37,apollon137
Juliet_Test/CWE190_Integer_Overflow__int64_t_max_square_08_good.yml,true,40.41,40.4,apollon111
Juliet_Test/CWE190_Integer_Overflow__int_fscanf_square_10_good.yml,true,40.47,40.47,apollon154
seq-mthreaded/rekh_aso.3.M4.yml,false(unreach-call),40.54,40.52,apollon060
product-lines/email_spec27_productSimulator.cil.yml,true,40.63,40.61,apollon094
Juliet_Test/CWE190_Integer_Overflow__int64_t_max_square_06_good.yml,true,40.81,40.8,apollon070
Juliet_Test/CWE190_Integer_Overflow__int64_t_max_square_13_good.yml,true,40.81,40.81,apollon075
Juliet_Test/CWE190_Integer_Overflow__int64_t_max_square_03_good.yml,true,40.93,40.92,apollon118
Juliet_Test/CWE190_Integer_Overflow__int64_t_max_square_04_good.yml,true,41.07,41.06,apollon134
weaver/chl-name-comparator-trans.wvr.yml,true,41.08,41.06,apollon112
hardware-verification-bv/btor2c-lazyMod.cyclic_scheduler.4.prop1-func-interl.yml,false(unreach-call),41.18,41.15,apollon150
eca-rers2012/Problem06_label01.yml,false(unreach-call),41.23,41.22,apollon114
goblint-regression/13-privatized_32-traces-mine-vs-oplus-vs-meet_true.yml,true,41.24,41.24,apollon111
hardware-verification-bv/btor2c-lazyMod.arbitrated_top_n4_w16_d16_e0.yml,false(unreach-call),41.26,41.23,apollon118
hardware-verification-bv/btor2c-lazyMod.production_cell.2.prop1-back-serstep.yml,false(unreach-call),41.31,41.28,apollon127
nla-digbench-scaling/prodbin-ll_valuebound100.yml,true,41.39,41.39,apollon108
loop-lit/afnp2014.yml,true,41.56,41.54,apollon150
Juliet_Test/CWE190_Integer_Overflow__int64_t_max_square_22_good.yml,true,41.68,41.67,apollon129
seq-mthreaded/pals_lcr.8.ufo.BOUNDED-16.pals.yml,true,41.74,41.76,apollon164
combinations/square_8+soft_float_2a.c.cil.yml,true,41.74,41.74,apollon131
ldv-linux-4.2-rc1/linux-4.2-rc1.tar.xz-43_2a-drivers--net--ethernet--3com--3c589_cs.ko-entry_point.cil.out.yml,false(valid-free),41.84,41.82,apollon062
Juliet_Test/CWE190_Integer_Overflow__int_fgets_square_65_good.yml,true,41.9,41.86,apollon146
xcsp/AllInterval-018.yml,false(unreach-call),41.94,41.94,apollon128
product-lines/elevator_spec3_productSimulator.cil.yml,true,42.07,42.05,apollon071
ldv-linux-3.4-simple/32_1_cilled_ok_nondet_linux-3.4-32_1-drivers--media--dvb--dvb-usb--dvb-usb-dtt200u.ko-ldv_main1_sequence_infinite_withcheck_stateful.cil.out.yml,false(valid-free),42.08,42.07,apollon102
Juliet_Test/CWE190_Integer_Overflow__int_fgets_square_51_good.yml,true,42.12,42.08,apollon109
hardware-verification-bv/btor2c-lazyMod.leader_filters.2.prop1-func-interl.yml,false(unreach-call),42.15,42.13,apollon063
eca-rers2012/Problem06_label20.yml,false(unreach-call),42.18,42.16,apollon070
neural-networks/softsign_w4_r3_case_0_safe.c-amalgamation.yml,true,42.25,42.24,apollon141
Juliet_Test/CWE190_Integer_Overflow__int64_t_max_square_09_good.yml,true,42.4,42.44,apollon118
combinations/gcd_1+newton_2_6.yml,false(unreach-call),42.49,42.49,apollon142
Juliet_Test/CWE190_Integer_Overflow__int_fscanf_square_13_good.yml,true,42.59,42.59,apollon165
Juliet_Test/CWE190_Integer_Overflow__int_fscanf_square_06_good.yml,true,42.61,42.6,apollon079
nla-digbench-scaling/egcd2-ll_valuebound10.yml,true,42.81,42.81,apollon080
combinations/gcd_2+newton_1_5.yml,false(unreach-call),42.84,42.83,apollon093
hardware-verification-bv/btor2c-lazyMod.lamport.3.prop1-func-interl.yml,false(unreach-call),42.95,42.91,apollon092
nla-digbench-scaling/freire2_valuebound100.yml,true,43.01,43.01,apollon125
hardware-verification-bv/btor2c-lazyMod.train-gate.1.prop1-back-serstep.yml,false(unreach-call),43.05,43.03,apollon115
Juliet_Test/CWE190_Integer_Overflow__int_fscanf_square_15_good.yml,true,43.15,43.17,apollon157
Juliet_Test/CWE190_Integer_Overflow__int_fscanf_square_14_good.yml,true,43.17,43.16,apollon116
ldv-linux-3.4-simple/43_1a_cilled_ok_nondet_linux-43_1a-drivers--media--dvb--dvb-usb--dvb-usb-digitv.ko-ldv_main0_sequence_infinite_withcheck_stateful.cil.out.yml,false(valid-deref),43.17,43.16,apollon070
weaver/chl-name-comparator-subst.wvr.yml,true,43.31,43.31,apollon073
combinations/Problem05_label45+token_ring.01.cil-2.yml,false(unreach-call),43.4,43.4,apollon132
neural-networks/poly_64_64_thresh_4_unsafe.c-amalgamation.yml,false(unreach-call),43.46,43.4,apollon080
Juliet_Test/CWE190_Integer_Overflow__int_fscanf_square_04_good.yml,true,43.55,43.57,apollon127
seq-mthreaded/rekh_ctm.1.yml,true,43.71,43.7,apollon113
Juliet_Test/CWE190_Integer_Overflow__int_fscanf_square_09_good.yml,true,43.73,43.72,apollon121
Juliet_Test/CWE190_Integer_Overflow__int64_t_max_square_11_good.yml,true,43.99,43.97,apollon104
eca-rers2012/Problem11_label15.yml,false(unreach-call),44.01,43.99,apollon089
ldv-consumption/linux-3.8-rc1-32_7a-drivers--scsi--st.ko-ldv_main0.cil.out.yml,false(valid-deref),44.07,44.06,apollon145
Juliet_Test/CWE190_Integer_Overflow__int64_t_max_square_21_good.yml,true,44.14,44.12,apollon136
Juliet_Test/CWE190_Integer_Overflow__int_fscanf_square_12_good.yml,true,44.14,44.14,apollon067
hardware-verification-bv/btor2c-lazyMod.loyd.2.prop1-func-interl.yml,false(unreach-call),44.2,44.16,apollon138
combinations/square_8+soft_float_5a.c.cil.yml,true,44.41,44.42,apollon150
seq-mthreaded/rekh_ctm.2-2.yml,true,44.42,44.43,apollon142
goblint-coreutils/instrumented_interval_nohup_comb.yml,false(no-overflow),44.43,44.41,apollon070
combinations/Problem05_label45+token_ring.08.cil-2.yml,false(unreach-call),44.53,44.51,apollon112
Juliet_Test/CWE190_Integer_Overflow__int_fscanf_square_07_good.yml,true,44.59,44.58,apollon061
combinations/Problem05_label42+token_ring.01.cil-2.yml,false(unreach-call),44.75,44.73,apollon130
hardware-verification-bv/btor2c-lazyMod.arbitrated_top_n5_w8_d16_e0.yml,false(unreach-call),44.89,44.88,apollon115
floats-cbmc-regression/float4.yml,true,44.94,44.95,apollon088
hardware-verification-bv/btor2c-lazyMod.krebs.2.prop1-back-serstep.yml,false(unreach-call),44.97,44.94,apollon058
seq-mthreaded/pals_lcr.3_overflow.ufo.UNBOUNDED.pals.yml,true,44.99,44.97,apollon139
hardware-verification-bv/btor2c-lazyMod.arbitrated_top_n4_w32_d16_e0.yml,false(unreach-call),45.01,44.98,apollon086
Juliet_Test/CWE190_Integer_Overflow__int_fscanf_square_05_good.yml,true,45.15,45.15,apollon110
array-patterns/array24_pattern.yml,false(unreach-call),45.17,45.18,apollon132
xcsp/AllInterval-019.yml,false(unreach-call),45.23,45.22,apollon057
neural-networks/poly_512_thresh_4_unsafe.c-amalgamation.yml,false(unreach-call),45.39,45.32,apollon059
array-programs/partial_mod_count_limited_2.yml,true,45.43,45.44,apollon122
xcsp/AllInterval-016.yml,false(unreach-call),45.49,45.47,apollon073
neural-networks/softsign_w64_r1_case_0_unsafe.c-amalgamation.yml,false(unreach-call),45.55,45.54,apollon150
hardware-verification-bv/btor2c-lazyMod.arbitrated_top_n5_w16_d16_e0.yml,false(unreach-call),45.76,45.72,apollon125
nla-digbench-scaling/hard2_unwindbound50.yml,false(unreach-call),45.81,45.79,apollon142
combinations/Problem05_label42+token_ring.02.cil-2.yml,false(unreach-call),45.84,45.83,apollon098
neural-networks/poly_64_64_thresh_5_unsafe.c-amalgamation.yml,false(unreach-call),46.05,46.0,apollon106
hardware-verification-bv/btor2c-lazyMod.circular_pointer_top_w16_d16_e0.yml,false(unreach-call),46.18,46.15,apollon058
ldv-linux-3.4-simple/32_7_cpp_single_drivers-net-wireless-mwl8k.cil.out.yml,false(unreach-call),46.19,46.18,apollon117
hardware-verification-bv/btor2c-lazyMod.bakery.6.prop1-func-interl.yml,false(unreach-call),46.19,46.17,apollon164
seq-mthreaded/rekh_nxt.2.M4-1.yml,true,46.26,46.25,apollon076
nla-digbench-scaling/fermat2-ll_unwindbound5.yml,true,46.28,46.28,apollon072
combinations/Problem05_label46+token_ring.03.cil-1.yml,false(unreach-call),46.37,46.36,apollon130
seq-mthreaded-reduced/pals_lcr-var-start-time.3.1.ufo.UNBOUNDED.pals.c.v+sep-reducer.yml,false(unreach-call),46.37,46.36,apollon127
eca-rers2012/Problem06_label59.yml,false(unreach-call),46.48,46.46,apollon091
goblint-regression/13-privatized_32-traces-mine-vs-oplus-vs-meet_true.yml,true,46.63,46.63,apollon166
eca-rers2012/Problem11_label00.yml,false(unreach-call),46.65,46.63,apollon068
combinations/Problem05_label45+token_ring.02.cil-2.yml,false(unreach-call),46.81,46.79,apollon106
ldv-consumption/32_7a_cilled_linux-3.8-rc1-drivers--video--aty--radeonfb.ko-main.cil.out.yml,false(valid-deref),46.91,46.9,apollon122
Juliet_Test/CWE190_Integer_Overflow__int_fgets_square_53_good.yml,true,46.97,46.93,apollon101
Juliet_Test/CWE190_Integer_Overflow__int64_t_max_square_15_good.yml,true,47.16,47.17,apollon071
combinations/Problem05_label46+token_ring.01.cil-2.yml,false(unreach-call),47.33,47.34,apollon104
neural-networks/poly_64_64_thresh_3_unsafe.c-amalgamation.yml,false(unreach-call),47.41,47.34,apollon104
combinations/Problem05_label45+token_ring.03.cil-1.yml,false(unreach-call),47.41,47.41,apollon086
xcsp/Haystacks-10.yml,true,47.43,47.42,apollon140
Juliet_Test/CWE190_Integer_Overflow__int_fscanf_square_08_good.yml,true,47.55,47.57,apollon154
neural-networks/softsign_w4_r4_case_1_unsafe.c-amalgamation.yml,false(unreach-call),47.61,47.6,apollon063
pthread-ext/26_stack_cas_longest-1.yml,false(unreach-call),47.64,47.64,apollon104
ldv-linux-3.4-simple/43_1a_cilled_ok_nondet_linux-43_1a-drivers--media--video--gspca--gspca_finepix.ko-ldv_main0_sequence_infinite_withcheck_stateful.cil.out.yml,false(unreach-call),47.73,47.71,apollon103
hardware-verification-bv/btor2c-lazyMod.lann.3.prop1-func-interl.yml,false(unreach-call),47.76,47.73,apollon092
Juliet_Test/CWE190_Integer_Overflow__int_fscanf_square_11_good.yml,true,47.81,47.81,apollon120
eca-rers2012/Problem06_label21.yml,false(unreach-call),48.02,48.03,apollon106
xcsp/AllInterval-017.yml,false(unreach-call),48.04,48.03,apollon071
hardware-verification-bv/btor2c-lazyMod.brp.3.prop1-func-interl.yml,false(unreach-call),48.05,48.03,apollon083
reducercommutativity/avg05-1.yml,true,48.16,48.16,apollon107
Juliet_Test/CWE190_Integer_Overflow__int_fscanf_square_03_good.yml,true,48.28,48.29,apollon066
eca-rers2012/Problem06_label04.yml,false(unreach-call),48.46,48.46,apollon154
combinations/Problem05_label43+token_ring.01.cil-2.yml,false(unreach-call),48.8,48.8,apollon089
pthread/stateful01-2.yml,true,48.99,48.98,apollon080
ldv-linux-3.4-simple/32_7_cilled_const_ok_linux-32_1-drivers--usb--image--microtek.ko-ldv_main0_sequence_infinite_withcheck_stateful.cil.out.yml,false(unreach-call),49.21,49.22,apollon069
seq-mthreaded-reduced/pals_lcr-var-start-time.3.1.ufo.BOUNDED-6.pals.c.v+sep-reducer.yml,false(unreach-call),49.32,49.32,apollon106
reducercommutativity/max10-1.yml,true,49.47,49.47,apollon112
hardware-verification-bv/btor2c-lazyMod.lamport_nonatomic.3.prop1-func-interl.yml,false(unreach-call),49.47,49.43,apollon138
ldv-commit-tester/main0_drivers-net-wireless-ath-carl9170-carl9170-ko--32_7a--8a9f335.yml,false(valid-deref),49.7,49.69,apollon082
combinations/Problem05_label43+token_ring.02.cil-2.yml,false(unreach-call),49.8,49.81,apollon089
neural-networks/softsign_w8_r2_case_0_safe.c-amalgamation.yml,true,50.49,50.5,apollon077
Juliet_Test/CWE190_Integer_Overflow__int64_t_max_square_07_good.yml,true,50.9,50.91,apollon106
hardware-verification-bv/btor2c-lazyMod.cambridge.6.prop1-back-serstep.yml,false(unreach-call),50.94,50.91,apollon113
goblint-coreutils/instrumented_nohup_comb.yml,false(no-overflow),51.07,51.07,apollon111
combinations/Problem05_label49+token_ring.08.cil-2.yml,false(unreach-call),51.23,51.22,apollon068
hardware-verification-bv/btor2c-lazyMod.cambridge.7.prop1-back-serstep.yml,false(unreach-call),51.32,51.29,apollon101
seq-mthreaded/pals_floodmax.3_overflow.ufo.UNBOUNDED.pals.yml,true,51.37,51.34,apollon082
neural-networks/tanh_w64_r1_case_1_safe.c-amalgamation.yml,false(unreach-call),51.39,51.36,apollon066
combinations/Problem05_label42+token_ring.04.cil-2.yml,false(unreach-call),51.39,51.37,apollon146
hardware-verification-bv/btor2c-lazyMod.at.6.prop1-func-interl.yml,false(unreach-call),51.42,51.39,apollon061
hardware-verification-bv/btor2c-lazyMod.v_DAIO.yml,false(unreach-call),51.61,51.6,apollon160
eca-rers2012/Problem15_label33.yml,false(unreach-call),51.77,51.75,apollon120
combinations/Problem05_label46+token_ring.02.cil-2.yml,false(unreach-call),51.81,51.8,apollon096
combinations/Problem05_label43+token_ring.04.cil-2.yml,false(unreach-call),51.94,51.92,apollon060
combinations/Problem05_label49+token_ring.02.cil-2.yml,false(unreach-call),51.94,51.95,apollon136
ldv-linux-3.4-simple/32_1_cilled_ok_nondet_linux-3.4-32_1-drivers--staging--iio--dds--ad9832.ko-ldv_main0_sequence_infinite_withcheck_stateful.cil.out.yml,false(valid-deref),52.05,52.04,apollon100
hardware-verification-bv/btor2c-lazyMod.cambridge.6.prop1-func-interl.yml,false(unreach-call),52.05,52.02,apollon082
combinations/Problem05_label45+token_ring.07.cil-2.yml,false(unreach-call),52.21,52.19,apollon068
hardware-verification-bv/btor2c-lazyMod.shift_register_top_w8_d16_e0.yml,false(unreach-call),52.29,52.27,apollon148
neural-networks/tanh_w64_r2_case_1_unsafe.c-amalgamation.yml,false(unreach-call),52.33,52.3,apollon117
ldv-linux-3.4-simple/43_1a_cilled_ok_nondet_linux-43_1a-drivers--media--dvb--dvb-usb--dvb-usb-dibusb-mb.ko-ldv_main0_sequence_infinite_withcheck_stateful.cil.out.yml,false(valid-deref),52.4,52.4,apollon155
busybox-1.22.0/realpath-1.yml,false(valid-deref),52.4,52.39,apollon072
ntdrivers/floppy.i.cil-3.yml,true,52.41,52.39,apollon059
combinations/Problem05_label45+token_ring.05.cil-2.yml,false(unreach-call),52.43,52.42,apollon069
hardware-verification-bv/btor2c-lazyMod.brp.5.prop1-func-interl.yml,false(unreach-call),52.48,52.45,apollon090
combinations/Problem05_label45+token_ring.06.cil-1.yml,false(unreach-call),53.63,53.66,apollon130
hardware-verification-bv/btor2c-lazyMod.brp.4.prop1-func-interl.yml,false(unreach-call),53.79,53.77,apollon105
Juliet_Test/CWE190_Integer_Overflow__int64_t_max_square_02_good.yml,true,53.8,53.78,apollon061
ldv-linux-4.2-rc1/linux-4.2-rc1.tar.xz-08_1a-drivers--media--usb--dvb-usb--dvb-usb-dw2102.ko-entry_point.cil.out.yml,false(valid-memtrack),53.82,53.84,apollon154
loop-acceleration/array_2-1.yml,false(unreach-call),53.89,53.87,apollon155
hardware-verification-bv/btor2c-lazyMod.production_cell.4.prop1-back-serstep.yml,false(unreach-call),54.13,54.09,apollon143
combinations/Problem05_label46+token_ring.07.cil-2.yml,false(unreach-call),54.16,54.15,apollon086
neural-networks/poly_512_thresh_3_unsafe.c-amalgamation.yml,false(unreach-call),54.45,54.37,apollon151
seq-mthreaded/pals_lcr-var-start-time.6.ufo.BOUNDED-12.pals.yml,true,54.74,54.73,apollon168
hardware-verification-bv/btor2c-lazyMod.itc99_b12.yml,false(unreach-call),54.8,54.78,apollon127
hardware-verification-bv/btor2c-lazyMod.arbitrated_top_n2_w16_d32_e0.yml,false(unreach-call),54.9,54.87,apollon140
busybox-1.22.0/sleep-1.yml,false(valid-deref),54.93,54.92,apollon058
ldv-linux-4.0-rc1-mav/linux-4.0-rc1---drivers--scsi--BusLogic.ko.cil.yml,true,54.95,54.94,apollon148
hardware-verification-bv/btor2c-lazyMod.msmie.2.prop1-func-interl.yml,false(unreach-call),55.07,55.06,apollon058
combinations/Problem05_label45+token_ring.11.cil-1.yml,false(unreach-call),55.3,55.29,apollon081
combinations/Problem05_label49+token_ring.03.cil-1.yml,false(unreach-call),55.37,55.36,apollon101
floats-cdfpl/sine_8.yml,true,55.71,55.71,apollon089
ldv-consumption/32_7a_cilled_linux-3.8-rc1-drivers--vfio--pci--vfio-pci.ko-main.cil.out.yml,false(valid-deref),56.04,56.02,apollon116
nla-digbench-scaling/prod4br-ll_unwindbound5.yml,true,56.06,56.06,apollon139
product-lines/email_spec0_productSimulator.cil.yml,false(unreach-call),56.07,56.05,apollon159
seq-mthreaded/rekh_nxt.3.M4.yml,true,56.16,56.15,apollon124
nla-digbench-scaling/egcd2-ll_valuebound2.yml,true,56.18,56.17,apollon165
seq-mthreaded-reduced/pals_lcr.5.1.ufo.UNBOUNDED.pals.c.v+sep-reducer.yml,false(unreach-call),56.27,56.25,apollon158
nla-digbench-scaling/freire1_valuebound5.yml,true,56.7,56.7,apollon070
nla-digbench-scaling/fermat2-ll_valuebound50.yml,true,56.92,56.91,apollon089
hardware-verification-bv/btor2c-lazyMod.peg_solitaire.5.prop1-func-interl.yml,false(unreach-call),57.1,57.07,apollon082
combinations/square_8+soft_float_4-2a.c.cil.yml,true,57.11,57.12,apollon150
pthread/fib_safe-5.yml,true,57.12,57.1,apollon096
Juliet_Test/CWE190_Integer_Overflow__int_listen_socket_square_52_good.yml,true,57.24,57.2,apollon063
weaver/parallel-ticket-6.wvr.yml,true,57.41,57.4,apollon103
ldv-linux-3.4-simple/32_1_cilled_ok_nondet_linux-3.4-32_1-drivers--scsi--iscsi_boot_sysfs.ko-ldv_main0_sequence_infinite_withcheck_stateful.cil.out.yml,false(unreach-call),57.5,57.48,apollon060
combinations/Problem05_label45+token_ring.04.cil-2.yml,false(unreach-call),57.55,57.54,apollon135
combinations/Problem05_label46+token_ring.05.cil-2.yml,false(unreach-call),57.57,57.55,apollon100
ldv-linux-3.4-simple/32_1_cilled_ok_nondet_linux-3.4-32_1-drivers--media--common--tuners--mc44s803.ko-ldv_main0_sequence_infinite_withcheck_stateful.cil.out.yml,false(valid-free),57.65,57.64,apollon153
combinations/gcd_3+newton_2_7.yml,false(unreach-call),57.71,57.71,apollon141
combinations/Problem05_label49+token_ring.01.cil-2.yml,false(unreach-call),57.77,57.76,apollon167
Juliet_Test/CWE190_Integer_Overflow__int_connect_socket_square_17_good.yml,true,57.82,57.75,apollon132
hardware-verification-bv/btor2c-lazyMod.lann.7.prop1-func-interl.yml,false(unreach-call),58.07,58.03,apollon073
hardware-verification-bv/btor2c-lazyMod.blocks.3.prop1-back-serstep.yml,false(unreach-call),58.21,58.18,apollon150
combinations/Problem05_label45+token_ring.09.cil-2.yml,false(unreach-call),58.81,58.82,apollon099
combinations/Problem05_label43+token_ring.11.cil-1.yml,false(unreach-call),59.02,59.01,apollon131
combinations/Problem05_label42+token_ring.08.cil-2.yml,false(unreach-call),59.23,59.22,apollon148
ldv-linux-3.4-simple/43_1a_cilled_ok_nondet_linux-43_1a-drivers--isdn--hardware--avm--t1pci.ko-ldv_main0_sequence_infinite_withcheck_stateful.cil.out.yml,false(unreach-call),59.51,59.49,apollon089
ldv-linux-4.2-rc1/linux-4.2-rc1.tar.xz-32_7a-drivers--scsi--3w-9xxx.ko-entry_point.cil.out.yml,false(valid-deref),59.93,59.94,apollon115
neural-networks/poly_1024_thresh_5_unsafe.c-amalgamation.yml,false(unreach-call),60.0,59.9,apollon163
combinations/Problem05_label49+token_ring.04.cil-2.yml,false(unreach-call),60.2,60.18,apollon096
hardware-verification-bv/btor2c-lazyMod.arbitrated_top_n2_w8_d32_e0.yml,false(unreach-call),60.23,60.19,apollon152
combinations/gcd_1+newton_2_7.yml,false(unreach-call),60.42,60.41,apollon152
product-lines/email_spec11_productSimulator.cil.yml,false(unreach-call),60.45,60.46,apollon142
combinations/Problem05_label45+token_ring.12.cil-1.yml,false(unreach-call),60.47,60.52,apollon118
seq-mthreaded-reduced/pals_lcr.5.1.ufo.BOUNDED-10.pals.c.v+sep-reducer.yml,false(unreach-call),60.6,60.59,apollon084
ldv-commit-tester/main0_drivers-net-wireless-ath-carl9170-carl9170-ko--32_7a--8a9f335-1.yml,false(valid-deref),60.71,60.72,apollon071
combinations/Problem05_label43+token_ring.14.cil.yml,false(unreach-call),60.88,60.87,apollon111
ldv-linux-3.4-simple/32_1_cilled_ok_nondet_linux-3.4-32_1-drivers--input--touchscreen--penmount.ko-ldv_main0_sequence_infinite_withcheck_stateful.cil.out.yml,false(unreach-call),60.96,60.98,apollon162
Juliet_Test/CWE190_Integer_Overflow__int_rand_square_13_good.yml,true,61.22,61.22,apollon096
weaver/parallel-ticket-8.wvr.yml,true,61.41,61.42,apollon068
Juliet_Test/CWE190_Integer_Overflow__int_rand_square_22_good.yml,true,61.47,61.48,apollon088
eca-rers2012/Problem15_label25.yml,false(unreach-call),61.69,61.67,apollon120
combinations/Problem05_label49+token_ring.05.cil-2.yml,false(unreach-call),61.7,61.71,apollon146
Juliet_Test/CWE190_Integer_Overflow__int_rand_square_06_good.yml,true,61.78,61.77,apollon100
hardware-verification-bv/btor2c-lazyMod.circular_pointer_top_w8_d32_e0.yml,false(unreach-call),61.81,61.78,apollon120
Juliet_Test/CWE190_Integer_Overflow__int_rand_square_04_good.yml,true,62.0,61.99,apollon058
combinations/Problem05_label42+token_ring.07.cil-2.yml,false(unreach-call),62.08,62.09,apollon145
Juliet_Test/CWE190_Integer_Overflow__int_connect_socket_square_34_good.yml,true,62.1,62.04,apollon078
ldv-linux-3.4-simple/32_1_cilled_ok_nondet_linux-3.4-32_1-drivers--media--common--tuners--mt20xx.ko-ldv_main0_sequence_infinite_withcheck_stateful.cil.out.yml,false(valid-free),62.11,62.1,apollon124
hardware-verification-bv/btor2c-lazyMod.brp.6.prop1-func-interl.yml,false(unreach-call),62.16,62.11,apollon121
combinations/Problem05_label42+token_ring.05.cil-2.yml,false(unreach-call),62.2,62.18,apollon094
nla-digbench-scaling/freire1_valuebound10.yml,true,62.46,62.47,apollon065
seq-mthreaded/pals_lcr.6_overflow.ufo.UNBOUNDED.pals.yml,true,62.55,62.53,apollon135
combinations/Problem05_label49+token_ring.10.cil-1.yml,false(unreach-call),62.66,62.69,apollon162
ldv-linux-4.2-rc1/linux-4.2-rc1.tar.xz-43_2a-drivers--net--ethernet--mellanox--mlx4--mlx4_en.ko-entry_point.cil.out.yml,false(valid-deref),62.67,62.66,apollon161
Juliet_Test/CWE190_Integer_Overflow__int_listen_socket_square_17_good.yml,true,62.91,62.87,apollon115
neural-networks/poly_32_32_32_32_thresh_4_unsafe.c-amalgamation.yml,false(unreach-call),63.09,63.05,apollon065
Juliet_Test/CWE190_Integer_Overflow__int_listen_socket_square_45_good.yml,true,63.18,63.12,apollon080
nla-digbench-scaling/geo3-ll_valuebound10.yml,true,63.18,63.18,apollon138
Juliet_Test/CWE190_Integer_Overflow__int_listen_socket_square_18_good.yml,true,63.26,63.21,apollon077
combinations/Problem05_label42+token_ring.14.cil.yml,false(unreach-call),63.53,63.52,apollon158
Juliet_Test/CWE190_Integer_Overflow__int_rand_square_12_good.yml,true,63.55,63.55,apollon145
hardware-verification-bv/btor2c-lazyMod.gear.1.prop3-func-interl.yml,false(unreach-call),63.56,63.56,apollon150
ldv-linux-4.2-rc1/linux-4.2-rc1.tar.xz-32_7a-drivers--net--ethernet--mellanox--mlx4--mlx4_en.ko-entry_point.cil.out.yml,false(valid-deref),63.77,63.75,apollon113
Juliet_Test/CWE190_Integer_Overflow__int_listen_socket_square_41_good.yml,true,63.87,63.83,apollon062
Juliet_Test/CWE190_Integer_Overflow__int_rand_square_11_good.yml,true,63.99,63.98,apollon143
combinations/Problem05_label42+token_ring.03.cil-1.yml,false(unreach-call),64.07,64.05,apollon103
hardware-verification-bv/btor2c-lazyMod.gear.2.prop3-func-interl.yml,false(unreach-call),64.08,64.04,apollon095
Juliet_Test/CWE190_Integer_Overflow__int_listen_socket_square_61_good.yml,true,64.12,64.08,apollon081
combinations/Problem05_label49+token_ring.09.cil-2.yml,false(unreach-call),64.14,64.13,apollon149
ldv-consumption/linux-3.8-rc1-32_7a-drivers--net--wireless--mwl8k.ko-ldv_main0.cil.out.yml,false(unreach-call),64.22,64.2,apollon089
Juliet_Test/CWE190_Integer_Overflow__int_rand_square_21_good.yml,true,64.32,64.31,apollon122
combinations/gcd_3+newton_2_6.yml,false(unreach-call),64.41,64.39,apollon086
eca-rers2012/Problem15_label37.yml,false(unreach-call),64.52,64.51,apollon093
nla-digbench-scaling/egcd2-ll_unwindbound5.yml,true,64.98,65.03,apollon165
nla-digbench-scaling/bresenham-ll_valuebound20.yml,true,65.07,65.09,apollon102
ldv-linux-3.4-simple/43_1a_cilled_ok_nondet_linux-43_1a-drivers--message--i2o--i2o_scsi.ko-ldv_main0_sequence_infinite_withcheck_stateful.cil.out.yml,false(valid-deref),65.08,65.1,apollon120
combinations/Problem05_label49+token_ring.07.cil-2.yml,false(unreach-call),65.15,65.13,apollon126
Juliet_Test/CWE190_Integer_Overflow__int_listen_socket_square_01_good.yml,true,65.2,65.14,apollon146
Juliet_Test/CWE190_Integer_Overflow__int_connect_socket_square_67_good.yml,true,65.22,65.16,apollon158
combinations/Problem05_label43+token_ring.05.cil-2.yml,false(unreach-call),65.26,65.24,apollon142
Juliet_Test/CWE190_Integer_Overflow__int_connect_socket_square_51_good.yml,true,65.3,65.23,apollon168
Juliet_Test/CWE190_Integer_Overflow__int_listen_socket_square_64_good.yml,true,65.35,65.29,apollon116
seq-mthreaded/rekcba_aso.2.M4-1.yml,false(unreach-call),65.4,65.41,apollon067
Juliet_Test/CWE190_Integer_Overflow__int_connect_socket_square_18_good.yml,true,65.42,65.35,apollon061
hardware-verification-bv/btor2c-lazyMod.firewire_tree.2.prop3-back-serstep.yml,false(unreach-call),65.46,65.42,apollon157
hardware-verification-bv/btor2c-lazyMod.cambridge.7.prop1-func-interl.yml,false(unreach-call),65.46,65.43,apollon090
combinations/Problem05_label46+token_ring.08.cil-2.yml,false(unreach-call),65.6,65.58,apollon116
Juliet_Test/CWE190_Integer_Overflow__int_connect_socket_square_61_good.yml,true,65.66,65.59,apollon140
Juliet_Test/CWE190_Integer_Overflow__int_rand_square_09_good.yml,true,65.9,65.92,apollon145
ldv-linux-4.2-rc1/linux-4.2-rc1.tar.xz-32_7a-drivers--media--usb--hdpvr--hdpvr.ko-entry_point.cil.out.yml,false(unreach-call),66.01,66.0,apollon080
seq-mthreaded/rekh_ctm.3-1.yml,true,66.02,66.01,apollon144
Juliet_Test/CWE190_Integer_Overflow__int_connect_socket_square_53_good.yml,true,66.04,65.97,apollon059
combinations/Problem05_label42+token_ring.09.cil-2.yml,false(unreach-call),66.27,66.26,apollon163
Juliet_Test/CWE190_Integer_Overflow__int_listen_socket_square_65_good.yml,true,66.54,66.48,apollon158
hardware-verification-bv/btor2c-lazyMod.arbitrated_top_n2_w32_d32_e0.yml,false(unreach-call),66.54,66.53,apollon162
ldv-linux-3.4-simple/32_1_cilled_ok_nondet_linux-3.4-32_1-drivers--staging--telephony--ixj_pcmcia.ko-ldv_main0_sequence_infinite_withcheck_stateful.cil.out.yml,false(valid-free),66.58,66.6,apollon091
Juliet_Test/CWE190_Integer_Overflow__int_listen_socket_square_53_good.yml,true,66.7,66.63,apollon105
Juliet_Test/CWE190_Integer_Overflow__int_rand_square_08_good.yml,true,66.71,66.7,apollon146
Juliet_Test/CWE190_Integer_Overflow__int_listen_socket_square_34_good.yml,true,66.82,66.76,apollon091
neural-networks/tanh_w64_r1_case_0_unsafe.c-amalgamation.yml,false(unreach-call),66.86,66.84,apollon096
combinations/Problem05_label43+token_ring.07.cil-2.yml,false(unreach-call),66.88,66.86,apollon090
ldv-linux-3.4-simple/32_1_cilled_ok_nondet_linux-3.4-32_1-drivers--media--dvb--frontends--stb6000.ko-ldv_main0_sequence_infinite_withcheck_stateful.cil.out.yml,false(valid-free),66.92,66.96,apollon165
coreutils-v8.31/uniq_3args_klee-sa_ko_257-267-292_csa_nd.yml,false(valid-deref),66.96,66.93,apollon148
combinations/Problem05_label43+token_ring.09.cil-2.yml,false(unreach-call),66.97,66.99,apollon077
Juliet_Test/CWE190_Integer_Overflow__int_listen_socket_square_63_good.yml,true,67.07,67.01,apollon149
combinations/gcd_4+newton_1_1.yml,true,67.13,67.15,apollon121
Juliet_Test/CWE190_Integer_Overflow__int_connect_socket_square_41_good.yml,true,67.19,67.13,apollon106
Juliet_Test/CWE190_Integer_Overflow__int_listen_socket_square_67_good.yml,true,67.21,67.14,apollon072
product-lines/email_spec0_productSimulator.cil.yml,true,67.62,67.61,apollon062
Juliet_Test/CWE190_Integer_Overflow__int_connect_socket_square_01_good.yml,true,67.65,67.59,apollon063
Juliet_Test/CWE190_Integer_Overflow__int_listen_socket_square_51_good.yml,true,67.89,67.83,apollon057
ldv-linux-3.4-simple/32_1_cilled_ok_nondet_linux-3.4-32_1-drivers--media--common--tuners--tda18218.ko-ldv_main0_sequence_infinite_withcheck_stateful.cil.out.yml,false(valid-free),67.91,67.92,apollon168
Juliet_Test/CWE190_Integer_Overflow__int_connect_socket_square_64_good.yml,true,68.12,68.04,apollon065
Juliet_Test/CWE190_Integer_Overflow__int_listen_socket_square_66_good.yml,true,68.19,68.13,apollon109
nla-digbench-scaling/egcd3-ll_unwindbound5.yml,true,68.32,68.31,apollon076
coreutils-v8.31/uniq_3args_ok.yml,false(valid-deref),68.39,68.35,apollon131
coreutils-v8.31/join_3args_klee-sa_ko_273-295-314_csa_nd.yml,false(valid-deref),68.49,68.46,apollon058
neural-networks/softsign_w4_r4_case_0_safe.c-amalgamation.yml,true,68.69,68.7,apollon081
hardware-verification-bv/btor2c-lazyMod.szymanski.2.prop1-func-interl.yml,false(unreach-call),68.75,68.71,apollon107
combinations/Problem05_label42+token_ring.06.cil-1.yml,false(unreach-call),68.85,68.84,apollon092
eca-rers2012/Problem15_label15.yml,false(unreach-call),68.92,68.94,apollon113
Juliet_Test/CWE190_Integer_Overflow__int_connect_socket_square_68_good.yml,true,68.93,68.85,apollon138
combinations/Problem05_label49+token_ring.06.cil-1.yml,false(unreach-call),68.94,68.92,apollon136
Juliet_Test/CWE190_Integer_Overflow__int_listen_socket_square_31_good.yml,true,69.28,69.22,apollon141
Juliet_Test/CWE190_Integer_Overflow__int_connect_socket_square_16_good.yml,true,69.28,69.2,apollon122
Juliet_Test/CWE190_Integer_Overflow__int_connect_socket_square_66_good.yml,true,69.39,69.32,apollon133
floats-cdfpl/newton_1_5.yml,false(unreach-call),69.39,69.4,apollon115
Juliet_Test/CWE190_Integer_Overflow__int_listen_socket_square_42_good.yml,true,69.46,69.45,apollon149
floats-cdfpl/newton_1_1.yml,true,69.51,69.5,apollon078
Juliet_Test/CWE190_Integer_Overflow__int_rand_square_07_good.yml,true,69.58,69.57,apollon149
coreutils-v8.31/uniq_3args_klee-sa_ko_292_infer_nd.yml,false(valid-deref),69.64,69.6,apollon145
Juliet_Test/CWE190_Integer_Overflow__int_rand_square_05_good.yml,true,69.67,69.67,apollon057
seq-mthreaded/pals_opt-floodmax.3_overflow.ufo.UNBOUNDED.pals.yml,true,69.69,69.65,apollon152
Juliet_Test/CWE190_Integer_Overflow__int_connect_socket_square_54_good.yml,true,69.72,69.65,apollon099
hardware-verification-bv/btor2c-lazyMod.circular_pointer_top_w64_d16_e0.yml,false(unreach-call),69.8,69.79,apollon074
Juliet_Test/CWE190_Integer_Overflow__int_rand_square_02_good.yml,true,70.12,70.11,apollon128
Juliet_Test/CWE190_Integer_Overflow__int_rand_square_10_good.yml,true,70.13,70.14,apollon119
Juliet_Test/CWE190_Integer_Overflow__int_listen_socket_square_32_good.yml,true,70.38,70.32,apollon081
Juliet_Test/CWE190_Integer_Overflow__int_connect_socket_square_44_good.yml,true,70.38,70.33,apollon156
combinations/Problem05_label43+token_ring.13.cil-1.yml,false(unreach-call),70.45,70.45,apollon064
Juliet_Test/CWE190_Integer_Overflow__int_rand_square_03_good.yml,true,70.47,70.46,apollon154
combinations/gcd_4+newton_1_5.yml,false(unreach-call),70.48,70.49,apollon162
seq-mthreaded/pals_lcr.5_overflow.ufo.UNBOUNDED.pals.yml,true,70.68,70.66,apollon066
hardware-verification-bv/btor2c-lazyMod.circular_pointer_top_w16_d32_e0.yml,false(unreach-call),70.69,70.68,apollon058
combinations/Problem05_label45+token_ring.10.cil-1.yml,false(unreach-call),70.8,70.78,apollon072
loop-new/count_by_2.yml,true,70.9,70.89,apollon079
Juliet_Test/CWE190_Integer_Overflow__int_rand_square_15_good.yml,true,70.98,70.99,apollon153
combinations/Problem05_label49+token_ring.11.cil-1.yml,false(unreach-call),71.13,71.14,apollon086
coreutils-v8.31/uniq_3args_klee-sa_ko_513-654_csa_uaf.yml,false(valid-deref),71.42,71.41,apollon156
coreutils-v8.31/uniq_3args_klee-sa_ko_654_csa_nd.yml,false(valid-deref),71.81,71.78,apollon098
coreutils-v8.31/uniq_3args_klee-sa_ko_292_infer_uaf.yml,false(valid-deref),72.01,71.99,apollon119
combinations/Problem05_label43+token_ring.03.cil-1.yml,false(unreach-call),72.04,72.05,apollon119
product-lines/email_spec11_productSimulator.cil.yml,true,72.22,72.22,apollon105
combinations/Problem05_label45+token_ring.14.cil.yml,false(unreach-call),72.38,72.36,apollon114
ldv-linux-3.4-simple/32_1_cilled_ok_nondet_linux-3.4-32_1-drivers--staging--zram--zram.ko-ldv_main0_sequence_infinite_withcheck_stateful.cil.out.yml,false(valid-free),72.42,72.46,apollon142
combinations/Problem05_label42+token_ring.10.cil-1.yml,false(unreach-call),72.45,72.43,apollon078
aws-c-common/aws_hash_table_create_harness_negated.yml,false(unreach-call),72.49,72.47,apollon066
Juliet_Test/CWE190_Integer_Overflow__int_rand_square_14_good.yml,true,72.53,72.53,apollon072
coreutils-v8.31/join_3args_klee-sa_ko_768_csa_nd.yml,false(valid-deref),72.65,72.64,apollon164
hardware-verification-bv/btor2c-lazyMod.shift_register_top_w128_d8_e0.yml,false(unreach-call),72.74,72.73,apollon166
coreutils-v8.31/uniq_3args_klee-sa_ko_345-292_csa_nd.yml,false(valid-deref),72.88,72.84,apollon098
coreutils-v8.31/uniq_3args_klee-sa_ko_499-513-538-654_csa_uaf.yml,false(valid-deref),72.88,72.84,apollon116
ldv-linux-3.4-simple/43_1a_cilled_ok_nondet_linux-43_1a-drivers--hwmon--asus_atk0110.ko-ldv_main0_sequence_infinite_withcheck_stateful.cil.out.yml,false(valid-deref),72.9,72.89,apollon119
Juliet_Test/CWE190_Integer_Overflow__int_connect_socket_square_32_good.yml,true,73.18,73.11,apollon143
coreutils-v8.31/join_3args_klee-sa_ko_473-810_csa_nd.yml,false(valid-deref),73.2,73.17,apollon085
coreutils-v8.31/uniq_3args_klee-sa_ko_292_csa_uaf.yml,false(valid-deref),73.44,73.43,apollon124
Juliet_Test/CWE190_Integer_Overflow__int_connect_socket_square_65_good.yml,true,73.48,73.42,apollon143
loop-new/count_by_2.yml,true,73.49,73.49,apollon141
ldv-linux-3.4-simple/32_1_cilled_ok_nondet_linux-3.4-32_1-drivers--media--common--tuners--mt2060.ko-ldv_main0_sequence_infinite_withcheck_stateful.cil.out.yml,false(valid-free),73.83,73.83,apollon101
coreutils-v8.31/join_3args_klee-sa_ko_489_csa_uaf.yml,false(valid-deref),73.89,73.9,apollon098
seq-mthreaded/pals_lcr.4_overflow.ufo.UNBOUNDED.pals.yml,true,74.22,74.22,apollon146
ldv-consumption/32_7a_cilled_linux-3.8-rc1-drivers--tty--synclink.ko-main.cil.out.yml,false(valid-deref),74.31,74.34,apollon161
Juliet_Test/CWE190_Integer_Overflow__int_fscanf_square_21_good.yml,true,74.44,74.42,apollon070
combinations/Problem05_label43+token_ring.06.cil-1.yml,false(unreach-call),74.59,74.57,apollon153
busybox-1.22.0/sleep-2.yml,false(no-overflow),74.71,74.68,apollon150
ldv-linux-3.4-simple/43_1a_cilled_ok_nondet_linux-43_1a-drivers--isdn--hardware--avm--b1pci.ko-ldv_main0_sequence_infinite_withcheck_stateful.cil.out.yml,false(unreach-call),74.76,74.74,apollon165
Juliet_Test/CWE190_Integer_Overflow__int_connect_socket_square_45_good.yml,true,74.98,74.9,apollon081
hardware-verification-bv/btor2c-lazyMod.exit.4.prop1-back-serstep.yml,false(unreach-call),75.13,75.11,apollon096
hardware-verification-bv/btor2c-lazyMod.telephony.3.prop1-func-interl.yml,false(unreach-call),75.21,75.18,apollon121
recursive-simple/fibo_25-1.yml,false(unreach-call),75.25,75.21,apollon149
combinations/Problem05_label42+token_ring.15.cil.yml,false(unreach-call),75.29,75.3,apollon073
coreutils-v8.31/uniq_3args_klee-sa_ko_513-654_csa_nd.yml,false(valid-deref),75.36,75.33,apollon103
ldv-linux-3.12-rc1/linux-3.12-rc1.tar.xz-144_2a-drivers--media--usb--s2255--s2255drv.ko-entry_point.cil.out.yml,false(valid-memtrack),75.38,75.37,apollon096
neural-networks/poly_32_32_32_32_thresh_5_unsafe.c-amalgamation.yml,false(unreach-call),75.43,75.4,apollon166
nla-digbench-scaling/dijkstra-u_unwindbound20.yml,false(unreach-call),75.44,75.44,apollon080
Juliet_Test/CWE190_Integer_Overflow__int_connect_socket_square_31_good.yml,true,75.61,75.54,apollon146
combinations/Problem05_label49+token_ring.12.cil-1.yml,false(unreach-call),75.67,75.65,apollon148
combinations/Problem05_label43+token_ring.15.cil.yml,false(unreach-call),75.93,75.91,apollon148
coreutils-v8.31/uniq_3args_klee-sa_ko_654_csa_uaf.yml,false(valid-deref),75.93,75.89,apollon118
hardware-verification-bv/btor2c-lazyMod.train-gate.3.prop1-back-serstep.yml,false(unreach-call),76.07,76.02,apollon142
seq-mthreaded/pals_lcr.8_overflow.ufo.UNBOUNDED.pals.yml,true,76.19,76.16,apollon099
coreutils-v8.31/join_3args_klee-sa_ko_768_csa_uaf.yml,false(valid-deref),76.23,76.21,apollon136
Juliet_Test/CWE190_Integer_Overflow__int_connect_socket_square_52_good.yml,true,76.25,76.18,apollon139
coreutils-v8.31/join_3args_klee-sa_ko_273-295-314_csa_uaf.yml,false(valid-deref),76.3,76.26,apollon085
combinations/Problem05_label45+token_ring.13.cil-1.yml,false(unreach-call),76.37,76.35,apollon125
Juliet_Test/CWE190_Integer_Overflow__int_listen_socket_square_68_good.yml,true,76.54,76.49,apollon102
recursive-simple/fibo_2calls_25-1.yml,false(unreach-call),76.57,76.52,apollon148
combinations/Problem05_label46+token_ring.12.cil-1.yml,false(unreach-call),76.84,76.83,apollon105
coreutils-v8.31/uniq_3args_klee-sa_ko_292_csa_nd.yml,false(valid-deref),77.01,76.98,apollon061
combinations/Problem05_label49+token_ring.15.cil.yml,false(unreach-call),77.92,77.91,apollon152
ldv-linux-3.4-simple/32_1_cilled_ok_nondet_linux-3.4-32_1-drivers--media--dvb--frontends--tua6100.ko-ldv_main0_sequence_infinite_withcheck_stateful.cil.out.yml,false(valid-free),78.17,78.16,apollon143
coreutils-v8.31/join_3args_klee-sa_ko_473-810_csa_uaf.yml,false(valid-deref),78.3,78.28,apollon167
coreutils-v8.31/uniq_3args_klee-sa_ko_345-292_csa_uaf.yml,false(valid-deref),78.69,78.69,apollon137
combinations/Problem05_label49+token_ring.13.cil-1.yml,false(unreach-call),78.73,78.73,apollon162
coreutils-v8.31/join_3args_klee-sa_ko_489_csa_nd.yml,false(valid-deref),78.94,78.91,apollon074
seq-mthreaded/pals_lcr.7_overflow.ufo.UNBOUNDED.pals.yml,true,79.05,79.02,apollon122
combinations/Problem05_label46+token_ring.15.cil.yml,false(unreach-call),79.29,79.29,apollon164
ldv-linux-4.2-rc1/linux-4.2-rc1.tar.xz-43_2a-drivers--staging--lustre--lustre--obdecho--obdecho.ko-entry_point.cil.out.yml,false(valid-deref),79.39,79.46,apollon148
combinations/gcd_1+newton_3_6.yml,false(unreach-call),79.62,79.61,apollon085
ntdrivers/cdaudio.i.cil-1.yml,false(unreach-call),80.21,80.18,apollon067
combinations/Problem05_label46+token_ring.06.cil-1.yml,false(unreach-call),80.26,80.23,apollon164
array-patterns/array21_pattern.yml,false(unreach-call),80.66,80.64,apollon111
Juliet_Test/CWE190_Integer_Overflow__int_listen_socket_square_16_good.yml,true,80.67,80.61,apollon065
eca-rers2012/Problem15_label09.yml,false(unreach-call),80.71,80.7,apollon063
coreutils-v8.31/join_3args_ok.yml,false(valid-deref),80.85,80.86,apollon162
ldv-linux-3.4-simple/43_1a_cilled_ok_nondet_linux-43_1a-drivers--video--backlight--tdo24m.ko-ldv_main0_sequence_infinite_withcheck_stateful.cil.out.yml,false(unreach-call),80.92,80.9,apollon064
hardware-verification-bv/btor2c-lazyMod.blocks.3.prop1-func-interl.yml,false(unreach-call),81.39,81.38,apollon075
combinations/Problem05_label42+token_ring.11.cil-1.yml,false(unreach-call),81.48,81.46,apollon143
aws-c-common/aws_linked_list_pop_back_harness.yml,true,81.62,81.63,apollon140
Juliet_Test/CWE190_Integer_Overflow__int_connect_socket_square_42_good.yml,true,81.65,81.56,apollon115
neural-networks/softsign_w8_r4_case_1_unsafe.c-amalgamation.yml,false(unreach-call),81.7,81.71,apollon091
hardware-verification-bv/btor2c-lazyMod.arbitrated_top_n2_w64_d32_e0.yml,false(unreach-call),81.78,81.82,apollon118
ldv-linux-3.4-simple/43_1a_cilled_ok_nondet_linux-43_1a-drivers--net--arcnet--arc-rimi.ko-ldv_main0_sequence_infinite_withcheck_stateful.cil.out.yml,true,81.8,81.82,apollon101
Juliet_Test/CWE190_Integer_Overflow__int_listen_socket_square_54_good.yml,true,81.96,81.9,apollon155
ldv-linux-3.4-simple/32_1_cilled_ok_nondet_linux-3.4-32_1-drivers--usb--serial--iuu_phoenix.ko-ldv_main0_sequence_infinite_withcheck_stateful.cil.out.yml,false(valid-deref),82.22,82.21,apollon158
seq-mthreaded/pals_lcr.3_overflow.ufo.UNBOUNDED.pals.yml,false(unreach-call),82.28,82.29,apollon091
combinations/Problem05_label49+token_ring.14.cil.yml,false(unreach-call),82.35,82.38,apollon139
hardware-verification-bv/btor2c-lazyMod.brp2.1.prop1-back-serstep.yml,false(unreach-call),82.46,82.43,apollon165
neural-networks/poly_32_32_32_32_thresh_3_unsafe.c-amalgamation.yml,false(unreach-call),82.69,82.63,apollon067
loop-lit/gsv2008.yml,true,83.04,83.06,apollon113
combinations/Problem05_label43+token_ring.08.cil-2.yml,false(unreach-call),83.51,83.5,apollon130
coreutils-v8.31/join_3args_klee-sa_ko_489_infer_uaf.yml,false(valid-deref),84.05,84.04,apollon102
combinations/Problem05_label46+token_ring.13.cil-1.yml,false(unreach-call),84.33,84.33,apollon150
eca-rers2012/Problem15_label23.yml,false(unreach-call),84.47,84.47,apollon074
hardware-verification-bv/btor2c-lazyMod.lamport.2.prop1-func-interl.yml,false(unreach-call),84.81,84.78,apollon096
hardware-verification-bv/btor2c-lazyMod.extinction.3.prop1-back-serstep.yml,false(unreach-call),84.99,84.96,apollon132
coreutils-v8.31/uniq_3args_klee-sa_ko_499-513-538-654_csa_nd.yml,false(valid-deref),85.06,85.04,apollon130
eca-rers2012/Problem15_label22.yml,false(unreach-call),85.08,85.08,apollon140
seq-mthreaded/pals_floodmax.4_overflow.ufo.UNBOUNDED.pals.yml,true,85.09,85.05,apollon148
combinations/Problem05_label43+token_ring.10.cil-1.yml,false(unreach-call),85.14,85.15,apollon110
neural-networks/poly_1024_thresh_4_unsafe.c-amalgamation.yml,false(unreach-call),85.17,85.13,apollon063
hardware-verification-bv/btor2c-lazyMod.telephony.1.prop1-func-interl.yml,false(unreach-call),85.21,85.24,apollon116
eca-rers2012/Problem15_label03.yml,false(unreach-call),85.36,85.34,apollon166
seq-mthreaded/pals_floodmax.3_overflow.ufo.UNBOUNDED.pals.yml,false(unreach-call),85.65,85.62,apollon131
eca-rers2012/Problem15_label45.yml,false(unreach-call),85.76,85.78,apollon126
hardware-verification-bv/btor2c-lazyMod.arbitrated_top_n3_w8_d32_e0.yml,false(unreach-call),86.03,86.02,apollon083
Juliet_Test/CWE190_Integer_Overflow__int_listen_socket_square_44_good.yml,true,86.49,86.46,apollon105
pthread/fib_safe-6.yml,true,86.75,86.73,apollon104
Juliet_Test/CWE190_Integer_Overflow__int_fscanf_square_22_good.yml,true,87.08,87.07,apollon124
combinations/Problem05_label46+token_ring.09.cil-2.yml,false(unreach-call),87.4,87.38,apollon106
neural-networks/poly_1024_thresh_3_unsafe.c-amalgamation.yml,false(unreach-call),87.44,87.4,apollon145
hardware-verification-bv/btor2c-lazyMod.lamport.8.prop1-func-interl.yml,false(unreach-call),87.49,87.46,apollon123
nla-digbench-scaling/prod4br-ll_valuebound10.yml,true,87.58,87.58,apollon138
nla-digbench-scaling/prodbin-ll_unwindbound10.yml,true,87.81,87.8,apollon147
coreutils-v8.31/uniq_3args_klee-sa_ko_257-267-292_csa_uaf.yml,false(valid-deref),87.91,87.87,apollon095
combinations/Problem05_label46+token_ring.11.cil-1.yml,false(unreach-call),88.1,88.09,apollon113
eca-rers2012/Problem14_label58.yml,false(unreach-call),88.29,88.29,apollon102
Juliet_Test/CWE190_Integer_Overflow__int_connect_socket_square_63_good.yml,true,88.49,88.4,apollon163
coreutils-v8.31/join_3args_klee-sa_ko_489_infer_nd.yml,false(valid-deref),88.66,88.62,apollon118
ldv-linux-4.0-rc1-mav/linux-4.0-rc1---drivers--mtd--ubi--ubi.ko.cil.yml,true,88.99,89.01,apollon067
ldv-consumption/32_7a_cilled_linux-3.8-rc1-32_7a-drivers--scsi--aic7xxx_old.ko-ldv_main0_sequence_infinite_withcheck_stateful.cil.out.yml,false(unreach-call),89.74,89.73,apollon123
hardware-verification-bv/btor2c-lazyMod.pouring.2.prop1-back-serstep.yml,false(unreach-call),90.03,89.98,apollon151
hardware-verification-bv/btor2c-lazyMod.lamport.6.prop1-func-interl.yml,false(unreach-call),90.2,90.21,apollon117
eca-rers2012/Problem15_label14.yml,false(unreach-call),90.51,90.5,apollon100
combinations/gcd_2+newton_2_7.yml,false(unreach-call),90.79,90.77,apollon071
ldv-challenges/linux-3.14_linux-kernel-locking-spinlock_drivers-net-ethernet-via-via-velocity.cil.yml,true,91.02,91.02,apollon110
combinations/Problem05_label46+token_ring.10.cil-1.yml,false(unreach-call),91.06,91.04,apollon152
eca-rers2012/Problem15_label02.yml,false(unreach-call),91.18,91.16,apollon064
xcsp/Haystacks-11.yml,true,91.31,91.32,apollon097
seq-mthreaded-reduced/pals_lcr.5.ufo.BOUNDED-10.pals.c.v+sep-reducer.yml,true,91.41,91.41,apollon101
ldv-linux-3.16-rc1/43_2a_consumption_linux-3.16-rc1.tar.xz-43_2a-drivers--video--fbdev--aty--radeonfb.ko-entry_point.cil.out.yml,false(valid-deref),91.5,91.49,apollon133
eca-rers2012/Problem15_label50.yml,false(unreach-call),91.66,91.7,apollon115
hardware-verification-bv/btor2c-lazyMod.train-gate.1.prop1-func-interl.yml,false(unreach-call),91.83,91.84,apollon158
nla-digbench-scaling/knuth_valuebound50.yml,true,92.07,92.11,apollon098
coreutils-v8.31/join_3args_klee-sa_ko_696-489_csa_uaf.yml,false(valid-deref),92.34,92.3,apollon138
combinations/gcd_1+newton_1_1.yml,true,92.47,92.46,apollon119
ldv-consumption/32_7a_cilled_linux-3.8-rc1-32_7a-drivers--video--udlfb.ko-ldv_main0_sequence_infinite_withcheck_stateful.cil.out.yml,false(valid-deref),92.5,92.5,apollon098
eca-rers2012/Problem15_label48.yml,false(unreach-call),92.59,92.57,apollon122
hardware-verification-bv/btor2c-lazyMod.production_cell.2.prop1-func-interl.yml,false(unreach-call),92.67,92.62,apollon136
neural-networks/tanh_w64_r3_case_1_safe.c-amalgamation.yml,false(unreach-call),93.26,93.23,apollon063
coreutils-v8.31/join_3args_klee-sa_ko_696-489_csa_nd.yml,false(valid-deref),93.4,93.38,apollon065
nla-digbench-scaling/bresenham-ll_unwindbound20.yml,true,93.77,93.77,apollon091
eca-rers2012/Problem15_label38.yml,false(unreach-call),94.15,94.14,apollon106
hardware-verification-bv/btor2c-lazyMod.arbitrated_top_n3_w16_d32_e0.yml,false(unreach-call),94.23,94.19,apollon068
hardware-verification-bv/btor2c-lazyMod.leader_filters.6.prop1-func-interl.yml,false(unreach-call),94.28,94.24,apollon120
combinations/Problem05_label42+token_ring.13.cil-1.yml,false(unreach-call),94.37,94.39,apollon067
hardware-verification-bv/btor2c-lazyMod.synapse.1.prop1-back-serstep.yml,false(unreach-call),94.56,94.52,apollon072
eca-rers2012/Problem15_label34.yml,false(unreach-call),94.68,94.7,apollon062
ldv-linux-3.14/linux-3.14_linux-usb-dev_drivers-net-ethernet-via-via-velocity.cil.yml,true,94.96,94.97,apollon101
ldv-linux-3.16-rc1/205_9a_array_unsafes_linux-3.16-rc1.tar.xz-205_9a-drivers--net--wireless--rtlwifi--rtl8192cu--rtl8192cu.ko-entry_point.cil.out.yml,false(valid-deref),95.04,95.03,apollon088
eca-rers2012/Problem15_label51.yml,false(unreach-call),95.09,95.07,apollon092
floats-cdfpl/sine_6.yml,true,95.3,95.3,apollon127
eca-rers2012/Problem15_label29.yml,false(unreach-call),95.5,95.49,apollon151
eca-rers2012/Problem14_label56.yml,false(unreach-call),95.63,95.63,apollon129
eca-rers2012/Problem14_label12.yml,false(unreach-call),95.67,95.68,apollon066
hardware-verification-bv/btor2c-lazyMod.bridge.2.prop1-func-interl.yml,false(unreach-call),95.8,95.82,apollon162
hardware-verification-bv/btor2c-lazyMod.telephony.7.prop1-func-interl.yml,false(unreach-call),96.15,96.11,apollon109
combinations/Problem05_label42+token_ring.12.cil-1.yml,false(unreach-call),96.15,96.15,apollon058
eca-rers2012/Problem15_label07.yml,false(unreach-call),96.39,96.38,apollon114
hardware-verification-bv/btor2c-lazyMod.brp2.3.prop1-back-serstep.yml,false(unreach-call),96.99,96.98,apollon150
seq-mthreaded/rekh_aso.1.M4-1.yml,true,97.39,97.38,apollon073
combinations/Problem05_label45+token_ring.15.cil.yml,false(unreach-call),97.49,97.48,apollon091
weaver/chl-name-comparator-subst.wvr.yml,true,97.64,97.67,apollon160
eca-rers2012/Problem15_label30.yml,false(unreach-call),97.77,97.79,apollon161
hardware-verification-bv/btor2c-lazyMod.pouring.2.prop1-func-interl.yml,false(unreach-call),97.86,97.8,apollon133
eca-rers2012/Problem15_label00.yml,false(unreach-call),97.96,97.95,apollon140
eca-rers2012/Problem15_label40.yml,false(unreach-call),98.29,98.31,apollon115
combinations/Problem05_label43+token_ring.12.cil-1.yml,false(unreach-call),98.5,98.48,apollon061
