task_name,input_file,data_model,property_file,expected
CBMC,c/nla-digbench/ps6-ll.c,32,c/properties/unreach-call.prp,True
CBMC,c/nla-digbench/ps6-ll.c,32,c/properties/no-overflow.prp,True
CBMC,c/Juliet_Test/CWE190_Integer_Overflow__int_listen_socket_multiply_51_good.i,64,c/properties/no-overflow.prp,True
CBMC,c/Juliet_Test/CWE190_Integer_Overflow__int_max_square_10_good.i,64,c/properties/no-overflow.prp,True
CBMC,c/Juliet_Test/CWE191_Integer_Underflow__int_connect_socket_sub_63_good.i,64,c/properties/no-overflow.prp,True
CBMC,c/goblint-regression/13-privatized_45-traces-per-global-and-current-lock-mine-incomparable_true.i,32,c/properties/unreach-call.prp,True
CBMC,c/goblint-regression/13-privatized_45-traces-per-global-and-current-lock-mine-incomparable_true.i,32,c/properties/valid-memsafety.prp,True
CBMC,c/goblint-regression/13-privatized_45-traces-per-global-and-current-lock-mine-incomparable_true.i,32,c/properties/no-overflow.prp,True
CBMC,c/goblint-regression/13-privatized_45-traces-per-global-and-current-lock-mine-incomparable_true.i,32,c/properties/no-data-race.prp,True
CBMC,c/Juliet_Test/CWE191_Integer_Underflow__int_connect_socket_multiply_16_good.i,64,c/properties/no-overflow.prp,True
CBMC,c/Juliet_Test/CWE190_Integer_Overflow__int_max_square_08_good.i,64,c/properties/no-overflow.prp,True
CBMC,c/Juliet_Test/CWE190_Integer_Overflow__int_max_square_15_good.i,64,c/properties/no-overflow.prp,True
CBMC,c/Juliet_Test/CWE191_Integer_Underflow__int_connect_socket_multiply_42_good.i,64,c/properties/no-overflow.prp,True
CBMC,c/Juliet_Test/CWE190_Integer_Overflow__int_listen_socket_multiply_68_good.i,64,c/properties/no-overflow.prp,True
CBMC,c/systemc/token_ring.09.cil-2.c,32,c/properties/termination.prp,False
CBMC,c/systemc/token_ring.09.cil-2.c,32,c/properties/unreach-call.prp,False
CBMC,c/Juliet_Test/CWE191_Integer_Underflow__int_listen_socket_multiply_45_good.i,64,c/properties/no-overflow.prp,True
CBMC,c/hardware-verification-bv/btor2c-lazyMod.at.2.prop1-back-serstep.c,64,c/properties/unreach-call.prp,False
CBMC,c/Juliet_Test/CWE191_Integer_Underflow__int_connect_socket_multiply_31_good.i,64,c/properties/no-overflow.prp,True
CBMC,c/nla-digbench-scaling/geo2-ll_valuebound5.c,32,c/properties/unreach-call.prp,True
CBMC,c/nla-digbench-scaling/geo2-ll_valuebound5.c,32,c/properties/no-overflow.prp,True
CBMC,c/Juliet_Test/CWE191_Integer_Underflow__int_connect_socket_multiply_64_good.i,64,c/properties/no-overflow.prp,True
CBMC,c/ldv-linux-3.4-simple/43_1a_cilled_ok_nondet_linux-43_1a-drivers--atm--adummy.ko-ldv_main0_sequence_infinite_withcheck_stateful.cil.out.i,64,c/properties/termination.prp,True
CBMC,c/ldv-linux-3.4-simple/43_1a_cilled_ok_nondet_linux-43_1a-drivers--atm--adummy.ko-ldv_main0_sequence_infinite_withcheck_stateful.cil.out.i,64,c/properties/unreach-call.prp,True
CBMC,c/nla-digbench-scaling/lcm1_valuebound10.c,32,c/properties/unreach-call.prp,True
CBMC,c/nla-digbench-scaling/lcm1_valuebound10.c,32,c/properties/no-overflow.prp,True
CBMC,c/floats-esbmc-regression/trunc_nondet_2.i,32,c/properties/unreach-call.prp,True
CBMC,c/bitvector/s3_clnt_3.BV.c.cil-1a.c,32,c/properties/no-overflow.prp,True
CBMC,c/bitvector/s3_clnt_3.BV.c.cil-1a.c,32,c/properties/unreach-call.prp,True
CBMC,c/Juliet_Test/CWE190_Integer_Overflow__int_connect_socket_add_54_good.i,64,c/properties/no-overflow.prp,True
CBMC,c/nla-digbench-scaling/prod4br-ll_unwindbound2.c,32,c/properties/unreach-call.prp,False
CBMC,c/nla-digbench-scaling/prod4br-ll_unwindbound2.c,32,c/properties/no-overflow.prp,True
CBMC,c/Juliet_Test/CWE190_Integer_Overflow__int_max_square_22_good.i,64,c/properties/no-overflow.prp,True
CBMC,c/busybox-1.22.0/date-2.i,64,c/properties/no-overflow.prp,False
CBMC,c/hardware-verification-bv/btor2c-lazyMod.lamport.2.prop1-back-serstep.c,64,c/properties/unreach-call.prp,False
CBMC,c/Juliet_Test/CWE191_Integer_Underflow__int_listen_socket_postdec_18_good.i,64,c/properties/no-overflow.prp,True
CBMC,c/Juliet_Test/CWE191_Integer_Underflow__int_listen_socket_predec_18_good.i,64,c/properties/no-overflow.prp,True
CBMC,c/seq-mthreaded/rekh_ctm.3-2.c,32,c/properties/termination.prp,True
CBMC,c/seq-mthreaded/rekh_ctm.3-2.c,32,c/properties/unreach-call.prp,False
CBMC,c/combinations/pc_sfifo_2.cil-1+token_ring.08.cil-2.c,32,c/properties/unreach-call.prp,False
CBMC,c/hardware-verification-bv/btor2c-lazyMod.brp.3.prop1-back-serstep.c,64,c/properties/unreach-call.prp,False
CBMC,c/ldv-linux-3.4-simple/43_1a_cilled_ok_nondet_linux-43_1a-drivers--usb--serial--mos7840.ko-ldv_main0_sequence_infinite_withcheck_stateful.cil.out.i,64,c/properties/termination.prp,False
CBMC,c/ldv-linux-3.4-simple/43_1a_cilled_ok_nondet_linux-43_1a-drivers--usb--serial--mos7840.ko-ldv_main0_sequence_infinite_withcheck_stateful.cil.out.i,64,c/properties/unreach-call.prp,True
CBMC,c/Juliet_Test/CWE190_Integer_Overflow__int_listen_socket_postinc_68_good.i,64,c/properties/no-overflow.prp,True
CBMC,c/systemc/token_ring.12.cil-1.c,32,c/properties/termination.prp,False
CBMC,c/systemc/token_ring.12.cil-1.c,32,c/properties/unreach-call.prp,False
CBMC,c/pthread/triangular-1.i,32,c/properties/unreach-call.prp,True
CBMC,c/pthread/triangular-1.i,32,c/properties/valid-memsafety.prp,True
CBMC,c/pthread/triangular-1.i,32,c/properties/no-overflow.prp,True
CBMC,c/pthread/triangular-1.i,32,c/properties/no-data-race.prp,True
CBMC,c/Juliet_Test/CWE191_Integer_Underflow__int_connect_socket_sub_31_good.i,64,c/properties/no-overflow.prp,True
CBMC,c/Juliet_Test/CWE191_Integer_Underflow__int_connect_socket_multiply_65_good.i,64,c/properties/no-overflow.prp,True
CBMC,c/Juliet_Test/CWE190_Integer_Overflow__int_listen_socket_multiply_52_good.i,64,c/properties/no-overflow.prp,True
CBMC,c/Juliet_Test/CWE190_Integer_Overflow__int_listen_socket_multiply_65_good.i,64,c/properties/no-overflow.prp,True
CBMC,c/Juliet_Test/CWE190_Integer_Overflow__int_listen_socket_multiply_64_good.i,64,c/properties/no-overflow.prp,True
CBMC,c/goblint-coreutils/instrumented_interval_dd_comb.i,64,c/properties/unreach-call.prp,True
CBMC,c/goblint-coreutils/instrumented_interval_dd_comb.i,64,c/properties/valid-memsafety.prp,True
CBMC,c/goblint-coreutils/instrumented_interval_dd_comb.i,64,c/properties/no-overflow.prp,True
CBMC,c/Juliet_Test/CWE190_Integer_Overflow__int_listen_socket_multiply_31_good.i,64,c/properties/no-overflow.prp,True
CBMC,c/Juliet_Test/CWE190_Integer_Overflow__int_listen_socket_multiply_18_good.i,64,c/properties/no-overflow.prp,True
CBMC,c/ldv-linux-3.4-simple/32_1_cilled_ok_nondet_linux-3.4-32_1-drivers--media--dvb--dvb-usb--dvb-usb-dtv5100.ko-ldv_main0_sequence_infinite_withcheck_stateful.cil.out.i,64,c/properties/valid-memsafety.prp,False
CBMC,c/nla-digbench-scaling/knuth_valuebound50.i,32,c/properties/unreach-call.prp,True
CBMC,c/nla-digbench-scaling/knuth_valuebound50.i,32,c/properties/no-overflow.prp,True
CBMC,c/Juliet_Test/CWE190_Integer_Overflow__int_connect_socket_postinc_68_good.i,64,c/properties/no-overflow.prp,True
CBMC,c/Juliet_Test/CWE190_Integer_Overflow__int_listen_socket_multiply_63_good.i,64,c/properties/no-overflow.prp,True
CBMC,c/seq-pthread/cs_fib-1.i,32,c/properties/unreach-call.prp,True
CBMC,c/Juliet_Test/CWE191_Integer_Underflow__int_connect_socket_postdec_01_good.i,64,c/properties/no-overflow.prp,True
CBMC,c/Juliet_Test/CWE190_Integer_Overflow__int_listen_socket_postinc_54_good.i,64,c/properties/no-overflow.prp,True
CBMC,c/eca-rers2012/Problem10_label28.c,32,c/properties/unreach-call.prp,False
CBMC,c/Juliet_Test/CWE190_Integer_Overflow__int_connect_socket_postinc_51_good.i,64,c/properties/no-overflow.prp,True
CBMC,c/list-ext-properties/list-ext.i,32,c/properties/unreach-call.prp,False
CBMC,c/list-ext-properties/list-ext.i,32,c/properties/valid-memsafety.prp,True
CBMC,c/Juliet_Test/CWE190_Integer_Overflow__int_max_square_09_good.i,64,c/properties/no-overflow.prp,True
CBMC,c/Juliet_Test/CWE190_Integer_Overflow__int_connect_socket_postinc_67_good.i,64,c/properties/no-overflow.prp,True
CBMC,c/Juliet_Test/CWE191_Integer_Underflow__int_listen_socket_predec_65_good.i,64,c/properties/no-overflow.prp,True
CBMC,c/Juliet_Test/CWE190_Integer_Overflow__int_connect_socket_preinc_67_good.i,64,c/properties/no-overflow.prp,True
CBMC,c/Juliet_Test/CWE190_Integer_Overflow__int_listen_socket_postinc_52_good.i,64,c/properties/no-overflow.prp,True
CBMC,c/Juliet_Test/CWE190_Integer_Overflow__int_listen_socket_postinc_51_good.i,64,c/properties/no-overflow.prp,True
CBMC,c/hardware-verification-bv/btor2c-lazyMod.lann.1.prop1-func-interl.c,64,c/properties/unreach-call.prp,False
CBMC,c/Juliet_Test/CWE191_Integer_Underflow__int_listen_socket_predec_42_good.i,64,c/properties/no-overflow.prp,True
CBMC,c/ldv-commit-tester/main3_drivers-staging-usbip-vhci-hcd-ko--132_1a--927c3fa-1.i,64,c/properties/unreach-call.prp,True
CBMC,c/Juliet_Test/CWE190_Integer_Overflow__int_listen_socket_multiply_16_good.i,64,c/properties/no-overflow.prp,True
CBMC,c/hardness-nfm22/hardness_loopvsstraightlinecode_100-1loop_file-95.i,32,c/properties/unreach-call.prp,True
CBMC,c/ldv-linux-3.4-simple/32_1_cilled_ok_nondet_linux-3.4-32_1-drivers--hid--hid-samsung.ko-ldv_main0_sequence_infinite_withcheck_stateful.cil.out.i,64,c/properties/unreach-call.prp,True
CBMC,c/seq-mthreaded/rekcba_aso.3.M1.c,32,c/properties/unreach-call.prp,False
CBMC,c/Juliet_Test/CWE190_Integer_Overflow__int_connect_socket_postinc_34_good.i,64,c/properties/no-overflow.prp,True
CBMC,c/Juliet_Test/CWE190_Integer_Overflow__int_max_square_06_good.i,64,c/properties/no-overflow.prp,True
CBMC,c/Juliet_Test/CWE191_Integer_Underflow__int_connect_socket_predec_42_good.i,64,c/properties/no-overflow.prp,True
CBMC,c/ldv-linux-3.4-simple/32_1_cilled_ok_nondet_linux-3.4-32_1-drivers--media--dvb--frontends--ec100.ko-ldv_main0_sequence_infinite_withcheck_stateful.cil.out.i,64,c/properties/unreach-call.prp,True
CBMC,c/seq-mthreaded/rekcba_aso.4.M1.c,32,c/properties/unreach-call.prp,False
CBMC,c/hardware-verification-bv/btor2c-lazyMod.bakery.2.prop1-func-interl.c,64,c/properties/unreach-call.prp,False
CBMC,c/ldv-linux-3.4-simple/32_1_cilled_ok_nondet_linux-3.4-32_1-drivers--parport--parport_cs.ko-ldv_main0_sequence_infinite_withcheck_stateful.cil.out.i,64,c/properties/unreach-call.prp,True
CBMC,c/combinations/pc_sfifo_2.cil-1+token_ring.10.cil-1.c,32,c/properties/unreach-call.prp,False
CBMC,c/Juliet_Test/CWE190_Integer_Overflow__int_listen_socket_add_18_good.i,64,c/properties/no-overflow.prp,True
CBMC,c/recursive-simple/fibo_20-2.c,32,c/properties/unreach-call.prp,True
CBMC,c/Juliet_Test/CWE191_Integer_Underflow__int_connect_socket_multiply_67_good.i,64,c/properties/no-overflow.prp,True
CBMC,c/goblint-regression/28-race_reach_45-escape_racing.i,32,c/properties/unreach-call.prp,False
CBMC,c/goblint-regression/28-race_reach_45-escape_racing.i,32,c/properties/valid-memsafety.prp,True
CBMC,c/goblint-regression/28-race_reach_45-escape_racing.i,32,c/properties/no-overflow.prp,True
CBMC,c/goblint-regression/28-race_reach_45-escape_racing.i,32,c/properties/no-data-race.prp,True
CBMC,c/nla-digbench-scaling/freire1_valuebound1.c,32,c/properties/unreach-call.prp,True
CBMC,c/nla-digbench-scaling/freire1_valuebound1.c,32,c/properties/no-overflow.prp,True
CBMC,c/Juliet_Test/CWE190_Integer_Overflow__int_listen_socket_add_51_good.i,64,c/properties/no-overflow.prp,True
CBMC,c/Juliet_Test/CWE190_Integer_Overflow__int_max_square_11_good.i,64,c/properties/no-overflow.prp,True
CBMC,c/ldv-linux-3.7.3/main15_drivers-usb-core-usbcore-ko--32_7a--linux-3.7.3.i,64,c/properties/valid-memsafety.prp,False
CBMC,c/hardware-verification-bv/btor2c-lazyMod.reader_writer.1.prop1-func-interl.c,64,c/properties/unreach-call.prp,False
CBMC,c/combinations/square_3+soft_float_5a.c.cil.c,32,c/properties/unreach-call.prp,False
CBMC,c/Juliet_Test/CWE191_Integer_Underflow__int_listen_socket_multiply_67_good.i,64,c/properties/no-overflow.prp,True
CBMC,c/weaver/parallel-bakery-4.wvr.c,32,c/properties/unreach-call.prp,True
CBMC,c/weaver/parallel-bakery-4.wvr.c,32,c/properties/valid-memsafety.prp,True
CBMC,c/weaver/parallel-bakery-4.wvr.c,32,c/properties/no-overflow.prp,True
CBMC,c/weaver/parallel-bakery-4.wvr.c,32,c/properties/no-data-race.prp,True
CBMC,c/combinations/pc_sfifo_2.cil-1+token_ring.09.cil-2.c,32,c/properties/unreach-call.prp,False
CBMC,c/Juliet_Test/CWE191_Integer_Underflow__int_connect_socket_multiply_63_good.i,64,c/properties/no-overflow.prp,True
CBMC,c/floats-cdfpl/square_8.i,32,c/properties/termination.prp,True
CBMC,c/floats-cdfpl/square_8.i,32,c/properties/unreach-call.prp,True
CBMC,c/ldv-linux-3.12-rc1/linux-3.12-rc1.tar.xz-144_2a-drivers--net--usb--cdc_mbim.ko-entry_point.cil.out.i,64,c/properties/unreach-call.prp,True
CBMC,c/Juliet_Test/CWE190_Integer_Overflow__int_rand_square_54_good.i,64,c/properties/no-overflow.prp,True
CBMC,c/hardware-verification-bv/btor2c-lazyMod.fischer.2.prop1-func-interl.c,64,c/properties/unreach-call.prp,False
CBMC,c/Juliet_Test/CWE191_Integer_Underflow__int_connect_socket_postdec_18_good.i,64,c/properties/no-overflow.prp,True
CBMC,c/Juliet_Test/CWE190_Integer_Overflow__int_max_square_04_good.i,64,c/properties/no-overflow.prp,True
CBMC,c/Juliet_Test/CWE190_Integer_Overflow__int_connect_socket_postinc_65_good.i,64,c/properties/no-overflow.prp,True
CBMC,c/aws-c-common/aws_linked_list_swap_contents_harness.i,64,c/properties/unreach-call.prp,True
CBMC,c/Juliet_Test/CWE191_Integer_Underflow__int_connect_socket_predec_65_good.i,64,c/properties/no-overflow.prp,True
CBMC,c/hardware-verification-bv/btor2c-lazyMod.shift_register_top_w32_d8_e0.c,64,c/properties/unreach-call.prp,False
CBMC,c/recursive-simple/fibo_2calls_20-2.c,32,c/properties/unreach-call.prp,True
CBMC,c/Juliet_Test/CWE190_Integer_Overflow__int_max_square_14_good.i,64,c/properties/no-overflow.prp,True
CBMC,c/Juliet_Test/CWE190_Integer_Overflow__int_connect_socket_postinc_31_good.i,64,c/properties/no-overflow.prp,True
CBMC,c/hardware-verification-bv/btor2c-lazyMod.lann.7.prop1-back-serstep.c,64,c/properties/unreach-call.prp,False
CBMC,c/Juliet_Test/CWE191_Integer_Underflow__int_connect_socket_predec_16_good.i,64,c/properties/no-overflow.prp,True
CBMC,c/seq-mthreaded/rekcba_nxt.1.M1-1.c,32,c/properties/unreach-call.prp,False
CBMC,c/Juliet_Test/CWE191_Integer_Underflow__int_connect_socket_predec_52_good.i,64,c/properties/no-overflow.prp,True
CBMC,c/ldv-linux-4.2-rc1/linux-4.2-rc1.tar.xz-43_2a-drivers--usb--serial--mos7840.ko-entry_point.cil.out.i,64,c/properties/unreach-call.prp,True
CBMC,c/Juliet_Test/CWE191_Integer_Underflow__int_listen_socket_predec_01_good.i,64,c/properties/no-overflow.prp,True
CBMC,c/Juliet_Test/CWE190_Integer_Overflow__int_listen_socket_postinc_17_good.i,64,c/properties/no-overflow.prp,True
CBMC,c/seq-mthreaded/rekcba_nxt.2.M1-1.c,32,c/properties/unreach-call.prp,False
CBMC,c/Juliet_Test/CWE191_Integer_Underflow__int_listen_socket_multiply_52_good.i,64,c/properties/no-overflow.prp,True
CBMC,c/Juliet_Test/CWE191_Integer_Underflow__int_connect_socket_postdec_66_good.i,64,c/properties/no-overflow.prp,True
CBMC,c/Juliet_Test/CWE190_Integer_Overflow__int_connect_socket_postinc_64_good.i,64,c/properties/no-overflow.prp,True
CBMC,c/hardware-verification-bv/btor2c-lazyMod.fischer.7.prop1-back-serstep.c,64,c/properties/unreach-call.prp,False
CBMC,c/systemc/token_ring.14.cil.c,32,c/properties/termination.prp,False
CBMC,c/systemc/token_ring.14.cil.c,32,c/properties/unreach-call.prp,False
CBMC,c/ldv-consumption/32_7a_cilled_linux-3.8-rc1-32_7a-drivers--block--paride--pf.ko-ldv_main0_sequence_infinite_withcheck_stateful.cil.out.i,64,c/properties/unreach-call.prp,True
CBMC,c/Juliet_Test/CWE191_Integer_Underflow__int_connect_socket_postdec_68_good.i,64,c/properties/no-overflow.prp,True
CBMC,c/hardware-verification-bv/btor2c-lazyMod.h_b05.c,64,c/properties/unreach-call.prp,False
CBMC,c/Juliet_Test/CWE191_Integer_Underflow__int_connect_socket_multiply_32_good.i,64,c/properties/no-overflow.prp,True
CBMC,c/Juliet_Test/CWE190_Integer_Overflow__int_listen_socket_add_32_good.i,64,c/properties/no-overflow.prp,True
CBMC,c/hardware-verification-bv/btor2c-lazyMod.fischer.5.prop1-back-serstep.c,64,c/properties/unreach-call.prp,False
CBMC,c/Juliet_Test/CWE190_Integer_Overflow__int_connect_socket_preinc_01_good.i,64,c/properties/no-overflow.prp,True
CBMC,c/nla-digbench-scaling/fermat2-ll_unwindbound2.c,32,c/properties/unreach-call.prp,False
CBMC,c/nla-digbench-scaling/fermat2-ll_unwindbound2.c,32,c/properties/no-overflow.prp,True
CBMC,c/nla-digbench-scaling/hard-ll_unwindbound10.c,32,c/properties/unreach-call.prp,False
CBMC,c/nla-digbench-scaling/hard-ll_unwindbound10.c,32,c/properties/no-overflow.prp,True
CBMC,c/Juliet_Test/CWE190_Integer_Overflow__int_listen_socket_preinc_41_good.i,64,c/properties/no-overflow.prp,True
CBMC,c/Juliet_Test/CWE190_Integer_Overflow__int_max_square_05_good.i,64,c/properties/no-overflow.prp,True
CBMC,c/Juliet_Test/CWE190_Integer_Overflow__int_listen_socket_postinc_32_good.i,64,c/properties/no-overflow.prp,True
CBMC,c/hardware-verification-bv/btor2c-lazyMod.needham.4.prop4-back-serstep.c,64,c/properties/unreach-call.prp,False
CBMC,c/Juliet_Test/CWE191_Integer_Underflow__int_listen_socket_sub_34_good.i,64,c/properties/no-overflow.prp,True
CBMC,c/floats-esbmc-regression/trunc_nondet.i,32,c/properties/unreach-call.prp,True
CBMC,c/seq-mthreaded/rekh_nxt.3.M1.c,32,c/properties/unreach-call.prp,True
CBMC,c/combinations/pc_sfifo_1.cil-2+token_ring.12.cil-1.c,32,c/properties/unreach-call.prp,False
CBMC,c/nla-digbench-scaling/hard-u_unwindbound50.c,32,c/properties/unreach-call.prp,False
CBMC,c/nla-digbench-scaling/hard-u_unwindbound50.c,32,c/properties/no-overflow.prp,True
CBMC,c/termination-crafted-lit/aviad.c,64,c/properties/no-overflow.prp,True
CBMC,c/termination-crafted-lit/aviad.c,64,c/properties/termination.prp,True
CBMC,c/hardware-verification-bv/btor2c-lazyMod.ethernet.c,64,c/properties/unreach-call.prp,False
CBMC,c/Juliet_Test/CWE190_Integer_Overflow__int_max_square_21_good.i,64,c/properties/no-overflow.prp,True
CBMC,c/Juliet_Test/CWE190_Integer_Overflow__int_listen_socket_add_61_good.i,64,c/properties/no-overflow.prp,True
CBMC,c/eca-rers2012/Problem10_label26.c,32,c/properties/unreach-call.prp,False
CBMC,c/Juliet_Test/CWE191_Integer_Underflow__int_connect_socket_multiply_41_good.i,64,c/properties/no-overflow.prp,True
CBMC,c/ldv-linux-3.16-rc1/43_2a_bitvector_linux-3.16-rc1.tar.xz-43_2a-drivers--media--platform--timblogiw.ko-entry_point.cil.out.i,64,c/properties/unreach-call.prp,False
CBMC,c/nla-digbench-scaling/hard-u_unwindbound100.c,32,c/properties/unreach-call.prp,False
CBMC,c/nla-digbench-scaling/hard-u_unwindbound100.c,32,c/properties/no-overflow.prp,True
CBMC,c/weaver/popl20-more-array-sum-alt.wvr.c,32,c/properties/unreach-call.prp,False
CBMC,c/weaver/popl20-more-array-sum-alt.wvr.c,32,c/properties/valid-memsafety.prp,True
CBMC,c/weaver/popl20-more-array-sum-alt.wvr.c,32,c/properties/no-overflow.prp,True
CBMC,c/weaver/popl20-more-array-sum-alt.wvr.c,32,c/properties/no-data-race.prp,True
CBMC,c/hardware-verification-bv/btor2c-lazyMod.brp.4.prop1-back-serstep.c,64,c/properties/unreach-call.prp,False
CBMC,c/seq-pthread/cs_stack-1.i,32,c/properties/unreach-call.prp,True
CBMC,c/seq-mthreaded-reduced/pals_lcr.4.1.ufo.UNBOUNDED.pals.c.v+sep-reducer.c,32,c/properties/unreach-call.prp,False
CBMC,c/Juliet_Test/CWE191_Integer_Underflow__int_listen_socket_multiply_42_good.i,64,c/properties/no-overflow.prp,True
CBMC,c/seq-mthreaded/pals_lcr-var-start-time.5.ufo.BOUNDED-10.pals.c,32,c/properties/termination.prp,True
CBMC,c/seq-mthreaded/pals_lcr-var-start-time.5.ufo.BOUNDED-10.pals.c,32,c/properties/unreach-call.prp,True
CBMC,c/Juliet_Test/CWE190_Integer_Overflow__int_listen_socket_multiply_17_good.i,64,c/properties/no-overflow.prp,True
CBMC,c/Juliet_Test/CWE190_Integer_Overflow__int_listen_socket_multiply_41_good.i,64,c/properties/no-overflow.prp,True
CBMC,c/hardware-verification-bv/btor2c-lazyMod.needham.1.prop4-func-interl.c,64,c/properties/unreach-call.prp,False
CBMC,c/neural-networks/poly_16_16_16_16_thresh_4_unsafe.c-amalgamation.i,32,c/properties/unreach-call.prp,False
CBMC,c/hardware-verification-bv/btor2c-lazyMod.telephony.6.prop1-back-serstep.c,64,c/properties/unreach-call.prp,False
CBMC,c/nla-digbench-scaling/egcd-ll_unwindbound2.c,32,c/properties/unreach-call.prp,False
CBMC,c/nla-digbench-scaling/egcd-ll_unwindbound2.c,32,c/properties/no-overflow.prp,True
CBMC,c/hardware-verification-bv/btor2c-lazyMod.needham.4.prop1-back-serstep.c,64,c/properties/unreach-call.prp,False
CBMC,c/hardware-verification-bv/btor2c-lazyMod.anderson.3.prop1-func-interl.c,64,c/properties/unreach-call.prp,False
CBMC,c/combinations/gcd_4+newton_1_8.i,32,c/properties/unreach-call.prp,False
CBMC,c/Juliet_Test/CWE191_Integer_Underflow__int_connect_socket_postdec_65_good.i,64,c/properties/no-overflow.prp,True
CBMC,c/Juliet_Test/CWE190_Integer_Overflow__int_fscanf_square_53_good.i,64,c/properties/no-overflow.prp,True
CBMC,c/Juliet_Test/CWE190_Integer_Overflow__int_listen_socket_preinc_61_good.i,64,c/properties/no-overflow.prp,True
CBMC,c/recursified_nla-digbench/recursified_ps3.c,32,c/properties/no-overflow.prp,False
CBMC,c/Juliet_Test/CWE190_Integer_Overflow__int_max_square_02_good.i,64,c/properties/no-overflow.prp,True
CBMC,c/seq-mthreaded-reduced/pals_lcr.4.1.ufo.BOUNDED-8.pals.c.v+sep-reducer.c,32,c/properties/unreach-call.prp,False
CBMC,c/Juliet_Test/CWE191_Integer_Underflow__int_connect_socket_multiply_52_good.i,64,c/properties/no-overflow.prp,True
CBMC,c/ldv-consumption/32_7a_cilled_linux-3.8-rc1-drivers--pcmcia--pcmcia_rsrc.ko-main.cil.out.i,64,c/properties/valid-memsafety.prp,False
CBMC,c/goblint-regression/28-race_reach_46-escape_racefree.i,32,c/properties/unreach-call.prp,True
CBMC,c/goblint-regression/28-race_reach_46-escape_racefree.i,32,c/properties/valid-memsafety.prp,True
CBMC,c/goblint-regression/28-race_reach_46-escape_racefree.i,32,c/properties/no-overflow.prp,True
CBMC,c/goblint-regression/28-race_reach_46-escape_racefree.i,32,c/properties/no-data-race.prp,True
CBMC,c/ldv-linux-4.2-rc1/linux-4.2-rc1.tar.xz-32_7a-drivers--pcmcia--pcmcia_rsrc.ko-entry_point.cil.out.i,64,c/properties/unreach-call.prp,False
CBMC,c/hardware-verification-bv/btor2c-lazyMod.brp.5.prop1-back-serstep.c,64,c/properties/unreach-call.prp,False
CBMC,c/eca-rers2012/Problem10_label57.c,32,c/properties/unreach-call.prp,False
CBMC,c/seq-mthreaded/rekcba_ctm.1.c,32,c/properties/termination.prp,True
CBMC,c/seq-mthreaded/rekcba_ctm.1.c,32,c/properties/unreach-call.prp,True
CBMC,c/goblint-regression/13-privatized_45-traces-per-global-and-current-lock-mine-incomparable_true.i,32,c/properties/unreach-call.prp,True
CBMC,c/goblint-regression/13-privatized_45-traces-per-global-and-current-lock-mine-incomparable_true.i,32,c/properties/valid-memsafety.prp,True
CBMC,c/goblint-regression/13-privatized_45-traces-per-global-and-current-lock-mine-incomparable_true.i,32,c/properties/no-overflow.prp,True
CBMC,c/goblint-regression/13-privatized_45-traces-per-global-and-current-lock-mine-incomparable_true.i,32,c/properties/no-data-race.prp,True
CBMC,c/combinations/pc_sfifo_1.cil-2+token_ring.11.cil-1.c,32,c/properties/unreach-call.prp,False
CBMC,c/nla-digbench-scaling/geo2-ll_valuebound100.c,32,c/properties/unreach-call.prp,True
CBMC,c/nla-digbench-scaling/geo2-ll_valuebound100.c,32,c/properties/no-overflow.prp,True
CBMC,c/Juliet_Test/CWE191_Integer_Underflow__int_connect_socket_multiply_45_good.i,64,c/properties/no-overflow.prp,True
CBMC,c/array-memsafety-realloc/array-realloc-2.i,32,c/properties/no-overflow.prp,True
CBMC,c/array-memsafety-realloc/array-realloc-2.i,32,c/properties/valid-memsafety.prp,True
CBMC,c/goblint-regression/28-race_reach_78-equ_racing.i,32,c/properties/unreach-call.prp,False
CBMC,c/goblint-regression/28-race_reach_78-equ_racing.i,32,c/properties/valid-memsafety.prp,True
CBMC,c/goblint-regression/28-race_reach_78-equ_racing.i,32,c/properties/no-overflow.prp,True
CBMC,c/goblint-regression/28-race_reach_78-equ_racing.i,32,c/properties/no-data-race.prp,True
CBMC,c/nla-digbench-scaling/lcm1_unwindbound10.c,32,c/properties/unreach-call.prp,False
CBMC,c/nla-digbench-scaling/lcm1_unwindbound10.c,32,c/properties/no-overflow.prp,True
CBMC,c/hardware-verification-bv/btor2c-lazyMod.telephony.7.prop1-back-serstep.c,64,c/properties/unreach-call.prp,False
CBMC,c/ldv-linux-4.2-rc1/linux-4.2-rc1.tar.xz-08_1a-drivers--net--wireless--libertas--libertas.ko-entry_point.cil.out.i,64,c/properties/unreach-call.prp,True
CBMC,c/hardware-verification-bv/btor2c-lazyMod.brp.6.prop1-back-serstep.c,64,c/properties/unreach-call.prp,False
CBMC,c/nla-digbench-scaling/geo1-u_valuebound10.c,32,c/properties/unreach-call.prp,False
CBMC,c/nla-digbench-scaling/geo1-u_valuebound10.c,32,c/properties/no-overflow.prp,True
CBMC,c/Juliet_Test/CWE190_Integer_Overflow__int_max_square_07_good.i,64,c/properties/no-overflow.prp,True
CBMC,c/systemc/token_ring.13.cil-1.c,32,c/properties/termination.prp,False
CBMC,c/systemc/token_ring.13.cil-1.c,32,c/properties/unreach-call.prp,False
CBMC,c/nla-digbench-scaling/freire1_valuebound2.c,32,c/properties/unreach-call.prp,True
CBMC,c/nla-digbench-scaling/freire1_valuebound2.c,32,c/properties/no-overflow.prp,True
CBMC,c/ldv-linux-3.16-rc1/205_9a_array_safes_linux-3.16-rc1.tar.xz-205_9a-drivers--net--wireless--ti--wlcore--wlcore_spi.ko-entry_point.cil.out.i,64,c/properties/unreach-call.prp,True
CBMC,c/busybox-1.22.0/sleep-3.i,64,c/properties/no-overflow.prp,True
CBMC,c/busybox-1.22.0/sleep-3.i,64,c/properties/valid-memsafety.prp,True
CBMC,c/hardware-verification-bv/btor2c-lazyMod.bakery.6.prop1-back-serstep.c,64,c/properties/unreach-call.prp,False
CBMC,c/goblint-regression/36-apron_17-traces-rpb-litmus_unknown_1_neg.i,32,c/properties/unreach-call.prp,False
CBMC,c/goblint-regression/36-apron_17-traces-rpb-litmus_unknown_1_neg.i,32,c/properties/valid-memsafety.prp,True
CBMC,c/goblint-regression/36-apron_17-traces-rpb-litmus_unknown_1_neg.i,32,c/properties/no-overflow.prp,True
CBMC,c/goblint-regression/36-apron_17-traces-rpb-litmus_unknown_1_neg.i,32,c/properties/no-data-race.prp,True
CBMC,c/xcsp/Haystacks-07.c,32,c/properties/unreach-call.prp,True
CBMC,c/goblint-coreutils/instrumented_cksum_comb.i,64,c/properties/unreach-call.prp,True
CBMC,c/goblint-coreutils/instrumented_cksum_comb.i,64,c/properties/valid-memsafety.prp,True
CBMC,c/goblint-coreutils/instrumented_cksum_comb.i,64,c/properties/no-overflow.prp,True
CBMC,c/Juliet_Test/CWE191_Integer_Underflow__int_connect_socket_multiply_61_good.i,64,c/properties/no-overflow.prp,True
CBMC,c/array-memsafety-realloc/array-realloc-3.i,32,c/properties/no-overflow.prp,True
CBMC,c/array-memsafety-realloc/array-realloc-3.i,32,c/properties/valid-memsafety.prp,False
CBMC,c/ldv-commit-tester/main3_drivers-staging-usbip-vhci-hcd-ko--132_1a--927c3fa.i,64,c/properties/valid-memsafety.prp,False
CBMC,c/ldv-linux-3.12-rc1/linux-3.12-rc1.tar.xz-144_2a-drivers--net--usb--smsc95xx.ko-entry_point.cil.out.i,64,c/properties/unreach-call.prp,False
CBMC,c/ldv-linux-3.4-simple/32_1_cilled_ok_nondet_linux-3.4-32_1-drivers--media--dvb--dvb-usb--dvb-usb-az6027.ko-ldv_main0_sequence_infinite_withcheck_stateful.cil.out.i,64,c/properties/unreach-call.prp,True
CBMC,c/nla-digbench/ps6-ll.c,32,c/properties/unreach-call.prp,True
CBMC,c/nla-digbench/ps6-ll.c,32,c/properties/no-overflow.prp,True
CBMC,c/pthread-ext/26_stack_cas_longer-1.i,32,c/properties/unreach-call.prp,False
CBMC,c/pthread-ext/26_stack_cas_longer-1.i,32,c/properties/valid-memsafety.prp,True
CBMC,c/pthread-ext/26_stack_cas_longer-1.i,32,c/properties/no-overflow.prp,True
CBMC,c/pthread-ext/26_stack_cas_longer-1.i,32,c/properties/no-data-race.prp,True
CBMC,c/ldv-linux-4.2-rc1/linux-4.2-rc1.tar.xz-32_7a-drivers--net--wireless--libertas--libertas.ko-entry_point.cil.out.i,64,c/properties/unreach-call.prp,True
CBMC,c/combinations/square_3+soft_float_2a.c.cil.c,32,c/properties/unreach-call.prp,False
CBMC,c/combinations/gcd_3+newton_1_5.i,32,c/properties/unreach-call.prp,False
CBMC,c/list-ext-properties/list-ext_2.i,32,c/properties/valid-memsafety.prp,False
CBMC,c/goblint-regression/13-privatized_38-traces-ex-4-switch_true.i,32,c/properties/unreach-call.prp,True
CBMC,c/goblint-regression/13-privatized_38-traces-ex-4-switch_true.i,32,c/properties/valid-memsafety.prp,True
CBMC,c/goblint-regression/13-privatized_38-traces-ex-4-switch_true.i,32,c/properties/no-overflow.prp,True
CBMC,c/goblint-regression/13-privatized_38-traces-ex-4-switch_true.i,32,c/properties/no-data-race.prp,True
CBMC,c/combinations/pc_sfifo_3.cil+token_ring.15.cil.c,32,c/properties/unreach-call.prp,False
CBMC,c/hardware-verification-bv/btor2c-lazyMod.msmie.2.prop1-back-serstep.c,64,c/properties/unreach-call.prp,False
CBMC,c/floats-cdfpl/newton_1_8.i,32,c/properties/termination.prp,True
CBMC,c/floats-cdfpl/newton_1_8.i,32,c/properties/unreach-call.prp,False
CBMC,c/aws-c-common/aws_array_list_pop_back_harness.i,64,c/properties/unreach-call.prp,True
CBMC,c/goblint-regression/28-race_reach_46-escape_racefree.i,32,c/properties/unreach-call.prp,True
CBMC,c/goblint-regression/28-race_reach_46-escape_racefree.i,32,c/properties/valid-memsafety.prp,True
CBMC,c/goblint-regression/28-race_reach_46-escape_racefree.i,32,c/properties/no-overflow.prp,True
CBMC,c/goblint-regression/28-race_reach_46-escape_racefree.i,32,c/properties/no-data-race.prp,True
CBMC,c/ldv-linux-3.4-simple/32_1_cilled_ok_nondet_linux-3.4-32_1-drivers--media--dvb--dvb-usb--dvb-usb-rtl28xxu.ko-ldv_main0_sequence_infinite_withcheck_stateful.cil.out.i,64,c/properties/valid-memsafety.prp,False
CBMC,c/pthread/lazy01.i,32,c/properties/unreach-call.prp,False
CBMC,c/pthread/lazy01.i,32,c/properties/valid-memsafety.prp,True
CBMC,c/pthread/lazy01.i,32,c/properties/no-overflow.prp,True
CBMC,c/pthread/lazy01.i,32,c/properties/no-data-race.prp,True
CBMC,c/goblint-regression/13-privatized_37-traces-ex-4_true.i,32,c/properties/unreach-call.prp,True
CBMC,c/goblint-regression/13-privatized_37-traces-ex-4_true.i,32,c/properties/valid-memsafety.prp,True
CBMC,c/goblint-regression/13-privatized_37-traces-ex-4_true.i,32,c/properties/no-overflow.prp,True
CBMC,c/goblint-regression/13-privatized_37-traces-ex-4_true.i,32,c/properties/no-data-race.prp,True
CBMC,c/loops-crafted-1/sum_natnum.c,32,c/properties/no-overflow.prp,True
CBMC,c/loops-crafted-1/sum_natnum.c,32,c/properties/unreach-call.prp,True
CBMC,c/ldv-linux-4.2-rc1/linux-4.2-rc1.tar.xz-43_2a-drivers--net--wireless--libertas--libertas.ko-entry_point.cil.out.i,64,c/properties/unreach-call.prp,True
CBMC,c/hardware-verification-bv/btor2c-lazyMod.cyclic_scheduler.2.prop1-func-interl.c,64,c/properties/unreach-call.prp,False
CBMC,c/goblint-regression/13-privatized_37-traces-ex-4_true.i,32,c/properties/unreach-call.prp,True
CBMC,c/goblint-regression/13-privatized_37-traces-ex-4_true.i,32,c/properties/valid-memsafety.prp,True
CBMC,c/goblint-regression/13-privatized_37-traces-ex-4_true.i,32,c/properties/no-overflow.prp,True
CBMC,c/goblint-regression/13-privatized_37-traces-ex-4_true.i,32,c/properties/no-data-race.prp,True
CBMC,c/ldv-consumption/32_7a_cilled_linux-3.8-rc1-32_7a-drivers--video--smscufx.ko-ldv_main0_sequence_infinite_withcheck_stateful.cil.out.i,64,c/properties/unreach-call.prp,True
CBMC,c/hardware-verification-bv/btor2c-lazyMod.telephony.8.prop1-back-serstep.c,64,c/properties/unreach-call.prp,False
CBMC,c/ldv-linux-4.0-rc1-mav/linux-4.0-rc1---drivers--scsi--qla4xxx--qla4xxx.ko.cil.i,64,c/properties/unreach-call.prp,False
CBMC,c/Juliet_Test/CWE190_Integer_Overflow__int_rand_square_45_good.i,64,c/properties/no-overflow.prp,True
CBMC,c/hardware-verification-bv/btor2c-lazyMod.collision.2.prop1-func-interl.c,64,c/properties/unreach-call.prp,False
CBMC,c/ldv-linux-4.2-rc1/linux-4.2-rc1.tar.xz-43_2a-drivers--media--usb--s2255--s2255drv.ko-entry_point.cil.out.i,64,c/properties/unreach-call.prp,True
CBMC,c/ldv-linux-3.4-simple/43_1a_cilled_ok_nondet_linux-43_1a-drivers--input--mouse--vsxxxaa.ko-ldv_main0_sequence_infinite_withcheck_stateful.cil.out.i,64,c/properties/unreach-call.prp,True
CBMC,c/recursified_nla-digbench/recursified_ps6-ll.c,32,c/properties/unreach-call.prp,True
CBMC,c/recursified_nla-digbench/recursified_ps6-ll.c,32,c/properties/no-overflow.prp,True
CBMC,c/combinations/pc_sfifo_1.cil-2+token_ring.15.cil.c,32,c/properties/unreach-call.prp,False
CBMC,c/nla-digbench-scaling/hard-ll_valuebound100.c,32,c/properties/unreach-call.prp,True
CBMC,c/nla-digbench-scaling/hard-ll_valuebound100.c,32,c/properties/no-overflow.prp,True
CBMC,c/hardware-verification-bv/btor2c-lazyMod.lamport.6.prop1-back-serstep.c,64,c/properties/unreach-call.prp,False
CBMC,c/ldv-linux-3.4-simple/43_1a_cilled_ok_nondet_linux-43_1a-drivers--cpufreq--pcc-cpufreq.ko-ldv_main0_sequence_infinite_withcheck_stateful.cil.out.i,64,c/properties/unreach-call.prp,True
CBMC,c/ldv-linux-3.4-simple/43_1a_cilled_ok_nondet_linux-43_1a-drivers--net--arcnet--rfc1051.ko-ldv_main0_sequence_infinite_withcheck_stateful.cil.out.i,64,c/properties/termination.prp,True
CBMC,c/ldv-linux-3.4-simple/43_1a_cilled_ok_nondet_linux-43_1a-drivers--net--arcnet--rfc1051.ko-ldv_main0_sequence_infinite_withcheck_stateful.cil.out.i,64,c/properties/unreach-call.prp,True
CBMC,c/Juliet_Test/CWE190_Integer_Overflow__int_rand_square_34_good.i,64,c/properties/no-overflow.prp,True
CBMC,c/nla-digbench-scaling/geo3-ll_valuebound5.c,32,c/properties/unreach-call.prp,True
CBMC,c/nla-digbench-scaling/geo3-ll_valuebound5.c,32,c/properties/no-overflow.prp,True
CBMC,c/Juliet_Test/CWE190_Integer_Overflow__int_rand_square_61_good.i,64,c/properties/no-overflow.prp,True
CBMC,c/ldv-regression/test22-1.c,32,c/properties/valid-memsafety.prp,True
CBMC,c/ldv-regression/test22-1.c,32,c/properties/no-overflow.prp,True
CBMC,c/ldv-regression/test22-1.c,32,c/properties/unreach-call.prp,True
CBMC,c/goblint-regression/13-privatized_30-traces-oplus-vs-meet_true.i,32,c/properties/unreach-call.prp,True
CBMC,c/goblint-regression/13-privatized_30-traces-oplus-vs-meet_true.i,32,c/properties/valid-memsafety.prp,True
CBMC,c/goblint-regression/13-privatized_30-traces-oplus-vs-meet_true.i,32,c/properties/no-overflow.prp,True
CBMC,c/goblint-regression/13-privatized_30-traces-oplus-vs-meet_true.i,32,c/properties/no-data-race.prp,True
CBMC,c/Juliet_Test/CWE190_Integer_Overflow__int_fscanf_square_61_good.i,64,c/properties/no-overflow.prp,True
CBMC,c/seq-mthreaded/rekcba_nxt.3.M1.c,32,c/properties/unreach-call.prp,True
CBMC,c/ldv-linux-3.4-simple/32_7_cilled_const_ok_linux-32_1-drivers--staging--keucr--keucr.ko-ldv_main1_sequence_infinite_withcheck_stateful.cil.out.i,64,c/properties/unreach-call.prp,False
CBMC,c/goblint-regression/13-privatized_35-traces-ex-2_true.i,32,c/properties/unreach-call.prp,True
CBMC,c/goblint-regression/13-privatized_35-traces-ex-2_true.i,32,c/properties/valid-memsafety.prp,True
CBMC,c/goblint-regression/13-privatized_35-traces-ex-2_true.i,32,c/properties/no-overflow.prp,True
CBMC,c/goblint-regression/13-privatized_35-traces-ex-2_true.i,32,c/properties/no-data-race.prp,True
CBMC,c/Juliet_Test/CWE190_Integer_Overflow__int_rand_square_01_good.i,64,c/properties/no-overflow.prp,True
CBMC,c/ldv-linux-3.4-simple/43_1a_cilled_ok_nondet_linux-43_1a-drivers--media--common--tuners--mt20xx.ko-ldv_main0_sequence_infinite_withcheck_stateful.cil.out.i,64,c/properties/termination.prp,False
CBMC,c/ldv-linux-3.4-simple/43_1a_cilled_ok_nondet_linux-43_1a-drivers--media--common--tuners--mt20xx.ko-ldv_main0_sequence_infinite_withcheck_stateful.cil.out.i,64,c/properties/unreach-call.prp,True
CBMC,c/Juliet_Test/CWE190_Integer_Overflow__int_rand_square_66_good.i,64,c/properties/no-overflow.prp,True
CBMC,c/nla-digbench-scaling/egcd3-ll_unwindbound50.c,32,c/properties/unreach-call.prp,False
CBMC,c/nla-digbench-scaling/egcd3-ll_unwindbound50.c,32,c/properties/no-overflow.prp,True
CBMC,c/Juliet_Test/CWE190_Integer_Overflow__int_rand_square_64_good.i,64,c/properties/no-overflow.prp,True
CBMC,c/seq-mthreaded/rekh_ctm.4.c,32,c/properties/termination.prp,True
CBMC,c/seq-mthreaded/rekh_ctm.4.c,32,c/properties/unreach-call.prp,True
CBMC,c/nla-digbench-scaling/lcm2_valuebound20.c,32,c/properties/unreach-call.prp,True
CBMC,c/nla-digbench-scaling/lcm2_valuebound20.c,32,c/properties/no-overflow.prp,True
CBMC,c/Juliet_Test/CWE190_Integer_Overflow__int_fscanf_square_32_good.i,64,c/properties/no-overflow.prp,True
CBMC,c/combinations/gcd_2+newton_1_6.i,32,c/properties/unreach-call.prp,False
CBMC,c/Juliet_Test/CWE190_Integer_Overflow__int_max_square_03_good.i,64,c/properties/no-overflow.prp,True
CBMC,c/nla-digbench-scaling/prod4br-ll_valuebound10.c,32,c/properties/unreach-call.prp,True
CBMC,c/nla-digbench-scaling/prod4br-ll_valuebound10.c,32,c/properties/no-overflow.prp,True
CBMC,c/combinations/pc_sfifo_3.cil+token_ring.12.cil-1.c,32,c/properties/unreach-call.prp,False
CBMC,c/ldv-linux-3.4-simple/32_7_cpp_single_drivers-usb-image-microtek.cil.out.i,64,c/properties/unreach-call.prp,False
CBMC,c/eca-rers2012/Problem10_label58.c,32,c/properties/unreach-call.prp,False
CBMC,c/goblint-regression/13-privatized_34-traces-minepp-L-needs-to-be-um_true.i,32,c/properties/unreach-call.prp,True
CBMC,c/goblint-regression/13-privatized_34-traces-minepp-L-needs-to-be-um_true.i,32,c/properties/valid-memsafety.prp,True
CBMC,c/goblint-regression/13-privatized_34-traces-minepp-L-needs-to-be-um_true.i,32,c/properties/no-overflow.prp,True
CBMC,c/goblint-regression/13-privatized_34-traces-minepp-L-needs-to-be-um_true.i,32,c/properties/no-data-race.prp,True
CBMC,c/combinations/pc_sfifo_3.cil+token_ring.13.cil-1.c,32,c/properties/unreach-call.prp,False
CBMC,c/hardware-verification-bv/btor2c-lazyMod.gear.1.prop2-back-serstep.c,64,c/properties/unreach-call.prp,False
CBMC,c/hardware-verification-bv/btor2c-lazyMod.circular_pointer_top_w128_d8_e0.c,64,c/properties/unreach-call.prp,False
CBMC,c/floats-cdfpl/newton_1_7.i,32,c/properties/termination.prp,True
CBMC,c/floats-cdfpl/newton_1_7.i,32,c/properties/unreach-call.prp,False
CBMC,c/eca-rers2012/Problem10_label41.c,32,c/properties/unreach-call.prp,False
CBMC,c/Juliet_Test/CWE190_Integer_Overflow__int_rand_square_68_good.i,64,c/properties/no-overflow.prp,True
CBMC,c/nla-digbench-scaling/knuth_valuebound100.i,32,c/properties/unreach-call.prp,True
CBMC,c/nla-digbench-scaling/knuth_valuebound100.i,32,c/properties/no-overflow.prp,True
CBMC,c/goblint-regression/13-privatized_34-traces-minepp-L-needs-to-be-um_true.i,32,c/properties/unreach-call.prp,True
CBMC,c/goblint-regression/13-privatized_34-traces-minepp-L-needs-to-be-um_true.i,32,c/properties/valid-memsafety.prp,True
CBMC,c/goblint-regression/13-privatized_34-traces-minepp-L-needs-to-be-um_true.i,32,c/properties/no-overflow.prp,True
CBMC,c/goblint-regression/13-privatized_34-traces-minepp-L-needs-to-be-um_true.i,32,c/properties/no-data-race.prp,True
CBMC,c/aws-c-common/aws_array_list_swap_harness.i,64,c/properties/no-overflow.prp,True
CBMC,c/aws-c-common/aws_array_list_swap_harness.i,64,c/properties/unreach-call.prp,True
CBMC,c/combinations/pc_sfifo_2.cil-1+token_ring.11.cil-1.c,32,c/properties/unreach-call.prp,False
CBMC,c/Juliet_Test/CWE190_Integer_Overflow__int_fscanf_square_31_good.i,64,c/properties/no-overflow.prp,True
CBMC,c/combinations/gcd_4+newton_1_7.i,32,c/properties/unreach-call.prp,False
CBMC,c/neural-networks/softsign_w32_r1_case_1_safe.c-amalgamation.i,32,c/properties/unreach-call.prp,True
CBMC,c/Juliet_Test/CWE190_Integer_Overflow__int_fscanf_square_45_good.i,64,c/properties/no-overflow.prp,True
CBMC,c/combinations/square_3+soft_float_3a.c.cil.c,32,c/properties/unreach-call.prp,False
CBMC,c/Juliet_Test/CWE190_Integer_Overflow__int_rand_square_53_good.i,64,c/properties/no-overflow.prp,True
CBMC,c/Juliet_Test/CWE190_Integer_Overflow__int_fscanf_square_41_good.i,64,c/properties/no-overflow.prp,True
CBMC,c/ldv-commit-tester/m0_drivers-hwmon-ibmpex-ko--130_7a--d631323.i,64,c/properties/unreach-call.prp,True
CBMC,c/neural-networks/poly_32_32_thresh_5_unsafe.c-amalgamation.i,32,c/properties/unreach-call.prp,False
CBMC,c/Juliet_Test/CWE190_Integer_Overflow__int_fscanf_square_42_good.i,64,c/properties/no-overflow.prp,True
CBMC,c/goblint-coreutils/instrumented_interval_cksum_comb.i,64,c/properties/unreach-call.prp,True
CBMC,c/goblint-coreutils/instrumented_interval_cksum_comb.i,64,c/properties/valid-memsafety.prp,True
CBMC,c/goblint-coreutils/instrumented_interval_cksum_comb.i,64,c/properties/no-overflow.prp,True
CBMC,c/goblint-regression/13-privatized_38-traces-ex-4-switch_true.i,32,c/properties/unreach-call.prp,True
CBMC,c/goblint-regression/13-privatized_38-traces-ex-4-switch_true.i,32,c/properties/valid-memsafety.prp,True
CBMC,c/goblint-regression/13-privatized_38-traces-ex-4-switch_true.i,32,c/properties/no-overflow.prp,True
CBMC,c/goblint-regression/13-privatized_38-traces-ex-4-switch_true.i,32,c/properties/no-data-race.prp,True
CBMC,c/Juliet_Test/CWE190_Integer_Overflow__int_fscanf_square_16_good.i,64,c/properties/no-overflow.prp,True
CBMC,c/Juliet_Test/CWE190_Integer_Overflow__int_rand_square_67_good.i,64,c/properties/no-overflow.prp,True
CBMC,c/ldv-linux-3.4-simple/43_1a_cilled_ok_nondet_linux-43_1a-drivers--net--arcnet--com90io.ko-ldv_main0_sequence_infinite_withcheck_stateful.cil.out.i,64,c/properties/unreach-call.prp,True
CBMC,c/array-memsafety-realloc/array-realloc-2.i,32,c/properties/no-overflow.prp,True
CBMC,c/array-memsafety-realloc/array-realloc-2.i,32,c/properties/valid-memsafety.prp,True
CBMC,c/combinations/pc_sfifo_1.cil-2+token_ring.14.cil.c,32,c/properties/unreach-call.prp,False
CBMC,c/hardware-verification-bv/btor2c-lazyMod.gear.2.prop2-back-serstep.c,64,c/properties/unreach-call.prp,False
CBMC,c/hardware-verification-bv/btor2c-lazyMod.shift_register_top_w64_d8_e0.c,64,c/properties/unreach-call.prp,False
CBMC,c/Juliet_Test/CWE190_Integer_Overflow__int_rand_square_32_good.i,64,c/properties/no-overflow.prp,True
CBMC,c/nla-digbench-scaling/knuth_unwindbound10.i,32,c/properties/unreach-call.prp,True
CBMC,c/nla-digbench-scaling/knuth_unwindbound10.i,32,c/properties/no-overflow.prp,True
CBMC,c/ldv-linux-3.12-rc1/linux-3.12-rc1.tar.xz-144_2a-drivers--media--usb--stk1160--stk1160.ko-entry_point.cil.out.i,64,c/properties/unreach-call.prp,False
CBMC,c/Juliet_Test/CWE190_Integer_Overflow__int_fscanf_square_67_good.i,64,c/properties/no-overflow.prp,True
CBMC,c/pthread-ext/25_stack_longest-2.i,32,c/properties/unreach-call.prp,False
CBMC,c/pthread-ext/25_stack_longest-2.i,32,c/properties/valid-memsafety.prp,True
CBMC,c/pthread-ext/25_stack_longest-2.i,32,c/properties/no-overflow.prp,True
CBMC,c/pthread-ext/25_stack_longest-2.i,32,c/properties/no-data-race.prp,True
CBMC,c/floats-cdfpl/sine_7.i,32,c/properties/termination.prp,True
CBMC,c/floats-cdfpl/sine_7.i,32,c/properties/unreach-call.prp,True
CBMC,c/loop-invariants/linear-inequality-inv-a.c,32,c/properties/no-overflow.prp,True
CBMC,c/loop-invariants/linear-inequality-inv-a.c,32,c/properties/termination.prp,True
CBMC,c/loop-invariants/linear-inequality-inv-a.c,32,c/properties/unreach-call.prp,True
CBMC,c/goblint-regression/28-race_reach_79-equ_racefree.i,32,c/properties/unreach-call.prp,True
CBMC,c/goblint-regression/28-race_reach_79-equ_racefree.i,32,c/properties/valid-memsafety.prp,True
CBMC,c/goblint-regression/28-race_reach_79-equ_racefree.i,32,c/properties/no-overflow.prp,True
CBMC,c/goblint-regression/28-race_reach_79-equ_racefree.i,32,c/properties/no-data-race.prp,True
CBMC,c/neural-networks/poly_256_thresh_4_unsafe.c-amalgamation.i,32,c/properties/unreach-call.prp,False
CBMC,c/Juliet_Test/CWE190_Integer_Overflow__int_fscanf_square_66_good.i,64,c/properties/no-overflow.prp,True
CBMC,c/ldv-validator-v0.8/linux-stable-5742d35-1-136_1a-drivers--usb--serial--ti_usb_3410_5052.ko-entry_point_ldv-val-v0.8.cil.out.i,64,c/properties/unreach-call.prp,False
CBMC,c/combinations/pc_sfifo_2.cil-1+token_ring.14.cil.c,32,c/properties/unreach-call.prp,False
CBMC,c/ldv-linux-3.4-simple/32_1_cilled_ok_nondet_linux-3.4-32_1-drivers--media--common--tuners--qt1010.ko-ldv_main0_sequence_infinite_withcheck_stateful.cil.out.i,64,c/properties/unreach-call.prp,True
CBMC,c/nla-digbench-scaling/egcd3-ll_valuebound10.c,32,c/properties/unreach-call.prp,True
CBMC,c/nla-digbench-scaling/egcd3-ll_valuebound10.c,32,c/properties/no-overflow.prp,True
CBMC,c/ldv-regression/test25-2.c,32,c/properties/valid-memsafety.prp,True
CBMC,c/ldv-regression/test25-2.c,32,c/properties/unreach-call.prp,True
CBMC,c/Juliet_Test/CWE190_Integer_Overflow__int_rand_square_42_good.i,64,c/properties/no-overflow.prp,True
CBMC,c/Juliet_Test/CWE190_Integer_Overflow__int_rand_square_52_good.i,64,c/properties/no-overflow.prp,True
CBMC,c/seq-mthreaded-reduced/pals_lcr.4.ufo.BOUNDED-8.pals.c.v+sep-reducer.c,32,c/properties/unreach-call.prp,True
CBMC,c/hardware-verification-bv/btor2c-lazyMod.fischer.3.prop1-func-interl.c,64,c/properties/unreach-call.prp,False
CBMC,c/hardware-verification-bv/btor2c-lazyMod.at.3.prop1-back-serstep.c,64,c/properties/unreach-call.prp,False
CBMC,c/goblint-regression/13-privatized_30-traces-oplus-vs-meet_true.i,32,c/properties/unreach-call.prp,True
CBMC,c/goblint-regression/13-privatized_30-traces-oplus-vs-meet_true.i,32,c/properties/valid-memsafety.prp,True
CBMC,c/goblint-regression/13-privatized_30-traces-oplus-vs-meet_true.i,32,c/properties/no-overflow.prp,True
CBMC,c/goblint-regression/13-privatized_30-traces-oplus-vs-meet_true.i,32,c/properties/no-data-race.prp,True
CBMC,c/combinations/gcd_2+newton_1_7.i,32,c/properties/unreach-call.prp,False
CBMC,c/Juliet_Test/CWE190_Integer_Overflow__int_fscanf_square_64_good.i,64,c/properties/no-overflow.prp,True
CBMC,c/hardware-verification-bv/btor2c-lazyMod.lann.8.prop1-back-serstep.c,64,c/properties/unreach-call.prp,False
CBMC,c/loop-new/gauss_sum.i.p+cfa-reducer.c,32,c/properties/unreach-call.prp,True
CBMC,c/array-crafted/xor2.i,32,c/properties/no-overflow.prp,True
CBMC,c/array-crafted/xor2.i,32,c/properties/unreach-call.prp,True
CBMC,c/Juliet_Test/CWE191_Integer_Underflow__int_listen_socket_sub_07_good.i,64,c/properties/no-overflow.prp,True
CBMC,c/Juliet_Test/CWE191_Integer_Underflow__int_listen_socket_sub_22_good.i,64,c/properties/no-overflow.prp,True
CBMC,c/nla-digbench-scaling/prodbin-ll_unwindbound5.c,32,c/properties/unreach-call.prp,False
CBMC,c/nla-digbench-scaling/prodbin-ll_unwindbound5.c,32,c/properties/no-overflow.prp,True
CBMC,c/Juliet_Test/CWE191_Integer_Underflow__int_listen_socket_multiply_03_good.i,64,c/properties/no-overflow.prp,True
CBMC,c/ldv-consumption/32_7a_cilled_linux-3.8-rc1-drivers--tty--synclinkmp.ko-main.cil.out.i,64,c/properties/unreach-call.prp,True
CBMC,c/Juliet_Test/CWE191_Integer_Underflow__int_listen_socket_predec_08_good.i,64,c/properties/no-overflow.prp,True
CBMC,c/ntdrivers/cdaudio.i.cil-2.c,32,c/properties/no-overflow.prp,False
CBMC,c/goblint-coreutils/instrumented_interval_dd_comb.i,64,c/properties/unreach-call.prp,True
CBMC,c/goblint-coreutils/instrumented_interval_dd_comb.i,64,c/properties/valid-memsafety.prp,True
CBMC,c/goblint-coreutils/instrumented_interval_dd_comb.i,64,c/properties/no-overflow.prp,True
CBMC,c/Juliet_Test/CWE191_Integer_Underflow__int_listen_socket_predec_02_good.i,64,c/properties/no-overflow.prp,True
CBMC,c/floats-esbmc-regression/floor_nondet.i,32,c/properties/unreach-call.prp,True
CBMC,c/Juliet_Test/CWE190_Integer_Overflow__int_fscanf_square_51_good.i,64,c/properties/no-overflow.prp,True
CBMC,c/Juliet_Test/CWE191_Integer_Underflow__int_connect_socket_sub_06_good.i,64,c/properties/no-overflow.prp,True
CBMC,c/Juliet_Test/CWE191_Integer_Underflow__int_listen_socket_predec_11_good.i,64,c/properties/no-overflow.prp,True
CBMC,c/Juliet_Test/CWE191_Integer_Underflow__int_connect_socket_postdec_21_good.i,64,c/properties/no-overflow.prp,True
CBMC,c/ldv-consumption/32_7a_cilled_linux-3.8-rc1-drivers--hwmon--w83781d.ko-main.cil.out.i,64,c/properties/unreach-call.prp,True
CBMC,c/Juliet_Test/CWE190_Integer_Overflow__int_listen_socket_multiply_09_good.i,64,c/properties/no-overflow.prp,True
CBMC,c/Juliet_Test/CWE191_Integer_Underflow__int_listen_socket_predec_13_good.i,64,c/properties/no-overflow.prp,True
CBMC,c/Juliet_Test/CWE190_Integer_Overflow__int_fscanf_square_17_good.i,64,c/properties/no-overflow.prp,True
CBMC,c/loop-new/gauss_sum.i.p+lhb-reducer.c,32,c/properties/unreach-call.prp,True
CBMC,c/Juliet_Test/CWE190_Integer_Overflow__int_connect_socket_postinc_03_good.i,64,c/properties/no-overflow.prp,True
CBMC,c/Juliet_Test/CWE191_Integer_Underflow__int_listen_socket_sub_08_good.i,64,c/properties/no-overflow.prp,True
CBMC,c/weaver/parallel-barrier.wvr.c,32,c/properties/unreach-call.prp,True
CBMC,c/weaver/parallel-barrier.wvr.c,32,c/properties/valid-memsafety.prp,True
CBMC,c/weaver/parallel-barrier.wvr.c,32,c/properties/no-overflow.prp,True
CBMC,c/weaver/parallel-barrier.wvr.c,32,c/properties/no-data-race.prp,True
CBMC,c/Juliet_Test/CWE190_Integer_Overflow__int_connect_socket_postinc_09_good.i,64,c/properties/no-overflow.prp,True
CBMC,c/seq-mthreaded/rekcba_nxt.1.M1-2.c,32,c/properties/unreach-call.prp,True
CBMC,c/Juliet_Test/CWE190_Integer_Overflow__int_listen_socket_multiply_15_good.i,64,c/properties/no-overflow.prp,True
CBMC,c/Juliet_Test/CWE191_Integer_Underflow__int_connect_socket_sub_09_good.i,64,c/properties/no-overflow.prp,True
CBMC,c/Juliet_Test/CWE190_Integer_Overflow__int_listen_socket_preinc_05_good.i,64,c/properties/no-overflow.prp,True
CBMC,c/Juliet_Test/CWE190_Integer_Overflow__int_connect_socket_preinc_15_good.i,64,c/properties/no-overflow.prp,True
CBMC,c/goblint-regression/13-privatized_35-traces-ex-2_true.i,32,c/properties/unreach-call.prp,True
CBMC,c/goblint-regression/13-privatized_35-traces-ex-2_true.i,32,c/properties/valid-memsafety.prp,True
CBMC,c/goblint-regression/13-privatized_35-traces-ex-2_true.i,32,c/properties/no-overflow.prp,True
CBMC,c/goblint-regression/13-privatized_35-traces-ex-2_true.i,32,c/properties/no-data-race.prp,True
CBMC,c/ldv-linux-3.16-rc1/205_9a_array_safes_linux-3.16-rc1.tar.xz-205_9a-drivers--net--wireless--libertas_tf--libertas_tf.ko-entry_point.cil.out.i,64,c/properties/unreach-call.prp,True
CBMC,c/Juliet_Test/CWE191_Integer_Underflow__int_connect_socket_postdec_06_good.i,64,c/properties/no-overflow.prp,True
CBMC,c/Juliet_Test/CWE190_Integer_Overflow__int_listen_socket_multiply_10_good.i,64,c/properties/no-overflow.prp,True
CBMC,c/loops-crafted-1/sum_natnum.c,32,c/properties/no-overflow.prp,True
CBMC,c/loops-crafted-1/sum_natnum.c,32,c/properties/unreach-call.prp,True
CBMC,c/Juliet_Test/CWE191_Integer_Underflow__int_listen_socket_postdec_08_good.i,64,c/properties/no-overflow.prp,True
CBMC,c/Juliet_Test/CWE191_Integer_Underflow__int_listen_socket_postdec_07_good.i,64,c/properties/no-overflow.prp,True
CBMC,c/Juliet_Test/CWE191_Integer_Underflow__int_connect_socket_predec_22_good.i,64,c/properties/no-overflow.prp,True
CBMC,c/Juliet_Test/CWE191_Integer_Underflow__int_listen_socket_predec_10_good.i,64,c/properties/no-overflow.prp,True
CBMC,c/Juliet_Test/CWE190_Integer_Overflow__int_connect_socket_postinc_11_good.i,64,c/properties/no-overflow.prp,True
CBMC,c/Juliet_Test/CWE190_Integer_Overflow__int_listen_socket_postinc_13_good.i,64,c/properties/no-overflow.prp,True
CBMC,c/Juliet_Test/CWE191_Integer_Underflow__int_listen_socket_postdec_02_good.i,64,c/properties/no-overflow.prp,True
CBMC,c/goblint-coreutils/instrumented_dd_comb.i,64,c/properties/unreach-call.prp,True
CBMC,c/goblint-coreutils/instrumented_dd_comb.i,64,c/properties/valid-memsafety.prp,True
CBMC,c/goblint-coreutils/instrumented_dd_comb.i,64,c/properties/no-overflow.prp,True
CBMC,c/aws-c-common/aws_linked_list_pop_front_harness.i,64,c/properties/unreach-call.prp,True
CBMC,c/Juliet_Test/CWE191_Integer_Underflow__int_connect_socket_predec_12_good.i,64,c/properties/no-overflow.prp,True
CBMC,c/Juliet_Test/CWE190_Integer_Overflow__int_listen_socket_add_03_good.i,64,c/properties/no-overflow.prp,True
CBMC,c/Juliet_Test/CWE190_Integer_Overflow__int_connect_socket_postinc_10_good.i,64,c/properties/no-overflow.prp,True
CBMC,c/pthread/triangular-2.i,32,c/properties/unreach-call.prp,False
CBMC,c/pthread/triangular-2.i,32,c/properties/valid-memsafety.prp,True
CBMC,c/pthread/triangular-2.i,32,c/properties/no-overflow.prp,True
CBMC,c/pthread/triangular-2.i,32,c/properties/no-data-race.prp,True
CBMC,c/recursive/Fibonacci05.c,32,c/properties/no-overflow.prp,True
CBMC,c/recursive/Fibonacci05.c,32,c/properties/termination.prp,True
CBMC,c/recursive/Fibonacci05.c,32,c/properties/unreach-call.prp,False
CBMC,c/Juliet_Test/CWE191_Integer_Underflow__int_listen_socket_postdec_03_good.i,64,c/properties/no-overflow.prp,True
CBMC,c/Juliet_Test/CWE190_Integer_Overflow__int_listen_socket_preinc_15_good.i,64,c/properties/no-overflow.prp,True
CBMC,c/Juliet_Test/CWE190_Integer_Overflow__int_fscanf_square_44_good.i,64,c/properties/no-overflow.prp,True
CBMC,c/Juliet_Test/CWE190_Integer_Overflow__int_listen_socket_postinc_05_good.i,64,c/properties/no-overflow.prp,True
CBMC,c/Juliet_Test/CWE190_Integer_Overflow__int_connect_socket_add_02_good.i,64,c/properties/no-overflow.prp,True
CBMC,c/Juliet_Test/CWE191_Integer_Underflow__int_connect_socket_sub_13_good.i,64,c/properties/no-overflow.prp,True
CBMC,c/Juliet_Test/CWE191_Integer_Underflow__int_listen_socket_postdec_05_good.i,64,c/properties/no-overflow.prp,True
CBMC,c/Juliet_Test/CWE190_Integer_Overflow__int_listen_socket_postinc_09_good.i,64,c/properties/no-overflow.prp,True
CBMC,c/Juliet_Test/CWE190_Integer_Overflow__int_fscanf_square_68_good.i,64,c/properties/no-overflow.prp,True
CBMC,c/Juliet_Test/CWE191_Integer_Underflow__int_connect_socket_postdec_22_good.i,64,c/properties/no-overflow.prp,True
CBMC,c/ldv-linux-3.4-simple/43_1a_cilled_ok_nondet_linux-43_1a-drivers--staging--telephony--ixj_pcmcia.ko-ldv_main0_sequence_infinite_withcheck_stateful.cil.out.i,64,c/properties/unreach-call.prp,True
CBMC,c/Juliet_Test/CWE191_Integer_Underflow__int_connect_socket_sub_21_good.i,64,c/properties/no-overflow.prp,True
CBMC,c/Juliet_Test/CWE191_Integer_Underflow__int_connect_socket_sub_12_good.i,64,c/properties/no-overflow.prp,True
CBMC,c/Juliet_Test/CWE190_Integer_Overflow__int_listen_socket_preinc_09_good.i,64,c/properties/no-overflow.prp,True
CBMC,c/Juliet_Test/CWE191_Integer_Underflow__int_connect_socket_predec_21_good.i,64,c/properties/no-overflow.prp,True
CBMC,c/Juliet_Test/CWE190_Integer_Overflow__int_connect_socket_preinc_21_good.i,64,c/properties/no-overflow.prp,True
CBMC,c/Juliet_Test/CWE190_Integer_Overflow__int_connect_socket_preinc_10_good.i,64,c/properties/no-overflow.prp,True
CBMC,c/Juliet_Test/CWE190_Integer_Overflow__int_connect_socket_preinc_04_good.i,64,c/properties/no-overflow.prp,True
CBMC,c/Juliet_Test/CWE190_Integer_Overflow__int_connect_socket_add_22_good.i,64,c/properties/no-overflow.prp,True
CBMC,c/Juliet_Test/CWE191_Integer_Underflow__int_listen_socket_predec_21_good.i,64,c/properties/no-overflow.prp,True
CBMC,c/hardware-verification-bv/btor2c-lazyMod.fischer.5.prop1-func-interl.c,64,c/properties/unreach-call.prp,False
CBMC,c/combinations/pc_sfifo_2.cil-1+token_ring.13.cil-1.c,32,c/properties/unreach-call.prp,False
CBMC,c/Juliet_Test/CWE191_Integer_Underflow__int_connect_socket_postdec_07_good.i,64,c/properties/no-overflow.prp,True
CBMC,c/Juliet_Test/CWE191_Integer_Underflow__int_listen_socket_predec_14_good.i,64,c/properties/no-overflow.prp,True
CBMC,c/Juliet_Test/CWE190_Integer_Overflow__int_listen_socket_multiply_03_good.i,64,c/properties/no-overflow.prp,True
CBMC,c/Juliet_Test/CWE190_Integer_Overflow__int_listen_socket_preinc_03_good.i,64,c/properties/no-overflow.prp,True
CBMC,c/Juliet_Test/CWE191_Integer_Underflow__int_connect_socket_multiply_02_good.i,64,c/properties/no-overflow.prp,True
CBMC,c/Juliet_Test/CWE190_Integer_Overflow__int_fscanf_square_63_good.i,64,c/properties/no-overflow.prp,True
CBMC,c/Juliet_Test/CWE191_Integer_Underflow__int_connect_socket_predec_07_good.i,64,c/properties/no-overflow.prp,True
CBMC,c/Juliet_Test/CWE191_Integer_Underflow__int_connect_socket_sub_07_good.i,64,c/properties/no-overflow.prp,True
CBMC,c/Juliet_Test/CWE191_Integer_Underflow__int_connect_socket_postdec_10_good.i,64,c/properties/no-overflow.prp,True
CBMC,c/Juliet_Test/CWE191_Integer_Underflow__int_listen_socket_multiply_14_good.i,64,c/properties/no-overflow.prp,True
CBMC,c/Juliet_Test/CWE190_Integer_Overflow__int_connect_socket_preinc_08_good.i,64,c/properties/no-overflow.prp,True
CBMC,c/Juliet_Test/CWE190_Integer_Overflow__int_connect_socket_multiply_06_good.i,64,c/properties/no-overflow.prp,True
CBMC,c/Juliet_Test/CWE191_Integer_Underflow__int_listen_socket_sub_06_good.i,64,c/properties/no-overflow.prp,True
CBMC,c/Juliet_Test/CWE190_Integer_Overflow__int_listen_socket_multiply_13_good.i,64,c/properties/no-overflow.prp,True
CBMC,c/Juliet_Test/CWE190_Integer_Overflow__int_connect_socket_postinc_08_good.i,64,c/properties/no-overflow.prp,True
CBMC,c/floats-cdfpl/newton_1_6.i,32,c/properties/termination.prp,True
CBMC,c/floats-cdfpl/newton_1_6.i,32,c/properties/unreach-call.prp,False
CBMC,c/Juliet_Test/CWE191_Integer_Underflow__int_connect_socket_multiply_14_good.i,64,c/properties/no-overflow.prp,True
CBMC,c/Juliet_Test/CWE191_Integer_Underflow__int_listen_socket_multiply_11_good.i,64,c/properties/no-overflow.prp,True
CBMC,c/Juliet_Test/CWE191_Integer_Underflow__int_listen_socket_predec_03_good.i,64,c/properties/no-overflow.prp,True
CBMC,c/Juliet_Test/CWE191_Integer_Underflow__int_connect_socket_predec_03_good.i,64,c/properties/no-overflow.prp,True
CBMC,c/Juliet_Test/CWE190_Integer_Overflow__int_fscanf_square_18_good.i,64,c/properties/no-overflow.prp,True
CBMC,c/Juliet_Test/CWE191_Integer_Underflow__int_connect_socket_predec_04_good.i,64,c/properties/no-overflow.prp,True
CBMC,c/hardware-verification-bv/btor2c-lazyMod.lamport.8.prop1-back-serstep.c,64,c/properties/unreach-call.prp,False
CBMC,c/list-ext-properties/960521-1_1-2.i,32,c/properties/valid-memsafety.prp,True
CBMC,c/Juliet_Test/CWE190_Integer_Overflow__int_connect_socket_add_06_good.i,64,c/properties/no-overflow.prp,True
CBMC,c/Juliet_Test/CWE190_Integer_Overflow__int_rand_square_44_good.i,64,c/properties/no-overflow.prp,True
CBMC,c/combinations/pc_sfifo_1.cil-2+token_ring.13.cil-1.c,32,c/properties/unreach-call.prp,False
CBMC,c/Juliet_Test/CWE190_Integer_Overflow__int_connect_socket_postinc_15_good.i,64,c/properties/no-overflow.prp,True
CBMC,c/Juliet_Test/CWE190_Integer_Overflow__int_connect_socket_add_11_good.i,64,c/properties/no-overflow.prp,True
CBMC,c/Juliet_Test/CWE190_Integer_Overflow__int_connect_socket_add_08_good.i,64,c/properties/no-overflow.prp,True
CBMC,c/nla-digbench-scaling/freire2_valuebound1.c,32,c/properties/unreach-call.prp,False
CBMC,c/nla-digbench-scaling/freire2_valuebound1.c,32,c/properties/no-overflow.prp,True
CBMC,c/Juliet_Test/CWE191_Integer_Underflow__int_listen_socket_multiply_08_good.i,64,c/properties/no-overflow.prp,True
CBMC,c/Juliet_Test/CWE191_Integer_Underflow__int_connect_socket_multiply_03_good.i,64,c/properties/no-overflow.prp,True
CBMC,c/nla-digbench-scaling/hard-ll_valuebound100.c,32,c/properties/unreach-call.prp,True
CBMC,c/nla-digbench-scaling/hard-ll_valuebound100.c,32,c/properties/no-overflow.prp,True
CBMC,c/Juliet_Test/CWE191_Integer_Underflow__int_listen_socket_sub_12_good.i,64,c/properties/no-overflow.prp,True
CBMC,c/pthread-deagle/circular_buffer_bad.i,32,c/properties/unreach-call.prp,False
CBMC,c/pthread-deagle/circular_buffer_bad.i,32,c/properties/valid-memsafety.prp,True
CBMC,c/pthread-deagle/circular_buffer_bad.i,32,c/properties/no-overflow.prp,True
CBMC,c/pthread-deagle/circular_buffer_bad.i,32,c/properties/no-data-race.prp,True
CBMC,c/Juliet_Test/CWE190_Integer_Overflow__int_rand_square_65_good.i,64,c/properties/no-overflow.prp,True
CBMC,c/Juliet_Test/CWE190_Integer_Overflow__int_connect_socket_preinc_11_good.i,64,c/properties/no-overflow.prp,True
CBMC,c/Juliet_Test/CWE190_Integer_Overflow__int_connect_socket_postinc_05_good.i,64,c/properties/no-overflow.prp,True
CBMC,c/Juliet_Test/CWE191_Integer_Underflow__int_listen_socket_postdec_10_good.i,64,c/properties/no-overflow.prp,True
CBMC,c/Juliet_Test/CWE190_Integer_Overflow__int_connect_socket_add_21_good.i,64,c/properties/no-overflow.prp,True
CBMC,c/Juliet_Test/CWE190_Integer_Overflow__int_connect_socket_preinc_12_good.i,64,c/properties/no-overflow.prp,True
CBMC,c/nla-digbench-scaling/cohendiv-ll_unwindbound5.c,32,c/properties/unreach-call.prp,True
CBMC,c/nla-digbench-scaling/cohendiv-ll_unwindbound5.c,32,c/properties/no-overflow.prp,True
CBMC,c/Juliet_Test/CWE190_Integer_Overflow__int_connect_socket_add_09_good.i,64,c/properties/no-overflow.prp,True
CBMC,c/Juliet_Test/CWE191_Integer_Underflow__int_connect_socket_postdec_05_good.i,64,c/properties/no-overflow.prp,True
CBMC,c/loop-crafted/simple_array_index_value_3.i,32,c/properties/termination.prp,True
CBMC,c/loop-crafted/simple_array_index_value_3.i,32,c/properties/unreach-call.prp,True
CBMC,c/Juliet_Test/CWE191_Integer_Underflow__int_listen_socket_predec_15_good.i,64,c/properties/no-overflow.prp,True
CBMC,c/Juliet_Test/CWE191_Integer_Underflow__int_connect_socket_sub_04_good.i,64,c/properties/no-overflow.prp,True
CBMC,c/nla-digbench-scaling/egcd-ll_valuebound10.c,32,c/properties/unreach-call.prp,True
CBMC,c/nla-digbench-scaling/egcd-ll_valuebound10.c,32,c/properties/no-overflow.prp,True
CBMC,c/hardware-verification-bv/btor2c-lazyMod.telephony.1.prop1-back-serstep.c,64,c/properties/unreach-call.prp,False
CBMC,c/Juliet_Test/CWE190_Integer_Overflow__int_listen_socket_multiply_22_good.i,64,c/properties/no-overflow.prp,True
CBMC,c/Juliet_Test/CWE191_Integer_Underflow__int_listen_socket_postdec_04_good.i,64,c/properties/no-overflow.prp,True
CBMC,c/Juliet_Test/CWE191_Integer_Underflow__int_connect_socket_sub_14_good.i,64,c/properties/no-overflow.prp,True
CBMC,c/Juliet_Test/CWE191_Integer_Underflow__int_listen_socket_postdec_11_good.i,64,c/properties/no-overflow.prp,True
CBMC,c/Juliet_Test/CWE190_Integer_Overflow__int_listen_socket_postinc_11_good.i,64,c/properties/no-overflow.prp,True
CBMC,c/Juliet_Test/CWE191_Integer_Underflow__int_connect_socket_postdec_12_good.i,64,c/properties/no-overflow.prp,True
CBMC,c/Juliet_Test/CWE191_Integer_Underflow__int_listen_socket_multiply_04_good.i,64,c/properties/no-overflow.prp,True
CBMC,c/Juliet_Test/CWE191_Integer_Underflow__int_listen_socket_multiply_10_good.i,64,c/properties/no-overflow.prp,True
CBMC,c/Juliet_Test/CWE191_Integer_Underflow__int_connect_socket_multiply_09_good.i,64,c/properties/no-overflow.prp,True
CBMC,c/nla-digbench-scaling/cohendiv-ll_valuebound100.c,32,c/properties/unreach-call.prp,True
CBMC,c/nla-digbench-scaling/cohendiv-ll_valuebound100.c,32,c/properties/no-overflow.prp,True
CBMC,c/Juliet_Test/CWE190_Integer_Overflow__int_listen_socket_multiply_08_good.i,64,c/properties/no-overflow.prp,True
CBMC,c/Juliet_Test/CWE190_Integer_Overflow__int_listen_socket_add_05_good.i,64,c/properties/no-overflow.prp,True
CBMC,c/Juliet_Test/CWE191_Integer_Underflow__int_listen_socket_postdec_12_good.i,64,c/properties/no-overflow.prp,True
CBMC,c/Juliet_Test/CWE190_Integer_Overflow__int_fscanf_square_52_good.i,64,c/properties/no-overflow.prp,True
CBMC,c/Juliet_Test/CWE191_Integer_Underflow__int_listen_socket_postdec_14_good.i,64,c/properties/no-overflow.prp,True
CBMC,c/Juliet_Test/CWE190_Integer_Overflow__int_listen_socket_postinc_04_good.i,64,c/properties/no-overflow.prp,True
CBMC,c/Juliet_Test/CWE190_Integer_Overflow__int_rand_square_63_good.i,64,c/properties/no-overflow.prp,True
CBMC,c/Juliet_Test/CWE191_Integer_Underflow__int_connect_socket_multiply_10_good.i,64,c/properties/no-overflow.prp,True
CBMC,c/Juliet_Test/CWE191_Integer_Underflow__int_connect_socket_predec_06_good.i,64,c/properties/no-overflow.prp,True
CBMC,c/Juliet_Test/CWE190_Integer_Overflow__int_connect_socket_add_05_good.i,64,c/properties/no-overflow.prp,True
CBMC,c/Juliet_Test/CWE190_Integer_Overflow__int_connect_socket_postinc_14_good.i,64,c/properties/no-overflow.prp,True
CBMC,c/Juliet_Test/CWE191_Integer_Underflow__int_listen_socket_postdec_09_good.i,64,c/properties/no-overflow.prp,True
CBMC,c/Juliet_Test/CWE190_Integer_Overflow__int_connect_socket_postinc_02_good.i,64,c/properties/no-overflow.prp,True
CBMC,c/Juliet_Test/CWE191_Integer_Underflow__int_connect_socket_sub_02_good.i,64,c/properties/no-overflow.prp,True
CBMC,c/Juliet_Test/CWE190_Integer_Overflow__int_connect_socket_preinc_09_good.i,64,c/properties/no-overflow.prp,True
CBMC,c/loop-new/gauss_sum.i.v+cfa-reducer.c,32,c/properties/unreach-call.prp,True
CBMC,c/ldv-linux-3.4-simple/43_1a_cilled_ok_nondet_linux-43_1a-drivers--media--dvb--frontends--dib3000mc.ko-ldv_main0_sequence_infinite_withcheck_stateful.cil.out.i,64,c/properties/unreach-call.prp,True
CBMC,c/Juliet_Test/CWE190_Integer_Overflow__int_fscanf_square_65_good.i,64,c/properties/no-overflow.prp,True
CBMC,c/Juliet_Test/CWE190_Integer_Overflow__int_listen_socket_add_11_good.i,64,c/properties/no-overflow.prp,True
CBMC,c/combinations/gcd_4+newton_1_6.i,32,c/properties/unreach-call.prp,False
CBMC,c/Juliet_Test/CWE190_Integer_Overflow__int_listen_socket_add_08_good.i,64,c/properties/no-overflow.prp,True
CBMC,c/Juliet_Test/CWE190_Integer_Overflow__int_listen_socket_multiply_02_good.i,64,c/properties/no-overflow.prp,True
CBMC,c/termination-memory-alloca/genady-alloca.i,64,c/properties/valid-memsafety.prp,True
CBMC,c/termination-memory-alloca/genady-alloca.i,64,c/properties/no-overflow.prp,True
CBMC,c/termination-memory-alloca/genady-alloca.i,64,c/properties/termination.prp,True
CBMC,c/Juliet_Test/CWE191_Integer_Underflow__int_connect_socket_predec_10_good.i,64,c/properties/no-overflow.prp,True
CBMC,c/Juliet_Test/CWE191_Integer_Underflow__int_connect_socket_predec_13_good.i,64,c/properties/no-overflow.prp,True
CBMC,c/ldv-linux-3.4-simple/32_1_cilled_ok_nondet_linux-3.4-32_1-drivers--net--wireless--wl1251--wl1251_spi.ko-ldv_main0_sequence_infinite_withcheck_stateful.cil.out.i,64,c/properties/unreach-call.prp,True
CBMC,c/loop-new/gauss_sum.i,32,c/properties/termination.prp,True
CBMC,c/loop-new/gauss_sum.i,32,c/properties/unreach-call.prp,True
CBMC,c/Juliet_Test/CWE190_Integer_Overflow__int_connect_socket_postinc_12_good.i,64,c/properties/no-overflow.prp,True
CBMC,c/Juliet_Test/CWE190_Integer_Overflow__int_listen_socket_postinc_03_good.i,64,c/properties/no-overflow.prp,True
CBMC,c/Juliet_Test/CWE190_Integer_Overflow__int_listen_socket_add_15_good.i,64,c/properties/no-overflow.prp,True
CBMC,c/Juliet_Test/CWE191_Integer_Underflow__int_listen_socket_sub_13_good.i,64,c/properties/no-overflow.prp,True
CBMC,c/Juliet_Test/CWE190_Integer_Overflow__int_listen_socket_multiply_06_good.i,64,c/properties/no-overflow.prp,True
CBMC,c/Juliet_Test/CWE190_Integer_Overflow__int_listen_socket_add_14_good.i,64,c/properties/no-overflow.prp,True
CBMC,c/weaver/parallel-ticket-5.wvr.c,32,c/properties/unreach-call.prp,True
CBMC,c/weaver/parallel-ticket-5.wvr.c,32,c/properties/valid-memsafety.prp,True
CBMC,c/weaver/parallel-ticket-5.wvr.c,32,c/properties/no-overflow.prp,True
CBMC,c/weaver/parallel-ticket-5.wvr.c,32,c/properties/no-data-race.prp,True
CBMC,c/bitvector/soft_float_4-2a.c.cil.c,32,c/properties/no-overflow.prp,True
CBMC,c/bitvector/soft_float_4-2a.c.cil.c,32,c/properties/termination.prp,True
CBMC,c/bitvector/soft_float_4-2a.c.cil.c,32,c/properties/unreach-call.prp,True
CBMC,c/ldv-validator-v0.6/linux-stable-42f9f8d-1-111_1a-sound--oss--opl3.ko-entry_point.cil.out.i,64,c/properties/valid-memsafety.prp,False
CBMC,c/Juliet_Test/CWE190_Integer_Overflow__int_listen_socket_preinc_13_good.i,64,c/properties/no-overflow.prp,True
CBMC,c/Juliet_Test/CWE191_Integer_Underflow__int_connect_socket_multiply_22_good.i,64,c/properties/no-overflow.prp,True
CBMC,c/Juliet_Test/CWE191_Integer_Underflow__int_listen_socket_predec_06_good.i,64,c/properties/no-overflow.prp,True
CBMC,c/loop-acceleration/array_2-1-simple.i,32,c/properties/no-overflow.prp,True
CBMC,c/loop-acceleration/array_2-1-simple.i,32,c/properties/termination.prp,True
CBMC,c/loop-acceleration/array_2-1-simple.i,32,c/properties/unreach-call.prp,False
CBMC,c/Juliet_Test/CWE190_Integer_Overflow__int_listen_socket_postinc_02_good.i,64,c/properties/no-overflow.prp,True
CBMC,c/Juliet_Test/CWE191_Integer_Underflow__int_listen_socket_multiply_06_good.i,64,c/properties/no-overflow.prp,True
CBMC,c/Juliet_Test/CWE190_Integer_Overflow__int_connect_socket_postinc_04_good.i,64,c/properties/no-overflow.prp,True
CBMC,c/Juliet_Test/CWE191_Integer_Underflow__int_listen_socket_sub_11_good.i,64,c/properties/no-overflow.prp,True
CBMC,c/Juliet_Test/CWE191_Integer_Underflow__int_connect_socket_predec_08_good.i,64,c/properties/no-overflow.prp,True
CBMC,c/Juliet_Test/CWE190_Integer_Overflow__int_connect_socket_preinc_13_good.i,64,c/properties/no-overflow.prp,True
CBMC,c/Juliet_Test/CWE191_Integer_Underflow__int_connect_socket_postdec_04_good.i,64,c/properties/no-overflow.prp,True
CBMC,c/Juliet_Test/CWE190_Integer_Overflow__int_connect_socket_postinc_13_good.i,64,c/properties/no-overflow.prp,True
CBMC,c/Juliet_Test/CWE190_Integer_Overflow__int_listen_socket_add_07_good.i,64,c/properties/no-overflow.prp,True
CBMC,c/Juliet_Test/CWE191_Integer_Underflow__int_connect_socket_predec_02_good.i,64,c/properties/no-overflow.prp,True
CBMC,c/Juliet_Test/CWE190_Integer_Overflow__int_listen_socket_add_04_good.i,64,c/properties/no-overflow.prp,True
CBMC,c/Juliet_Test/CWE190_Integer_Overflow__int_rand_square_18_good.i,64,c/properties/no-overflow.prp,True
CBMC,c/Juliet_Test/CWE190_Integer_Overflow__int_connect_socket_add_07_good.i,64,c/properties/no-overflow.prp,True
CBMC,c/Juliet_Test/CWE191_Integer_Underflow__int_connect_socket_sub_15_good.i,64,c/properties/no-overflow.prp,True
CBMC,c/Juliet_Test/CWE190_Integer_Overflow__int_connect_socket_add_15_good.i,64,c/properties/no-overflow.prp,True
CBMC,c/Juliet_Test/CWE190_Integer_Overflow__int_listen_socket_multiply_14_good.i,64,c/properties/no-overflow.prp,True
CBMC,c/Juliet_Test/CWE190_Integer_Overflow__int_listen_socket_preinc_21_good.i,64,c/properties/no-overflow.prp,True
CBMC,c/Juliet_Test/CWE191_Integer_Underflow__int_listen_socket_sub_05_good.i,64,c/properties/no-overflow.prp,True
CBMC,c/ldv-linux-3.0/module_get_put-drivers-isdn-gigaset-gigaset.ko.cil.out.i,64,c/properties/valid-memsafety.prp,False
CBMC,c/Juliet_Test/CWE190_Integer_Overflow__int_listen_socket_preinc_07_good.i,64,c/properties/no-overflow.prp,True
CBMC,c/Juliet_Test/CWE190_Integer_Overflow__int_listen_socket_preinc_10_good.i,64,c/properties/no-overflow.prp,True
CBMC,c/Juliet_Test/CWE190_Integer_Overflow__int_listen_socket_preinc_04_good.i,64,c/properties/no-overflow.prp,True
CBMC,c/Juliet_Test/CWE191_Integer_Underflow__int_connect_socket_predec_14_good.i,64,c/properties/no-overflow.prp,True
CBMC,c/Juliet_Test/CWE190_Integer_Overflow__int_listen_socket_postinc_15_good.i,64,c/properties/no-overflow.prp,True
CBMC,c/Juliet_Test/CWE190_Integer_Overflow__int_listen_socket_add_02_good.i,64,c/properties/no-overflow.prp,True
CBMC,c/ldv-linux-3.4-simple/43_1a_cilled_ok_nondet_linux-43_1a-drivers--firmware--google--gsmi.ko-ldv_main0_sequence_infinite_withcheck_stateful.cil.out.i,64,c/properties/termination.prp,True
CBMC,c/ldv-linux-3.4-simple/43_1a_cilled_ok_nondet_linux-43_1a-drivers--firmware--google--gsmi.ko-ldv_main0_sequence_infinite_withcheck_stateful.cil.out.i,64,c/properties/unreach-call.prp,True
CBMC,c/Juliet_Test/CWE190_Integer_Overflow__int_connect_socket_add_03_good.i,64,c/properties/no-overflow.prp,True
CBMC,c/Juliet_Test/CWE191_Integer_Underflow__int_listen_socket_multiply_13_good.i,64,c/properties/no-overflow.prp,True
CBMC,c/Juliet_Test/CWE190_Integer_Overflow__int_fscanf_square_34_good.i,64,c/properties/no-overflow.prp,True
CBMC,c/Juliet_Test/CWE191_Integer_Underflow__int_connect_socket_postdec_08_good.i,64,c/properties/no-overflow.prp,True
CBMC,c/ldv-linux-3.4-simple/32_1_cilled_ok_nondet_linux-3.4-32_1-drivers--hid--hid-petalynx.ko-ldv_main0_sequence_infinite_withcheck_stateful.cil.out.i,64,c/properties/unreach-call.prp,True
CBMC,c/Juliet_Test/CWE191_Integer_Underflow__int_listen_socket_sub_15_good.i,64,c/properties/no-overflow.prp,True
CBMC,c/Juliet_Test/CWE190_Integer_Overflow__int_listen_socket_preinc_22_good.i,64,c/properties/no-overflow.prp,True
CBMC,c/Juliet_Test/CWE191_Integer_Underflow__int_connect_socket_postdec_09_good.i,64,c/properties/no-overflow.prp,True
CBMC,c/Juliet_Test/CWE190_Integer_Overflow__int_listen_socket_postinc_22_good.i,64,c/properties/no-overflow.prp,True
CBMC,c/Juliet_Test/CWE190_Integer_Overflow__int_listen_socket_add_22_good.i,64,c/properties/no-overflow.prp,True
CBMC,c/Juliet_Test/CWE191_Integer_Underflow__int_listen_socket_sub_21_good.i,64,c/properties/no-overflow.prp,True
CBMC,c/Juliet_Test/CWE191_Integer_Underflow__int_listen_socket_multiply_05_good.i,64,c/properties/no-overflow.prp,True
CBMC,c/hardware-verification-bv/btor2c-lazyMod.needham.2.prop1-func-interl.c,64,c/properties/unreach-call.prp,False
CBMC,c/nla-digbench/dijkstra-u.c,32,c/properties/unreach-call.prp,True
CBMC,c/nla-digbench/dijkstra-u.c,32,c/properties/no-overflow.prp,True
CBMC,c/Juliet_Test/CWE190_Integer_Overflow__int_connect_socket_add_13_good.i,64,c/properties/no-overflow.prp,True
CBMC,c/combinations/gcd_1+newton_1_4.i,32,c/properties/unreach-call.prp,False
CBMC,c/Juliet_Test/CWE190_Integer_Overflow__int_connect_socket_preinc_22_good.i,64,c/properties/no-overflow.prp,True
CBMC,c/Juliet_Test/CWE190_Integer_Overflow__int_connect_socket_multiply_21_good.i,64,c/properties/no-overflow.prp,True
CBMC,c/Juliet_Test/CWE190_Integer_Overflow__int_connect_socket_add_14_good.i,64,c/properties/no-overflow.prp,True
CBMC,c/hardware-verification-bv/btor2c-lazyMod.at.2.prop1-func-interl.c,64,c/properties/unreach-call.prp,False
CBMC,c/Juliet_Test/CWE191_Integer_Underflow__int_listen_socket_multiply_21_good.i,64,c/properties/no-overflow.prp,True
CBMC,c/Juliet_Test/CWE190_Integer_Overflow__int_connect_socket_multiply_22_good.i,64,c/properties/no-overflow.prp,True
CBMC,c/Juliet_Test/CWE190_Integer_Overflow__int_connect_socket_multiply_07_good.i,64,c/properties/no-overflow.prp,True
CBMC,c/Juliet_Test/CWE190_Integer_Overflow__int_connect_socket_postinc_22_good.i,64,c/properties/no-overflow.prp,True
CBMC,c/ldv-consumption/32_7a_cilled_linux-3.8-rc1-drivers--hwmon--w83792d.ko-main.cil.out.i,64,c/properties/unreach-call.prp,True
CBMC,c/seq-mthreaded/rekh_aso.1.M1-1.c,32,c/properties/unreach-call.prp,True
CBMC,c/xcsp/Haystacks-08.c,32,c/properties/unreach-call.prp,True
CBMC,c/Juliet_Test/CWE191_Integer_Underflow__int_connect_socket_multiply_06_good.i,64,c/properties/no-overflow.prp,True
CBMC,c/Juliet_Test/CWE191_Integer_Underflow__int_listen_socket_sub_02_good.i,64,c/properties/no-overflow.prp,True
CBMC,c/nla-digbench-scaling/dijkstra-u_unwindbound50.c,32,c/properties/unreach-call.prp,False
CBMC,c/nla-digbench-scaling/dijkstra-u_unwindbound50.c,32,c/properties/no-overflow.prp,True
CBMC,c/Juliet_Test/CWE191_Integer_Underflow__int_listen_socket_predec_22_good.i,64,c/properties/no-overflow.prp,True
CBMC,c/Juliet_Test/CWE191_Integer_Underflow__int_listen_socket_multiply_09_good.i,64,c/properties/no-overflow.prp,True
CBMC,c/Juliet_Test/CWE191_Integer_Underflow__int_connect_socket_multiply_13_good.i,64,c/properties/no-overflow.prp,True
CBMC,c/Juliet_Test/CWE191_Integer_Underflow__int_connect_socket_predec_05_good.i,64,c/properties/no-overflow.prp,True
CBMC,c/Juliet_Test/CWE191_Integer_Underflow__int_listen_socket_postdec_13_good.i,64,c/properties/no-overflow.prp,True
CBMC,c/neural-networks/softsign_w4_r3_case_1_unsafe.c-amalgamation.i,32,c/properties/unreach-call.prp,False
CBMC,c/Juliet_Test/CWE190_Integer_Overflow__int_listen_socket_multiply_04_good.i,64,c/properties/no-overflow.prp,True
CBMC,c/Juliet_Test/CWE190_Integer_Overflow__int_connect_socket_postinc_21_good.i,64,c/properties/no-overflow.prp,True
CBMC,c/Juliet_Test/CWE191_Integer_Underflow__int_listen_socket_predec_12_good.i,64,c/properties/no-overflow.prp,True
CBMC,c/Juliet_Test/CWE190_Integer_Overflow__int_listen_socket_preinc_08_good.i,64,c/properties/no-overflow.prp,True
CBMC,c/combinations/gcd_4+newton_1_4.i,32,c/properties/unreach-call.prp,False
CBMC,c/nla-digbench-scaling/dijkstra-u_unwindbound100.c,32,c/properties/unreach-call.prp,False
CBMC,c/nla-digbench-scaling/dijkstra-u_unwindbound100.c,32,c/properties/no-overflow.prp,True
CBMC,c/float-benchs/sqrt_poly.c,32,c/properties/termination.prp,True
CBMC,c/float-benchs/sqrt_poly.c,32,c/properties/unreach-call.prp,True
CBMC,c/Juliet_Test/CWE191_Integer_Underflow__int_connect_socket_predec_15_good.i,64,c/properties/no-overflow.prp,True
CBMC,c/Juliet_Test/CWE190_Integer_Overflow__int_rand_square_16_good.i,64,c/properties/no-overflow.prp,True
CBMC,c/Juliet_Test/CWE190_Integer_Overflow__int_listen_socket_multiply_11_good.i,64,c/properties/no-overflow.prp,True
CBMC,c/Juliet_Test/CWE191_Integer_Underflow__int_listen_socket_predec_09_good.i,64,c/properties/no-overflow.prp,True
CBMC,c/Juliet_Test/CWE190_Integer_Overflow__int_listen_socket_preinc_14_good.i,64,c/properties/no-overflow.prp,True
CBMC,c/Juliet_Test/CWE191_Integer_Underflow__int_connect_socket_sub_22_good.i,64,c/properties/no-overflow.prp,True
CBMC,c/Juliet_Test/CWE190_Integer_Overflow__int_listen_socket_postinc_21_good.i,64,c/properties/no-overflow.prp,True
CBMC,c/hardware-verification-bv/btor2c-lazyMod.lann.6.prop1-func-interl.c,64,c/properties/unreach-call.prp,False
CBMC,c/Juliet_Test/CWE191_Integer_Underflow__int_connect_socket_sub_10_good.i,64,c/properties/no-overflow.prp,True
CBMC,c/ldv-linux-3.12-rc1/linux-3.12-rc1.tar.xz-144_2a-drivers--media--rc--imon.ko-entry_point.cil.out.i,64,c/properties/unreach-call.prp,False
CBMC,c/Juliet_Test/CWE191_Integer_Underflow__int_listen_socket_predec_04_good.i,64,c/properties/no-overflow.prp,True
CBMC,c/hardware-verification-bv/btor2c-lazyMod.szymanski.2.prop1-back-serstep.c,64,c/properties/unreach-call.prp,False
CBMC,c/Juliet_Test/CWE191_Integer_Underflow__int_connect_socket_sub_08_good.i,64,c/properties/no-overflow.prp,True
CBMC,c/hardware-verification-bv/btor2c-lazyMod.fischer.7.prop1-func-interl.c,64,c/properties/unreach-call.prp,False
CBMC,c/Juliet_Test/CWE191_Integer_Underflow__int_listen_socket_predec_05_good.i,64,c/properties/no-overflow.prp,True
CBMC,c/recursified_nla-digbench/recursified_ps6-ll.c,32,c/properties/unreach-call.prp,True
CBMC,c/recursified_nla-digbench/recursified_ps6-ll.c,32,c/properties/no-overflow.prp,True
CBMC,c/Juliet_Test/CWE190_Integer_Overflow__int_listen_socket_postinc_10_good.i,64,c/properties/no-overflow.prp,True
CBMC,c/Juliet_Test/CWE191_Integer_Underflow__int_listen_socket_sub_10_good.i,64,c/properties/no-overflow.prp,True
CBMC,c/hardware-verification-bv/btor2c-lazyMod.bridge.1.prop1-back-serstep.c,64,c/properties/unreach-call.prp,False
CBMC,c/Juliet_Test/CWE190_Integer_Overflow__int_listen_socket_multiply_21_good.i,64,c/properties/no-overflow.prp,True
CBMC,c/ldv-linux-3.16-rc1/43_2a_consumption_linux-3.16-rc1.tar.xz-43_2a-drivers--isdn--hisax--hfc_usb.ko-entry_point.cil.out.i,64,c/properties/unreach-call.prp,True
CBMC,c/seq-mthreaded/rekcba_ctm.3-2.c,32,c/properties/termination.prp,True
CBMC,c/seq-mthreaded/rekcba_ctm.3-2.c,32,c/properties/unreach-call.prp,False
CBMC,c/Juliet_Test/CWE191_Integer_Underflow__int_connect_socket_multiply_07_good.i,64,c/properties/no-overflow.prp,True
CBMC,c/Juliet_Test/CWE191_Integer_Underflow__int_connect_socket_predec_11_good.i,64,c/properties/no-overflow.prp,True
CBMC,c/Juliet_Test/CWE191_Integer_Underflow__int_listen_socket_multiply_22_good.i,64,c/properties/no-overflow.prp,True
CBMC,c/nla-digbench-scaling/prod4br-ll_valuebound5.c,32,c/properties/unreach-call.prp,True
CBMC,c/nla-digbench-scaling/prod4br-ll_valuebound5.c,32,c/properties/no-overflow.prp,True
CBMC,c/Juliet_Test/CWE190_Integer_Overflow__int_rand_square_17_good.i,64,c/properties/no-overflow.prp,True
CBMC,c/Juliet_Test/CWE190_Integer_Overflow__int_listen_socket_add_09_good.i,64,c/properties/no-overflow.prp,True
CBMC,c/neural-networks/poly_256_thresh_5_unsafe.c-amalgamation.i,32,c/properties/unreach-call.prp,False
CBMC,c/Juliet_Test/CWE191_Integer_Underflow__int_connect_socket_postdec_13_good.i,64,c/properties/no-overflow.prp,True
CBMC,c/Juliet_Test/CWE190_Integer_Overflow__int_connect_socket_postinc_07_good.i,64,c/properties/no-overflow.prp,True
CBMC,c/combinations/pc_sfifo_2.cil-1+token_ring.15.cil.c,32,c/properties/unreach-call.prp,False
CBMC,c/nla-digbench-scaling/dijkstra-u_unwindbound20.c,32,c/properties/unreach-call.prp,False
CBMC,c/nla-digbench-scaling/dijkstra-u_unwindbound20.c,32,c/properties/no-overflow.prp,True
CBMC,c/Juliet_Test/CWE190_Integer_Overflow__int_connect_socket_multiply_12_good.i,64,c/properties/no-overflow.prp,True
CBMC,c/Juliet_Test/CWE190_Integer_Overflow__int_rand_square_31_good.i,64,c/properties/no-overflow.prp,True
CBMC,c/ldv-linux-3.4-simple/32_1_cilled_ok_nondet_linux-3.4-32_1-drivers--media--dvb--frontends--rtl2830.ko-ldv_main0_sequence_infinite_withcheck_stateful.cil.out.i,64,c/properties/unreach-call.prp,True
CBMC,c/Juliet_Test/CWE190_Integer_Overflow__int_listen_socket_postinc_14_good.i,64,c/properties/no-overflow.prp,True
CBMC,c/ldv-linux-3.4-simple/32_1_cilled_ok_nondet_linux-3.4-32_1-drivers--net--arcnet--rfc1051.ko-ldv_main0_sequence_infinite_withcheck_stateful.cil.out.i,64,c/properties/termination.prp,True
CBMC,c/ldv-linux-3.4-simple/32_1_cilled_ok_nondet_linux-3.4-32_1-drivers--net--arcnet--rfc1051.ko-ldv_main0_sequence_infinite_withcheck_stateful.cil.out.i,64,c/properties/unreach-call.prp,True
CBMC,c/Juliet_Test/CWE191_Integer_Underflow__int_connect_socket_multiply_11_good.i,64,c/properties/no-overflow.prp,True
CBMC,c/Juliet_Test/CWE190_Integer_Overflow__int_listen_socket_add_10_good.i,64,c/properties/no-overflow.prp,True
CBMC,c/combinations/gcd_3+newton_1_7.i,32,c/properties/unreach-call.prp,False
CBMC,c/Juliet_Test/CWE190_Integer_Overflow__int_fscanf_square_01_good.i,64,c/properties/no-overflow.prp,True
CBMC,c/ldv-linux-4.2-rc1/linux-4.2-rc1.tar.xz-43_2a-drivers--usb--serial--digi_acceleport.ko-entry_point.cil.out.i,64,c/properties/unreach-call.prp,True
CBMC,c/Juliet_Test/CWE190_Integer_Overflow__int_connect_socket_preinc_03_good.i,64,c/properties/no-overflow.prp,True
CBMC,c/Juliet_Test/CWE191_Integer_Underflow__int_listen_socket_postdec_06_good.i,64,c/properties/no-overflow.prp,True
CBMC,c/Juliet_Test/CWE190_Integer_Overflow__int_connect_socket_preinc_02_good.i,64,c/properties/no-overflow.prp,True
CBMC,c/Juliet_Test/CWE191_Integer_Underflow__int_connect_socket_multiply_21_good.i,64,c/properties/no-overflow.prp,True
CBMC,c/nla-digbench-scaling/prodbin-ll_valuebound100.c,32,c/properties/unreach-call.prp,True
CBMC,c/nla-digbench-scaling/prodbin-ll_valuebound100.c,32,c/properties/no-overflow.prp,True
CBMC,c/Juliet_Test/CWE191_Integer_Underflow__int_listen_socket_sub_09_good.i,64,c/properties/no-overflow.prp,True
CBMC,c/Juliet_Test/CWE190_Integer_Overflow__int_connect_socket_add_12_good.i,64,c/properties/no-overflow.prp,True
CBMC,c/Juliet_Test/CWE191_Integer_Underflow__int_connect_socket_multiply_08_good.i,64,c/properties/no-overflow.prp,True
CBMC,c/Juliet_Test/CWE191_Integer_Underflow__int_connect_socket_postdec_11_good.i,64,c/properties/no-overflow.prp,True
CBMC,c/Juliet_Test/CWE191_Integer_Underflow__int_connect_socket_postdec_02_good.i,64,c/properties/no-overflow.prp,True
CBMC,c/combinations/gcd_1+newton_1_5.i,32,c/properties/unreach-call.prp,False
CBMC,c/Juliet_Test/CWE190_Integer_Overflow__int_listen_socket_postinc_06_good.i,64,c/properties/no-overflow.prp,True
CBMC,c/floats-esbmc-regression/ceil_nondet.i,32,c/properties/unreach-call.prp,True
CBMC,c/Juliet_Test/CWE191_Integer_Underflow__int_connect_socket_postdec_14_good.i,64,c/properties/no-overflow.prp,True
CBMC,c/nla-digbench-scaling/bresenham-ll_unwindbound10.c,32,c/properties/unreach-call.prp,False
CBMC,c/nla-digbench-scaling/bresenham-ll_unwindbound10.c,32,c/properties/no-overflow.prp,True
CBMC,c/Juliet_Test/CWE190_Integer_Overflow__int_listen_socket_preinc_06_good.i,64,c/properties/no-overflow.prp,True
CBMC,c/ddv-machzwd/ddv_machzwd_inw_p.i,32,c/properties/unreach-call.prp,True
CBMC,c/ddv-machzwd/ddv_machzwd_inw_p.i,32,c/properties/valid-memsafety.prp,False
CBMC,c/Juliet_Test/CWE190_Integer_Overflow__int_listen_socket_add_13_good.i,64,c/properties/no-overflow.prp,True
CBMC,c/Juliet_Test/CWE191_Integer_Underflow__int_listen_socket_sub_04_good.i,64,c/properties/no-overflow.prp,True
CBMC,c/hardware-verification-bv/btor2c-lazyMod.peg_solitaire.1.prop1-func-interl.c,64,c/properties/unreach-call.prp,False
CBMC,c/neural-networks/poly_256_thresh_3_unsafe.c-amalgamation.i,32,c/properties/unreach-call.prp,False
CBMC,c/ldv-linux-4.2-rc1/linux-4.2-rc1.tar.xz-32_7a-drivers--video--fbdev--udlfb.ko-entry_point.cil.out.i,64,c/properties/unreach-call.prp,True
CBMC,c/Juliet_Test/CWE191_Integer_Underflow__int_connect_socket_predec_09_good.i,64,c/properties/no-overflow.prp,True
CBMC,c/Juliet_Test/CWE190_Integer_Overflow__int_connect_socket_preinc_14_good.i,64,c/properties/no-overflow.prp,True
CBMC,c/weaver/popl20-more-array-sum.wvr.c,32,c/properties/unreach-call.prp,False
CBMC,c/weaver/popl20-more-array-sum.wvr.c,32,c/properties/valid-memsafety.prp,True
CBMC,c/weaver/popl20-more-array-sum.wvr.c,32,c/properties/no-overflow.prp,True
CBMC,c/weaver/popl20-more-array-sum.wvr.c,32,c/properties/no-data-race.prp,True
CBMC,c/ddv-machzwd/ddv_machzwd_pthread_mutex_unlock.i,32,c/properties/unreach-call.prp,True
CBMC,c/ddv-machzwd/ddv_machzwd_pthread_mutex_unlock.i,32,c/properties/valid-memsafety.prp,False
CBMC,c/loop-acceleration/array_2-2.i,32,c/properties/no-overflow.prp,True
CBMC,c/loop-acceleration/array_2-2.i,32,c/properties/termination.prp,True
CBMC,c/loop-acceleration/array_2-2.i,32,c/properties/unreach-call.prp,True
CBMC,c/Juliet_Test/CWE190_Integer_Overflow__int_connect_socket_preinc_07_good.i,64,c/properties/no-overflow.prp,True
CBMC,c/nla-digbench-scaling/egcd3-ll_valuebound2.c,32,c/properties/unreach-call.prp,True
CBMC,c/nla-digbench-scaling/egcd3-ll_valuebound2.c,32,c/properties/no-overflow.prp,True
CBMC,c/ldv-linux-3.4-simple/32_1_cilled_ok_nondet_linux-3.4-32_1-drivers--usb--serial--ipw.ko-ldv_main0_sequence_infinite_withcheck_stateful.cil.out.i,64,c/properties/termination.prp,False
CBMC,c/ldv-linux-3.4-simple/32_1_cilled_ok_nondet_linux-3.4-32_1-drivers--usb--serial--ipw.ko-ldv_main0_sequence_infinite_withcheck_stateful.cil.out.i,64,c/properties/unreach-call.prp,True
CBMC,c/Juliet_Test/CWE190_Integer_Overflow__int_listen_socket_multiply_07_good.i,64,c/properties/no-overflow.prp,True
CBMC,c/Juliet_Test/CWE191_Integer_Underflow__int_listen_socket_sub_14_good.i,64,c/properties/no-overflow.prp,True
CBMC,c/seq-mthreaded/pals_lcr.7.ufo.BOUNDED-14.pals.c,32,c/properties/termination.prp,True
CBMC,c/seq-mthreaded/pals_lcr.7.ufo.BOUNDED-14.pals.c,32,c/properties/unreach-call.prp,True
CBMC,c/seq-mthreaded/rekcba_nxt.2.M1-2.c,32,c/properties/unreach-call.prp,True
CBMC,c/nla-digbench-scaling/egcd3-ll_valuebound5.c,32,c/properties/unreach-call.prp,True
CBMC,c/nla-digbench-scaling/egcd3-ll_valuebound5.c,32,c/properties/no-overflow.prp,True
CBMC,c/Juliet_Test/CWE191_Integer_Underflow__int_listen_socket_multiply_15_good.i,64,c/properties/no-overflow.prp,True
CBMC,c/Juliet_Test/CWE190_Integer_Overflow__int_connect_socket_preinc_05_good.i,64,c/properties/no-overflow.prp,True
CBMC,c/ldv-linux-3.7.3/main0_drivers-net-wireless-mwl8k-ko---32_7a--linux-3.7.3.i,64,c/properties/unreach-call.prp,False
CBMC,c/Juliet_Test/CWE190_Integer_Overflow__int_connect_socket_postinc_06_good.i,64,c/properties/no-overflow.prp,True
CBMC,c/recursified_nla-digbench/recursified_dijkstra-u.c,32,c/properties/unreach-call.prp,True
CBMC,c/recursified_nla-digbench/recursified_dijkstra-u.c,32,c/properties/no-overflow.prp,True
CBMC,c/ldv-consumption/32_7a_cilled_linux-3.8-rc1-32_7a-drivers--parport--parport_pc.ko-ldv_main0_sequence_infinite_withcheck_stateful.cil.out.i,64,c/properties/unreach-call.prp,True
CBMC,c/ddv-machzwd/ddv_machzwd_inl.i,32,c/properties/unreach-call.prp,True
CBMC,c/ddv-machzwd/ddv_machzwd_inl.i,32,c/properties/valid-memsafety.prp,False
CBMC,c/float-newlib/double_req_bl_0460.c,32,c/properties/unreach-call.prp,True
CBMC,c/Juliet_Test/CWE191_Integer_Underflow__int_listen_socket_postdec_21_good.i,64,c/properties/no-overflow.prp,True
CBMC,c/neural-networks/softsign_w8_r2_case_1_unsafe.c-amalgamation.i,32,c/properties/unreach-call.prp,False
CBMC,c/Juliet_Test/CWE191_Integer_Underflow__int_connect_socket_multiply_05_good.i,64,c/properties/no-overflow.prp,True
CBMC,c/Juliet_Test/CWE190_Integer_Overflow__int_listen_socket_add_21_good.i,64,c/properties/no-overflow.prp,True
CBMC,c/Juliet_Test/CWE190_Integer_Overflow__int_rand_square_51_good.i,64,c/properties/no-overflow.prp,True
CBMC,c/ldv-linux-3.4-simple/43_1a_cilled_ok_nondet_linux-43_1a-drivers--staging--serqt_usb2--serqt_usb2.ko-ldv_main0_sequence_infinite_withcheck_stateful.cil.out.i,64,c/properties/termination.prp,False
CBMC,c/ldv-linux-3.4-simple/43_1a_cilled_ok_nondet_linux-43_1a-drivers--staging--serqt_usb2--serqt_usb2.ko-ldv_main0_sequence_infinite_withcheck_stateful.cil.out.i,64,c/properties/unreach-call.prp,True
CBMC,c/hardware-verification-bv/btor2c-lazyMod.vis_arrays_buf_bug.c,64,c/properties/unreach-call.prp,False
CBMC,c/floats-cdfpl/newton_1_4.i,32,c/properties/termination.prp,True
CBMC,c/floats-cdfpl/newton_1_4.i,32,c/properties/unreach-call.prp,False
CBMC,c/hardware-verification-bv/btor2c-lazyMod.vis_arrays_am2901.c,64,c/properties/unreach-call.prp,False
CBMC,c/weaver/chl-name-comparator-symm.wvr.c,32,c/properties/unreach-call.prp,True
CBMC,c/weaver/chl-name-comparator-symm.wvr.c,32,c/properties/valid-memsafety.prp,True
CBMC,c/weaver/chl-name-comparator-symm.wvr.c,32,c/properties/no-overflow.prp,True
CBMC,c/weaver/chl-name-comparator-symm.wvr.c,32,c/properties/no-data-race.prp,True
CBMC,c/Juliet_Test/CWE190_Integer_Overflow__int_connect_socket_add_04_good.i,64,c/properties/no-overflow.prp,True
CBMC,c/hardware-verification-bv/btor2c-lazyMod.arbitrated_top_n2_w8_d16_e0.c,64,c/properties/unreach-call.prp,False
CBMC,c/Juliet_Test/CWE190_Integer_Overflow__int_connect_socket_preinc_06_good.i,64,c/properties/no-overflow.prp,True
CBMC,c/nla-digbench-scaling/prodbin-ll_valuebound50.c,32,c/properties/unreach-call.prp,True
CBMC,c/nla-digbench-scaling/prodbin-ll_valuebound50.c,32,c/properties/no-overflow.prp,True
CBMC,c/Juliet_Test/CWE191_Integer_Underflow__int_listen_socket_predec_07_good.i,64,c/properties/no-overflow.prp,True
CBMC,c/Juliet_Test/CWE191_Integer_Underflow__int_listen_socket_postdec_15_good.i,64,c/properties/no-overflow.prp,True
CBMC,c/Juliet_Test/CWE191_Integer_Underflow__int_listen_socket_multiply_02_good.i,64,c/properties/no-overflow.prp,True
CBMC,c/hardware-verification-bv/btor2c-lazyMod.arbitrated_top_n2_w16_d16_e0.c,64,c/properties/unreach-call.prp,False
CBMC,c/Juliet_Test/CWE190_Integer_Overflow__int_rand_square_41_good.i,64,c/properties/no-overflow.prp,True
CBMC,c/Juliet_Test/CWE191_Integer_Underflow__int_listen_socket_postdec_22_good.i,64,c/properties/no-overflow.prp,True
CBMC,c/Juliet_Test/CWE190_Integer_Overflow__int_listen_socket_postinc_08_good.i,64,c/properties/no-overflow.prp,True
CBMC,c/ldv-commit-tester/m0_drivers-media-radio-si4713-i2c-ko--111_1a--064368f.i,64,c/properties/unreach-call.prp,True
CBMC,c/recursified_loop-invariants/recursified_linear-inequality-inv-a.c,32,c/properties/no-overflow.prp,True
CBMC,c/recursified_loop-invariants/recursified_linear-inequality-inv-a.c,32,c/properties/termination.prp,True
CBMC,c/recursified_loop-invariants/recursified_linear-inequality-inv-a.c,32,c/properties/unreach-call.prp,True
CBMC,c/goblint-regression/28-race_reach_79-equ_racefree-overflow.i,32,c/properties/no-overflow.prp,False
CBMC,c/ldv-linux-3.0/usb_urb-drivers-vhost-vhost_net.ko.cil.out.i,64,c/properties/unreach-call.prp,True
CBMC,c/ldv-linux-3.16-rc1/43_2a_consumption_linux-3.16-rc1.tar.xz-43_2a-drivers--input--gameport--ns558.ko-entry_point.cil.out.i,64,c/properties/unreach-call.prp,True
CBMC,c/nla-digbench-scaling/mannadiv_unwindbound20.c,32,c/properties/unreach-call.prp,False
CBMC,c/nla-digbench-scaling/mannadiv_unwindbound20.c,32,c/properties/no-overflow.prp,True
CBMC,c/hardware-verification-bv/btor2c-lazyMod.needham.3.prop1-func-interl.c,64,c/properties/unreach-call.prp,False
CBMC,c/Juliet_Test/CWE190_Integer_Overflow__int_connect_socket_add_10_good.i,64,c/properties/no-overflow.prp,True
CBMC,c/Juliet_Test/CWE191_Integer_Underflow__int_connect_socket_sub_11_good.i,64,c/properties/no-overflow.prp,True
CBMC,c/seq-mthreaded/rekh_nxt.1.M4-1.c,32,c/properties/unreach-call.prp,False
CBMC,c/Juliet_Test/CWE191_Integer_Underflow__int_connect_socket_sub_03_good.i,64,c/properties/no-overflow.prp,True
CBMC,c/Juliet_Test/CWE190_Integer_Overflow__int_listen_socket_preinc_11_good.i,64,c/properties/no-overflow.prp,True
CBMC,c/ldv-validator-v0.6/linux-stable-5742d35-1-136_1a-drivers--usb--serial--ti_usb_3410_5052.ko-entry_point.cil.out.i,64,c/properties/unreach-call.prp,False
CBMC,c/Juliet_Test/CWE190_Integer_Overflow__int_connect_socket_multiply_09_good.i,64,c/properties/no-overflow.prp,True
CBMC,c/Juliet_Test/CWE191_Integer_Underflow__int_connect_socket_postdec_15_good.i,64,c/properties/no-overflow.prp,True
CBMC,c/hardware-verification-bv/btor2c-lazyMod.needham.3.prop4-func-interl.c,64,c/properties/unreach-call.prp,False
CBMC,c/ddv-machzwd/ddv_machzwd_outb_p.i,32,c/properties/unreach-call.prp,True
CBMC,c/ddv-machzwd/ddv_machzwd_outb_p.i,32,c/properties/valid-memsafety.prp,False
CBMC,c/Juliet_Test/CWE191_Integer_Underflow__int_listen_socket_multiply_07_good.i,64,c/properties/no-overflow.prp,True
CBMC,c/Juliet_Test/CWE190_Integer_Overflow__int_connect_socket_multiply_11_good.i,64,c/properties/no-overflow.prp,True
CBMC,c/Juliet_Test/CWE190_Integer_Overflow__int_listen_socket_add_06_good.i,64,c/properties/no-overflow.prp,True
CBMC,c/Juliet_Test/CWE190_Integer_Overflow__int_connect_socket_multiply_15_good.i,64,c/properties/no-overflow.prp,True
CBMC,c/Juliet_Test/CWE191_Integer_Underflow__int_connect_socket_multiply_04_good.i,64,c/properties/no-overflow.prp,True
CBMC,c/hardware-verification-bv/btor2c-lazyMod.circular_pointer_top_w8_d16_e0.c,64,c/properties/unreach-call.prp,False
CBMC,c/list-ext-properties/list-ext_1.i,32,c/properties/valid-memsafety.prp,True
CBMC,c/ddv-machzwd/ddv_machzwd_inb_p.i,32,c/properties/unreach-call.prp,True
CBMC,c/ddv-machzwd/ddv_machzwd_inb_p.i,32,c/properties/valid-memsafety.prp,False
CBMC,c/Juliet_Test/CWE190_Integer_Overflow__int_listen_socket_multiply_05_good.i,64,c/properties/no-overflow.prp,True
CBMC,c/Juliet_Test/CWE190_Integer_Overflow__int_connect_socket_multiply_13_good.i,64,c/properties/no-overflow.prp,True
CBMC,c/Juliet_Test/CWE190_Integer_Overflow__int_connect_socket_multiply_14_good.i,64,c/properties/no-overflow.prp,True
CBMC,c/Juliet_Test/CWE190_Integer_Overflow__int_connect_socket_multiply_05_good.i,64,c/properties/no-overflow.prp,True
CBMC,c/product-lines/email_spec4_productSimulator.cil.c,32,c/properties/termination.prp,True
CBMC,c/product-lines/email_spec4_productSimulator.cil.c,32,c/properties/unreach-call.prp,False
CBMC,c/Juliet_Test/CWE190_Integer_Overflow__int_connect_socket_multiply_10_good.i,64,c/properties/no-overflow.prp,True
CBMC,c/Juliet_Test/CWE191_Integer_Underflow__int_connect_socket_sub_05_good.i,64,c/properties/no-overflow.prp,True
CBMC,c/seq-pthread/cs_fib_longer-1.i,32,c/properties/unreach-call.prp,True
CBMC,c/seq-mthreaded/rekcba_ctm.3-1.c,32,c/properties/termination.prp,True
CBMC,c/seq-mthreaded/rekcba_ctm.3-1.c,32,c/properties/unreach-call.prp,True
CBMC,c/seq-mthreaded-reduced/pals_lcr-var-start-time.3.2.ufo.UNBOUNDED.pals.c.v+sep-reducer.c,32,c/properties/unreach-call.prp,False
CBMC,c/ldv-linux-3.4-simple/43_1a_cilled_ok_nondet_linux-43_1a-drivers--scsi--pcmcia--sym53c500_cs.ko-ldv_main0_sequence_infinite_withcheck_stateful.cil.out.i,64,c/properties/unreach-call.prp,True
CBMC,c/Juliet_Test/CWE191_Integer_Underflow__int_connect_socket_postdec_03_good.i,64,c/properties/no-overflow.prp,True
CBMC,c/hardware-verification-bv/btor2c-lazyMod.lamport_nonatomic.3.prop1-back-serstep.c,64,c/properties/unreach-call.prp,False
CBMC,c/Juliet_Test/CWE190_Integer_Overflow__int_listen_socket_postinc_07_good.i,64,c/properties/no-overflow.prp,True
CBMC,c/ldv-linux-3.12-rc1/linux-3.12-rc1.tar.xz-144_2a-drivers--media--usb--tlg2300--poseidon.ko-entry_point.cil.out.i,64,c/properties/unreach-call.prp,False
CBMC,c/ldv-linux-4.2-rc1/linux-4.2-rc1.tar.xz-08_1a-drivers--input--gameport--gameport.ko-entry_point.cil.out.i,64,c/properties/valid-memsafety.prp,False
CBMC,c/hardware-verification-bv/btor2c-lazyMod.szymanski.4.prop1-back-serstep.c,64,c/properties/unreach-call.prp,False
CBMC,c/neural-networks/poly_32_32_thresh_4_unsafe.c-amalgamation.i,32,c/properties/unreach-call.prp,False
CBMC,c/nla-digbench-scaling/freire2_valuebound50.c,32,c/properties/unreach-call.prp,False
CBMC,c/nla-digbench-scaling/freire2_valuebound50.c,32,c/properties/no-overflow.prp,True
CBMC,c/goblint-regression/36-apron_22-traces-write-centered-vs-meet-mutex_true_no-overflow.i,32,c/properties/unreach-call.prp,True
CBMC,c/goblint-regression/36-apron_22-traces-write-centered-vs-meet-mutex_true_no-overflow.i,32,c/properties/valid-memsafety.prp,True
CBMC,c/goblint-regression/36-apron_22-traces-write-centered-vs-meet-mutex_true_no-overflow.i,32,c/properties/no-overflow.prp,True
CBMC,c/goblint-regression/36-apron_22-traces-write-centered-vs-meet-mutex_true_no-overflow.i,32,c/properties/no-data-race.prp,True
CBMC,c/goblint-regression/28-race_reach_78-equ_racing-overflow.i,32,c/properties/no-overflow.prp,False
CBMC,c/Juliet_Test/CWE190_Integer_Overflow__int_listen_socket_preinc_02_good.i,64,c/properties/no-overflow.prp,True
CBMC,c/hardware-verification-bv/btor2c-lazyMod.elevator_planning.2.prop1-func-interl.c,64,c/properties/unreach-call.prp,False
CBMC,c/Juliet_Test/CWE190_Integer_Overflow__int_connect_socket_multiply_03_good.i,64,c/properties/no-overflow.prp,True
CBMC,c/combinations/gcd_3+newton_1_6.i,32,c/properties/unreach-call.prp,False
CBMC,c/list-ext3-properties/sll_nondet_insert-2.i,32,c/properties/unreach-call.prp,True
CBMC,c/list-ext3-properties/sll_nondet_insert-2.i,32,c/properties/valid-memsafety.prp,True
CBMC,c/ddv-machzwd/ddv_machzwd_inl_p.i,32,c/properties/unreach-call.prp,True
CBMC,c/ddv-machzwd/ddv_machzwd_inl_p.i,32,c/properties/valid-memsafety.prp,False
CBMC,c/Juliet_Test/CWE191_Integer_Underflow__int_listen_socket_multiply_12_good.i,64,c/properties/no-overflow.prp,True
CBMC,c/Juliet_Test/CWE190_Integer_Overflow__int_fscanf_square_54_good.i,64,c/properties/no-overflow.prp,True
CBMC,c/Juliet_Test/CWE190_Integer_Overflow__int_connect_socket_multiply_02_good.i,64,c/properties/no-overflow.prp,True
CBMC,c/nla-digbench-scaling/prodbin-ll_valuebound50.c,32,c/properties/unreach-call.prp,True
CBMC,c/nla-digbench-scaling/prodbin-ll_valuebound50.c,32,c/properties/no-overflow.prp,True
CBMC,c/Juliet_Test/CWE190_Integer_Overflow__int_listen_socket_preinc_12_good.i,64,c/properties/no-overflow.prp,True
CBMC,c/hardware-verification-bv/btor2c-lazyMod.arbitrated_top_n2_w32_d16_e0.c,64,c/properties/unreach-call.prp,False
CBMC,c/Juliet_Test/CWE190_Integer_Overflow__int_connect_socket_multiply_08_good.i,64,c/properties/no-overflow.prp,True
CBMC,c/hardware-verification-bv/btor2c-lazyMod.gear.1.prop2-func-interl.c,64,c/properties/unreach-call.prp,False
CBMC,c/ddv-machzwd/ddv_machzwd_outl_p.i,32,c/properties/unreach-call.prp,True
CBMC,c/ddv-machzwd/ddv_machzwd_outl_p.i,32,c/properties/valid-memsafety.prp,False
CBMC,c/ldv-linux-3.4-simple/32_1_cilled_ok_nondet_linux-3.4-32_1-drivers--media--dvb--frontends--tda826x.ko-ldv_main0_sequence_infinite_withcheck_stateful.cil.out.i,64,c/properties/unreach-call.prp,True
CBMC,c/nla-digbench-scaling/fermat2-ll_valuebound10.c,32,c/properties/unreach-call.prp,True
CBMC,c/nla-digbench-scaling/fermat2-ll_valuebound10.c,32,c/properties/no-overflow.prp,True
CBMC,c/floats-esbmc-regression/round_nondet.i,32,c/properties/unreach-call.prp,True
CBMC,c/ldv-linux-3.0/module_get_put-drivers-gpu-drm-i915-i915.ko.cil.out.i,64,c/properties/valid-memsafety.prp,False
CBMC,c/seq-mthreaded/rekh_ctm.2-1.c,32,c/properties/termination.prp,True
CBMC,c/seq-mthreaded/rekh_ctm.2-1.c,32,c/properties/unreach-call.prp,False
CBMC,c/hardware-verification-bv/btor2c-lazyMod.collision.5.prop1-func-interl.c,64,c/properties/unreach-call.prp,False
CBMC,c/Juliet_Test/CWE191_Integer_Underflow__int_listen_socket_sub_03_good.i,64,c/properties/no-overflow.prp,True
CBMC,c/pthread-wmm/safe035_power.i,32,c/properties/unreach-call.prp,True
CBMC,c/pthread-wmm/safe035_power.i,32,c/properties/valid-memsafety.prp,True
CBMC,c/pthread-wmm/safe035_power.i,32,c/properties/no-overflow.prp,True
CBMC,c/pthread-wmm/safe035_power.i,32,c/properties/no-data-race.prp,True
CBMC,c/hardware-verification-bv/btor2c-lazyMod.krebs.2.prop1-func-interl.c,64,c/properties/unreach-call.prp,False
CBMC,c/product-lines/email_spec7_productSimulator.cil.c,32,c/properties/termination.prp,True
CBMC,c/product-lines/email_spec7_productSimulator.cil.c,32,c/properties/unreach-call.prp,False
CBMC,c/nla-digbench-scaling/geo1-ll_valuebound10.c,32,c/properties/unreach-call.prp,True
CBMC,c/nla-digbench-scaling/geo1-ll_valuebound10.c,32,c/properties/no-overflow.prp,True
CBMC,c/ntdrivers/parport.i.cil-1.c,32,c/properties/unreach-call.prp,False
CBMC,c/floats-cdfpl/sine_5.i,32,c/properties/termination.prp,True
CBMC,c/floats-cdfpl/sine_5.i,32,c/properties/unreach-call.prp,True
CBMC,c/ddv-machzwd/ddv_machzwd_outl.i,32,c/properties/unreach-call.prp,True
CBMC,c/ddv-machzwd/ddv_machzwd_outl.i,32,c/properties/valid-memsafety.prp,False
CBMC,c/hardware-verification-bv/btor2c-lazyMod.anderson.5.prop1-func-interl.c,64,c/properties/unreach-call.prp,False
CBMC,c/product-lines/elevator_spec1_productSimulator.cil.c,32,c/properties/termination.prp,True
CBMC,c/product-lines/elevator_spec1_productSimulator.cil.c,32,c/properties/unreach-call.prp,False
CBMC,c/seq-mthreaded/rekh_aso.2.M4-1.c,32,c/properties/unreach-call.prp,False
CBMC,c/hardware-verification-bv/btor2c-lazyMod.at.6.prop1-back-serstep.c,64,c/properties/unreach-call.prp,False
CBMC,c/Juliet_Test/CWE191_Integer_Underflow__int_connect_socket_multiply_15_good.i,64,c/properties/no-overflow.prp,True
CBMC,c/Juliet_Test/CWE190_Integer_Overflow__int_listen_socket_add_12_good.i,64,c/properties/no-overflow.prp,True
CBMC,c/nla-digbench-scaling/egcd-ll_valuebound5.c,32,c/properties/unreach-call.prp,True
CBMC,c/nla-digbench-scaling/egcd-ll_valuebound5.c,32,c/properties/no-overflow.prp,True
CBMC,c/eca-rers2012/Problem11_label43.c,32,c/properties/unreach-call.prp,False
CBMC,c/Juliet_Test/CWE190_Integer_Overflow__int_listen_socket_multiply_12_good.i,64,c/properties/no-overflow.prp,True
CBMC,c/nla-digbench-scaling/bresenham-ll_valuebound20.c,32,c/properties/unreach-call.prp,True
CBMC,c/nla-digbench-scaling/bresenham-ll_valuebound20.c,32,c/properties/no-overflow.prp,True
CBMC,c/hardware-verification-bv/btor2c-lazyMod.at.3.prop1-func-interl.c,64,c/properties/unreach-call.prp,False
CBMC,c/loop-acceleration/array_2-2-simple.i,32,c/properties/no-overflow.prp,True
CBMC,c/loop-acceleration/array_2-2-simple.i,32,c/properties/termination.prp,True
CBMC,c/loop-acceleration/array_2-2-simple.i,32,c/properties/unreach-call.prp,True
CBMC,c/goblint-regression/36-apron_22-traces-write-centered-vs-meet-mutex_true_no-overflow.i,32,c/properties/unreach-call.prp,True
CBMC,c/goblint-regression/36-apron_22-traces-write-centered-vs-meet-mutex_true_no-overflow.i,32,c/properties/valid-memsafety.prp,True
CBMC,c/goblint-regression/36-apron_22-traces-write-centered-vs-meet-mutex_true_no-overflow.i,32,c/properties/no-overflow.prp,True
CBMC,c/goblint-regression/36-apron_22-traces-write-centered-vs-meet-mutex_true_no-overflow.i,32,c/properties/no-data-race.prp,True
CBMC,c/Juliet_Test/CWE191_Integer_Underflow__int_connect_socket_multiply_12_good.i,64,c/properties/no-overflow.prp,True
CBMC,c/nla-digbench-scaling/cohendiv-ll_valuebound100.c,32,c/properties/unreach-call.prp,True
CBMC,c/nla-digbench-scaling/cohendiv-ll_valuebound100.c,32,c/properties/no-overflow.prp,True
CBMC,c/hardware-verification-bv/btor2c-lazyMod.needham.2.prop4-func-interl.c,64,c/properties/unreach-call.prp,False
CBMC,c/product-lines/email_spec8_productSimulator.cil.c,32,c/properties/termination.prp,True
CBMC,c/product-lines/email_spec8_productSimulator.cil.c,32,c/properties/unreach-call.prp,False
CBMC,c/goblint-regression/28-race_reach_79-equ_racefree.i,32,c/properties/unreach-call.prp,True
CBMC,c/goblint-regression/28-race_reach_79-equ_racefree.i,32,c/properties/valid-memsafety.prp,True
CBMC,c/goblint-regression/28-race_reach_79-equ_racefree.i,32,c/properties/no-overflow.prp,True
CBMC,c/goblint-regression/28-race_reach_79-equ_racefree.i,32,c/properties/no-data-race.prp,True
CBMC,c/aws-c-common/aws_hash_table_foreach_harness_negated.i,64,c/properties/unreach-call.prp,False
CBMC,c/hardware-verification-bv/btor2c-lazyMod.peterson.2.prop1-func-interl.c,64,c/properties/unreach-call.prp,False
CBMC,c/ldv-linux-4.2-rc1/linux-4.2-rc1.tar.xz-32_7a-drivers--hwmon--w83781d.ko-entry_point.cil.out.i,64,c/properties/unreach-call.prp,True
CBMC,c/loop-acceleration/array_2-1-simple.i,32,c/properties/no-overflow.prp,True
CBMC,c/loop-acceleration/array_2-1-simple.i,32,c/properties/termination.prp,True
CBMC,c/loop-acceleration/array_2-1-simple.i,32,c/properties/unreach-call.prp,False
CBMC,c/loop-acceleration/array_2-2-simple.i,32,c/properties/no-overflow.prp,True
CBMC,c/loop-acceleration/array_2-2-simple.i,32,c/properties/termination.prp,True
CBMC,c/loop-acceleration/array_2-2-simple.i,32,c/properties/unreach-call.prp,True
CBMC,c/product-lines/email_spec6_productSimulator.cil.c,32,c/properties/termination.prp,True
CBMC,c/product-lines/email_spec6_productSimulator.cil.c,32,c/properties/unreach-call.prp,False
CBMC,c/loop-acceleration/array_2-2-simple.i,32,c/properties/no-overflow.prp,True
CBMC,c/loop-acceleration/array_2-2-simple.i,32,c/properties/termination.prp,True
CBMC,c/loop-acceleration/array_2-2-simple.i,32,c/properties/unreach-call.prp,True
CBMC,c/eca-rers2012/Problem11_label51.c,32,c/properties/unreach-call.prp,False
CBMC,c/eca-rers2012/Problem11_label08.c,32,c/properties/unreach-call.prp,False
CBMC,c/goblint-regression/28-race_reach_78-equ_racing.i,32,c/properties/unreach-call.prp,False
CBMC,c/goblint-regression/28-race_reach_78-equ_racing.i,32,c/properties/valid-memsafety.prp,True
CBMC,c/goblint-regression/28-race_reach_78-equ_racing.i,32,c/properties/no-overflow.prp,True
CBMC,c/goblint-regression/28-race_reach_78-equ_racing.i,32,c/properties/no-data-race.prp,True
CBMC,c/pthread-ext/25_stack_longer-1-pthread.i,32,c/properties/unreach-call.prp,False
CBMC,c/pthread-ext/25_stack_longer-1-pthread.i,32,c/properties/valid-memsafety.prp,True
CBMC,c/pthread-ext/25_stack_longer-1-pthread.i,32,c/properties/no-overflow.prp,True
CBMC,c/pthread-ext/25_stack_longer-1-pthread.i,32,c/properties/no-data-race.prp,True
CBMC,c/hardware-verification-bv/btor2c-lazyMod.reader_writer.3.prop1-func-interl.c,64,c/properties/unreach-call.prp,False
CBMC,c/product-lines/elevator_spec14_productSimulator.cil.c,32,c/properties/termination.prp,True
CBMC,c/product-lines/elevator_spec14_productSimulator.cil.c,32,c/properties/unreach-call.prp,False
CBMC,c/loop-acceleration/array_2-1-simple.i,32,c/properties/no-overflow.prp,True
CBMC,c/loop-acceleration/array_2-1-simple.i,32,c/properties/termination.prp,True
CBMC,c/loop-acceleration/array_2-1-simple.i,32,c/properties/unreach-call.prp,False
CBMC,c/hardware-verification-bv/btor2c-lazyMod.needham.4.prop4-func-interl.c,64,c/properties/unreach-call.prp,False
CBMC,c/ldv-linux-3.4-simple/32_1_cilled_ok_nondet_linux-3.4-32_1-drivers--rtc--rtc-r9701.ko-ldv_main0_sequence_infinite_withcheck_stateful.cil.out.i,64,c/properties/unreach-call.prp,True
CBMC,c/neural-networks/poly_512_thresh_5_unsafe.c-amalgamation.i,32,c/properties/unreach-call.prp,False
CBMC,c/array-crafted/bor3.i,32,c/properties/no-overflow.prp,True
CBMC,c/array-crafted/bor3.i,32,c/properties/unreach-call.prp,True
CBMC,c/seq-mthreaded/rekh_aso.1.M4-2.c,32,c/properties/unreach-call.prp,False
CBMC,c/goblint-regression/13-privatized_31-traces-mine-vs-mutex_true.i,32,c/properties/unreach-call.prp,True
CBMC,c/goblint-regression/13-privatized_31-traces-mine-vs-mutex_true.i,32,c/properties/valid-memsafety.prp,True
CBMC,c/goblint-regression/13-privatized_31-traces-mine-vs-mutex_true.i,32,c/properties/no-overflow.prp,True
CBMC,c/goblint-regression/13-privatized_31-traces-mine-vs-mutex_true.i,32,c/properties/no-data-race.prp,True
CBMC,c/array-programs/partial_mod_count_limited_3.c,32,c/properties/unreach-call.prp,True
CBMC,c/array-crafted/bAnd3.i,32,c/properties/no-overflow.prp,True
CBMC,c/array-crafted/bAnd3.i,32,c/properties/unreach-call.prp,True
CBMC,c/neural-networks/poly_32_32_thresh_3_unsafe.c-amalgamation.i,32,c/properties/unreach-call.prp,False
CBMC,c/loop-crafted/simple_array_index_value_2.i,32,c/properties/termination.prp,True
CBMC,c/loop-crafted/simple_array_index_value_2.i,32,c/properties/unreach-call.prp,True
CBMC,c/eca-rers2012/Problem06_label27.c,32,c/properties/unreach-call.prp,False
CBMC,c/eca-rers2012/Problem11_label36.c,32,c/properties/unreach-call.prp,False
CBMC,c/Juliet_Test/CWE190_Integer_Overflow__int_listen_socket_postinc_12_good.i,64,c/properties/no-overflow.prp,True
CBMC,c/eca-rers2012/Problem06_label11.c,32,c/properties/unreach-call.prp,False
CBMC,c/neural-networks/poly_32_32_32_thresh_4_unsafe.c-amalgamation.i,32,c/properties/unreach-call.prp,False
CBMC,c/eca-rers2012/Problem14_label27.c,32,c/properties/termination.prp,False
CBMC,c/eca-rers2012/Problem14_label27.c,32,c/properties/unreach-call.prp,False
CBMC,c/eca-rers2012/Problem14_label57.c,32,c/properties/termination.prp,False
CBMC,c/eca-rers2012/Problem14_label57.c,32,c/properties/unreach-call.prp,False
CBMC,c/eca-rers2012/Problem14_label34.c,32,c/properties/termination.prp,False
CBMC,c/eca-rers2012/Problem14_label34.c,32,c/properties/unreach-call.prp,False
CBMC,c/neural-networks/poly_32_32_32_thresh_5_unsafe.c-amalgamation.i,32,c/properties/unreach-call.prp,False
CBMC,c/ldv-linux-3.16-rc1/43_2a_consumption_linux-3.16-rc1.tar.xz-43_2a-drivers--staging--media--solo6x10--solo6x10.ko-entry_point.cil.out.i,64,c/properties/unreach-call.prp,True
CBMC,c/ddv-machzwd/ddv_machzwd_inb.i,32,c/properties/unreach-call.prp,True
CBMC,c/ddv-machzwd/ddv_machzwd_inb.i,32,c/properties/valid-memsafety.prp,False
CBMC,c/hardware-verification-bv/btor2c-lazyMod.gear.2.prop3-back-serstep.c,64,c/properties/unreach-call.prp,False
CBMC,c/array-crafted/xor3.i,32,c/properties/no-overflow.prp,True
CBMC,c/array-crafted/xor3.i,32,c/properties/unreach-call.prp,True
CBMC,c/seq-mthreaded/pals_opt-floodmax.4.ufo.BOUNDED-8.pals.c,32,c/properties/termination.prp,True
CBMC,c/seq-mthreaded/pals_opt-floodmax.4.ufo.BOUNDED-8.pals.c,32,c/properties/unreach-call.prp,True
CBMC,c/seq-mthreaded/rekcba_aso.1.M1-2.c,32,c/properties/unreach-call.prp,True
CBMC,c/ddv-machzwd/ddv_machzwd_outw_p.i,32,c/properties/unreach-call.prp,True
CBMC,c/ddv-machzwd/ddv_machzwd_outw_p.i,32,c/properties/valid-memsafety.prp,False
CBMC,c/array-programs/partial_mod_count_limited_4.c,32,c/properties/unreach-call.prp,True
CBMC,c/nla-digbench-scaling/lcm2_valuebound50.c,32,c/properties/unreach-call.prp,True
CBMC,c/nla-digbench-scaling/lcm2_valuebound50.c,32,c/properties/no-overflow.prp,True
CBMC,c/hardware-verification-bv/btor2c-lazyMod.gear.1.prop3-back-serstep.c,64,c/properties/unreach-call.prp,False
CBMC,c/Juliet_Test/CWE190_Integer_Overflow__int_fgets_square_18_good.i,64,c/properties/no-overflow.prp,True
CBMC,c/pthread/fib_unsafe-5.i,32,c/properties/unreach-call.prp,False
CBMC,c/pthread/fib_unsafe-5.i,32,c/properties/valid-memsafety.prp,True
CBMC,c/pthread/fib_unsafe-5.i,32,c/properties/no-overflow.prp,True
CBMC,c/pthread/fib_unsafe-5.i,32,c/properties/no-data-race.prp,True
CBMC,c/eca-rers2012/Problem14_label10.c,32,c/properties/termination.prp,False
CBMC,c/eca-rers2012/Problem14_label10.c,32,c/properties/unreach-call.prp,False
CBMC,c/eca-rers2012/Problem06_label47.c,32,c/properties/unreach-call.prp,False
CBMC,c/eca-rers2012/Problem11_label39.c,32,c/properties/unreach-call.prp,False
CBMC,c/eca-rers2012/Problem11_label31.c,32,c/properties/unreach-call.prp,False
CBMC,c/eca-rers2012/Problem11_label14.c,32,c/properties/unreach-call.prp,False
CBMC,c/aws-c-common/aws_hash_table_clear_harness.i,64,c/properties/unreach-call.prp,True
CBMC,c/seq-mthreaded-reduced/pals_lcr-var-start-time.3.2.ufo.BOUNDED-6.pals.c.v+sep-reducer.c,32,c/properties/unreach-call.prp,False
CBMC,c/combinations/gcd_3+newton_1_8.i,32,c/properties/unreach-call.prp,False
CBMC,c/hardware-verification-bv/btor2c-lazyMod.bakery.4.prop1-func-interl.c,64,c/properties/unreach-call.prp,False
CBMC,c/ldv-linux-3.16-rc1/43_2a_consumption_linux-3.16-rc1.tar.xz-43_2a-drivers--media--usb--dvb-usb--dvb-usb-gp8psk.ko-entry_point.cil.out.i,64,c/properties/unreach-call.prp,True
CBMC,c/ldv-linux-3.4-simple/32_1_cilled_ok_nondet_linux-3.4-32_1-drivers--cpufreq--pcc-cpufreq.ko-ldv_main0_sequence_infinite_withcheck_stateful.cil.out.i,64,c/properties/unreach-call.prp,True
CBMC,c/aws-c-common/aws_hash_iter_next_harness.i,64,c/properties/unreach-call.prp,True
CBMC,c/hardware-verification-bv/btor2c-lazyMod.gear.2.prop4-back-serstep.c,64,c/properties/unreach-call.prp,False
CBMC,c/Juliet_Test/CWE190_Integer_Overflow__int_connect_socket_multiply_04_good.i,64,c/properties/no-overflow.prp,True
CBMC,c/Juliet_Test/CWE190_Integer_Overflow__int_fgets_square_61_good.i,64,c/properties/no-overflow.prp,True
CBMC,c/hardware-verification-bv/btor2c-lazyMod.cyclic_scheduler.4.prop1-back-serstep.c,64,c/properties/unreach-call.prp,False
CBMC,c/hardware-verification-bv/btor2c-lazyMod.needham.4.prop1-func-interl.c,64,c/properties/unreach-call.prp,False
CBMC,c/nla-digbench-scaling/geo3-ll_valuebound10.c,32,c/properties/unreach-call.prp,True
CBMC,c/nla-digbench-scaling/geo3-ll_valuebound10.c,32,c/properties/no-overflow.prp,True
CBMC,c/combinations/gcd_1+newton_1_6.i,32,c/properties/unreach-call.prp,False
CBMC,c/hardware-verification-bv/btor2c-lazyMod.cambridge.2.prop1-back-serstep.c,64,c/properties/unreach-call.prp,False
CBMC,c/eca-rers2012/Problem11_label34.c,32,c/properties/unreach-call.prp,False
CBMC,c/hardware-verification-bv/btor2c-lazyMod.vcegar_arrays_itc99_b12_p1.c,64,c/properties/unreach-call.prp,False
CBMC,c/eca-rers2012/Problem06_label05.c,32,c/properties/unreach-call.prp,False
CBMC,c/product-lines/email_spec4_productSimulator.cil.c,32,c/properties/termination.prp,True
CBMC,c/product-lines/email_spec4_productSimulator.cil.c,32,c/properties/unreach-call.prp,False
CBMC,c/hardware-verification-bv/btor2c-lazyMod.gear.2.prop2-func-interl.c,64,c/properties/unreach-call.prp,False
CBMC,c/eca-rers2012/Problem06_label37.c,32,c/properties/unreach-call.prp,False
CBMC,c/Juliet_Test/CWE190_Integer_Overflow__int_fgets_square_63_good.i,64,c/properties/no-overflow.prp,True
CBMC,c/Juliet_Test/CWE190_Integer_Overflow__int_fgets_square_67_good.i,64,c/properties/no-overflow.prp,True
CBMC,c/ldv-linux-3.4-simple/43_1a_cilled_ok_nondet_linux-43_1a-drivers--net--arcnet--com20020_cs.ko-ldv_main0_sequence_infinite_withcheck_stateful.cil.out.i,64,c/properties/unreach-call.prp,True
CBMC,c/recursified_loop-simple/recursified_nested_6.c,32,c/properties/termination.prp,True
CBMC,c/recursified_loop-simple/recursified_nested_6.c,32,c/properties/unreach-call.prp,True
CBMC,c/combinations/gcd_3+newton_1_4.i,32,c/properties/unreach-call.prp,False
CBMC,c/Juliet_Test/CWE190_Integer_Overflow__int_fgets_square_17_good.i,64,c/properties/no-overflow.prp,True
CBMC,c/Juliet_Test/CWE190_Integer_Overflow__int_fgets_square_45_good.i,64,c/properties/no-overflow.prp,True
CBMC,c/eca-rers2012/Problem11_label20.c,32,c/properties/unreach-call.prp,False
CBMC,c/hardware-verification-bv/btor2c-lazyMod.cambridge.2.prop1-func-interl.c,64,c/properties/unreach-call.prp,False
CBMC,c/hardware-verification-bv/btor2c-lazyMod.gear.1.prop4-back-serstep.c,64,c/properties/unreach-call.prp,False
CBMC,c/eca-rers2012/Problem06_label09.c,32,c/properties/unreach-call.prp,False
CBMC,c/hardware-verification-bv/btor2c-lazyMod.arbitrated_top_n3_w8_d16_e0.c,64,c/properties/unreach-call.prp,False
CBMC,c/Juliet_Test/CWE190_Integer_Overflow__int_fgets_square_54_good.i,64,c/properties/no-overflow.prp,True
CBMC,c/Juliet_Test/CWE190_Integer_Overflow__int_fgets_square_66_good.i,64,c/properties/no-overflow.prp,True
CBMC,c/eca-rers2012/Problem06_label38.c,32,c/properties/unreach-call.prp,False
CBMC,c/eca-rers2012/Problem06_label10.c,32,c/properties/unreach-call.prp,False
CBMC,c/eca-rers2012/Problem06_label02.c,32,c/properties/unreach-call.prp,False
CBMC,c/ldv-linux-3.16-rc1/205_9a_array_unsafes_linux-3.16-rc1.tar.xz-205_9a-drivers--net--wireless--rtl818x--rtl8180--rtl818x_pci.ko-entry_point.cil.out.i,64,c/properties/unreach-call.prp,False
CBMC,c/combinations/gcd_3+newton_2_8.i,32,c/properties/unreach-call.prp,False
CBMC,c/aws-c-common/aws_hash_callback_string_eq_harness.i,64,c/properties/unreach-call.prp,True
CBMC,c/xcsp/Haystacks-09.c,32,c/properties/unreach-call.prp,True
CBMC,c/reducercommutativity/sep40-1.i,32,c/properties/unreach-call.prp,True
CBMC,c/pthread/stateful01-2.i,32,c/properties/unreach-call.prp,True
CBMC,c/pthread/stateful01-2.i,32,c/properties/valid-memsafety.prp,True
CBMC,c/pthread/stateful01-2.i,32,c/properties/no-overflow.prp,True
CBMC,c/pthread/stateful01-2.i,32,c/properties/no-data-race.prp,True
CBMC,c/eca-rers2012/Problem06_label44.c,32,c/properties/unreach-call.prp,False
CBMC,c/product-lines/email_spec1_productSimulator.cil.c,32,c/properties/termination.prp,True
CBMC,c/product-lines/email_spec1_productSimulator.cil.c,32,c/properties/unreach-call.prp,False
CBMC,c/aws-c-common/aws_array_list_shrink_to_fit_harness.i,64,c/properties/unreach-call.prp,True
CBMC,c/Juliet_Test/CWE190_Integer_Overflow__int_fgets_square_32_good.i,64,c/properties/no-overflow.prp,True
CBMC,c/eca-rers2012/Problem06_label15.c,32,c/properties/unreach-call.prp,False
CBMC,c/hardware-verification-bv/btor2c-lazyMod.vcegar_QF_BV_usb_phy_1.c,64,c/properties/unreach-call.prp,False
CBMC,c/Juliet_Test/CWE190_Integer_Overflow__int_fgets_square_34_good.i,64,c/properties/no-overflow.prp,True
CBMC,c/ldv-consumption/32_7a_cilled_linux-3.8-rc1-32_7a-drivers--net--wireless--ath--ath5k--ath5k.ko-ldv_main16_sequence_infinite_withcheck_stateful.cil.out.i,64,c/properties/unreach-call.prp,True
CBMC,c/goblint-regression/13-privatized_31-traces-mine-vs-mutex_true.i,32,c/properties/unreach-call.prp,True
CBMC,c/goblint-regression/13-privatized_31-traces-mine-vs-mutex_true.i,32,c/properties/valid-memsafety.prp,True
CBMC,c/goblint-regression/13-privatized_31-traces-mine-vs-mutex_true.i,32,c/properties/no-overflow.prp,True
CBMC,c/goblint-regression/13-privatized_31-traces-mine-vs-mutex_true.i,32,c/properties/no-data-race.prp,True
CBMC,c/nla-digbench-scaling/knuth_unwindbound20.i,32,c/properties/unreach-call.prp,True
CBMC,c/nla-digbench-scaling/knuth_unwindbound20.i,32,c/properties/no-overflow.prp,True
CBMC,c/Juliet_Test/CWE190_Integer_Overflow__int_fgets_square_31_good.i,64,c/properties/no-overflow.prp,True
CBMC,c/ldv-linux-3.4-simple/43_1a_cilled_ok_nondet_linux-43_1a-drivers--rtc--rtc-r9701.ko-ldv_main0_sequence_infinite_withcheck_stateful.cil.out.i,64,c/properties/unreach-call.prp,True
CBMC,c/Juliet_Test/CWE190_Integer_Overflow__int_fgets_square_01_good.i,64,c/properties/no-overflow.prp,True
CBMC,c/product-lines/email_spec9_productSimulator.cil.c,32,c/properties/termination.prp,True
CBMC,c/product-lines/email_spec9_productSimulator.cil.c,32,c/properties/unreach-call.prp,False
CBMC,c/hardware-verification-bv/btor2c-lazyMod.arbitrated_top_n3_w32_d16_e0.c,64,c/properties/unreach-call.prp,False
CBMC,c/hardware-verification-bv/btor2c-lazyMod.arbitrated_top_n3_w16_d16_e0.c,64,c/properties/unreach-call.prp,False
CBMC,c/seq-mthreaded/rekh_aso.4.M4.c,32,c/properties/unreach-call.prp,False
CBMC,c/eca-rers2012/Problem06_label36.c,32,c/properties/unreach-call.prp,False
CBMC,c/ldv-consumption/32_7a_cilled_linux-3.8-rc1-32_7a-drivers--net--wireless--zd1211rw--zd1211rw.ko-ldv_main1_sequence_infinite_withcheck_stateful.cil.out.i,64,c/properties/valid-memsafety.prp,False
CBMC,c/goblint-regression/13-privatized_29-multiple-protecting2-vesal_true.i,32,c/properties/unreach-call.prp,True
CBMC,c/goblint-regression/13-privatized_29-multiple-protecting2-vesal_true.i,32,c/properties/valid-memsafety.prp,True
CBMC,c/goblint-regression/13-privatized_29-multiple-protecting2-vesal_true.i,32,c/properties/no-overflow.prp,True
CBMC,c/goblint-regression/13-privatized_29-multiple-protecting2-vesal_true.i,32,c/properties/no-data-race.prp,True
CBMC,c/goblint-regression/13-privatized_29-multiple-protecting2-vesal_true.i,32,c/properties/unreach-call.prp,True
CBMC,c/goblint-regression/13-privatized_29-multiple-protecting2-vesal_true.i,32,c/properties/valid-memsafety.prp,True
CBMC,c/goblint-regression/13-privatized_29-multiple-protecting2-vesal_true.i,32,c/properties/no-overflow.prp,True
CBMC,c/goblint-regression/13-privatized_29-multiple-protecting2-vesal_true.i,32,c/properties/no-data-race.prp,True
CBMC,c/eca-rers2012/Problem06_label58.c,32,c/properties/unreach-call.prp,False
CBMC,c/eca-rers2012/Problem11_label49.c,32,c/properties/unreach-call.prp,False
CBMC,c/hardware-verification-bv/btor2c-lazyMod.arbitrated_top_n2_w64_d16_e0.c,64,c/properties/unreach-call.prp,False
CBMC,c/nla-digbench-scaling/egcd2-ll_valuebound5.c,32,c/properties/unreach-call.prp,True
CBMC,c/nla-digbench-scaling/egcd2-ll_valuebound5.c,32,c/properties/no-overflow.prp,True
CBMC,c/neural-networks/poly_4_4_4_4_thresh_4_unsafe.c-amalgamation.i,32,c/properties/unreach-call.prp,False
CBMC,c/product-lines/email_spec8_productSimulator.cil.c,32,c/properties/termination.prp,True
CBMC,c/product-lines/email_spec8_productSimulator.cil.c,32,c/properties/unreach-call.prp,False
CBMC,c/product-lines/email_spec3_productSimulator.cil.c,32,c/properties/termination.prp,True
CBMC,c/product-lines/email_spec3_productSimulator.cil.c,32,c/properties/unreach-call.prp,False
CBMC,c/eca-rers2012/Problem06_label24.c,32,c/properties/unreach-call.prp,False
CBMC,c/seq-mthreaded/rekh_aso.2.M4-2.c,32,c/properties/unreach-call.prp,True
CBMC,c/product-lines/email_spec9_productSimulator.cil.c,32,c/properties/termination.prp,True
CBMC,c/product-lines/email_spec9_productSimulator.cil.c,32,c/properties/unreach-call.prp,False
CBMC,c/termination-nla/hard2-both-t.c,32,c/properties/termination.prp,True
CBMC,c/xcsp/CostasArray-15.c,32,c/properties/unreach-call.prp,False
CBMC,c/pthread/fib_unsafe-6.i,32,c/properties/unreach-call.prp,False
CBMC,c/pthread/fib_unsafe-6.i,32,c/properties/valid-memsafety.prp,True
CBMC,c/pthread/fib_unsafe-6.i,32,c/properties/no-overflow.prp,True
CBMC,c/pthread/fib_unsafe-6.i,32,c/properties/no-data-race.prp,True
CBMC,c/eca-rers2012/Problem06_label29.c,32,c/properties/unreach-call.prp,False
CBMC,c/hardware-verification-bv/btor2c-lazyMod.bridge.1.prop1-func-interl.c,64,c/properties/unreach-call.prp,False
CBMC,c/combinations/gcd_2+newton_2_8.i,32,c/properties/unreach-call.prp,False
CBMC,c/ldv-linux-3.0/usb_urb-drivers-staging-lirc-lirc_imon.ko.cil.out.i,64,c/properties/unreach-call.prp,False
CBMC,c/nla-digbench-scaling/geo2-ll_valuebound10.c,32,c/properties/unreach-call.prp,True
CBMC,c/nla-digbench-scaling/geo2-ll_valuebound10.c,32,c/properties/no-overflow.prp,True
CBMC,c/hardware-verification-bv/btor2c-lazyMod.usb_phy.c,64,c/properties/unreach-call.prp,False
CBMC,c/hardware-verification-bv/btor2c-lazyMod.vis_arrays_two_p1.c,64,c/properties/unreach-call.prp,False
CBMC,c/product-lines/email_spec6_productSimulator.cil.c,32,c/properties/termination.prp,True
CBMC,c/product-lines/email_spec6_productSimulator.cil.c,32,c/properties/unreach-call.prp,False
CBMC,c/hardware-verification-bv/btor2c-lazyMod.peterson.5.prop1-func-interl.c,64,c/properties/unreach-call.prp,False
CBMC,c/product-lines/email_spec27_productSimulator.cil.c,32,c/properties/termination.prp,True
CBMC,c/product-lines/email_spec27_productSimulator.cil.c,32,c/properties/unreach-call.prp,False
CBMC,c/array-crafted/bAnd2.i,32,c/properties/no-overflow.prp,True
CBMC,c/array-crafted/bAnd2.i,32,c/properties/unreach-call.prp,True
CBMC,c/array-programs/partial_mod_count_limited_5.c,32,c/properties/unreach-call.prp,True
CBMC,c/seq-mthreaded/rekcba_ctm.4.c,32,c/properties/termination.prp,True
CBMC,c/seq-mthreaded/rekcba_ctm.4.c,32,c/properties/unreach-call.prp,True
CBMC,c/product-lines/email_spec1_productSimulator.cil.c,32,c/properties/termination.prp,True
CBMC,c/product-lines/email_spec1_productSimulator.cil.c,32,c/properties/unreach-call.prp,False
CBMC,c/busybox-1.22.0/sleep-4.i,64,c/properties/no-overflow.prp,False
CBMC,c/hardware-verification-bv/btor2c-lazyMod.peg_solitaire.5.prop1-back-serstep.c,64,c/properties/unreach-call.prp,False
CBMC,c/neural-networks/poly_32_32_32_thresh_3_unsafe.c-amalgamation.i,32,c/properties/unreach-call.prp,False
CBMC,c/Juliet_Test/CWE190_Integer_Overflow__int_fgets_square_44_good.i,64,c/properties/no-overflow.prp,True
CBMC,c/hardware-verification-bv/btor2c-lazyMod.lann.8.prop1-func-interl.c,64,c/properties/unreach-call.prp,False
CBMC,c/memory-model/4SB.i,32,c/properties/unreach-call.prp,False
CBMC,c/eca-rers2012/Problem06_label12.c,32,c/properties/unreach-call.prp,False
CBMC,c/nla-digbench-scaling/cohendiv-ll_unwindbound10.c,32,c/properties/unreach-call.prp,True
CBMC,c/nla-digbench-scaling/cohendiv-ll_unwindbound10.c,32,c/properties/no-overflow.prp,True
CBMC,c/nla-digbench-scaling/prod4br-ll_valuebound20.c,32,c/properties/unreach-call.prp,True
CBMC,c/nla-digbench-scaling/prod4br-ll_valuebound20.c,32,c/properties/no-overflow.prp,True
CBMC,c/eca-rers2012/Problem06_label33.c,32,c/properties/unreach-call.prp,False
CBMC,c/neural-networks/poly_4_4_4_4_thresh_3_unsafe.c-amalgamation.i,32,c/properties/unreach-call.prp,False
CBMC,c/eca-rers2012/Problem14_label14.c,32,c/properties/termination.prp,False
CBMC,c/eca-rers2012/Problem14_label14.c,32,c/properties/unreach-call.prp,False
CBMC,c/ldv-linux-3.4-simple/43_1a_cilled_ok_nondet_linux-43_1a-drivers--net--ppp--bsd_comp.ko-ldv_main0_sequence_infinite_withcheck_stateful.cil.out.i,64,c/properties/unreach-call.prp,True
CBMC,c/hardware-verification-bv/btor2c-lazyMod.frogs.2.prop1-back-serstep.c,64,c/properties/unreach-call.prp,False
CBMC,c/nla-digbench-scaling/lcm1_valuebound20.c,32,c/properties/unreach-call.prp,True
CBMC,c/nla-digbench-scaling/lcm1_valuebound20.c,32,c/properties/no-overflow.prp,True
CBMC,c/seq-mthreaded/rekh_nxt.2.M4-2.c,32,c/properties/unreach-call.prp,False
CBMC,c/nla-digbench-scaling/lcm1_valuebound10.c,32,c/properties/unreach-call.prp,True
CBMC,c/nla-digbench-scaling/lcm1_valuebound10.c,32,c/properties/no-overflow.prp,True
CBMC,c/eca-rers2012/Problem11_label42.c,32,c/properties/unreach-call.prp,False
CBMC,c/neural-networks/poly_4_4_4_4_thresh_5_unsafe.c-amalgamation.i,32,c/properties/unreach-call.prp,False
CBMC,c/nla-digbench-scaling/fermat1-ll_valuebound10.c,32,c/properties/unreach-call.prp,True
CBMC,c/nla-digbench-scaling/fermat1-ll_valuebound10.c,32,c/properties/no-overflow.prp,True
CBMC,c/eca-rers2012/Problem06_label48.c,32,c/properties/unreach-call.prp,False
CBMC,c/combinations/square_8+soft_float_1-2a.c.cil.c,32,c/properties/unreach-call.prp,True
CBMC,c/seq-mthreaded/rekh_nxt.1.M4-2.c,32,c/properties/unreach-call.prp,True
CBMC,c/list-ext3-properties/sll_nondet_insert-2.i,32,c/properties/unreach-call.prp,True
CBMC,c/list-ext3-properties/sll_nondet_insert-2.i,32,c/properties/valid-memsafety.prp,True
CBMC,c/ldv-linux-4.2-rc1/linux-4.2-rc1.tar.xz-32_7a-drivers--misc--sgi-gru--gru.ko-entry_point.cil.out.i,64,c/properties/unreach-call.prp,True
CBMC,c/pthread/fib_unsafe-7.i,32,c/properties/unreach-call.prp,False
CBMC,c/pthread/fib_unsafe-7.i,32,c/properties/valid-memsafety.prp,True
CBMC,c/pthread/fib_unsafe-7.i,32,c/properties/no-overflow.prp,True
CBMC,c/pthread/fib_unsafe-7.i,32,c/properties/no-data-race.prp,True
CBMC,c/hardware-verification-bv/btor2c-lazyMod.loyd.2.prop1-back-serstep.c,64,c/properties/unreach-call.prp,False
CBMC,c/hardware-verification-bv/btor2c-lazyMod.circular_pointer_top_w32_d16_e0.c,64,c/properties/unreach-call.prp,False
CBMC,c/ldv-linux-3.4-simple/43_1a_cilled_ok_nondet_linux-43_1a-drivers--usb--image--mdc800.ko-ldv_main0_sequence_infinite_withcheck_stateful.cil.out.i,64,c/properties/termination.prp,True
CBMC,c/ldv-linux-3.4-simple/43_1a_cilled_ok_nondet_linux-43_1a-drivers--usb--image--mdc800.ko-ldv_main0_sequence_infinite_withcheck_stateful.cil.out.i,64,c/properties/unreach-call.prp,True
CBMC,c/pthread/stateful01-1.i,32,c/properties/unreach-call.prp,False
CBMC,c/pthread/stateful01-1.i,32,c/properties/valid-memsafety.prp,True
CBMC,c/pthread/stateful01-1.i,32,c/properties/no-overflow.prp,True
CBMC,c/pthread/stateful01-1.i,32,c/properties/no-data-race.prp,True
CBMC,c/eca-rers2012/Problem06_label00.c,32,c/properties/unreach-call.prp,False
CBMC,c/Juliet_Test/CWE190_Integer_Overflow__int_fgets_square_68_good.i,64,c/properties/no-overflow.prp,True
CBMC,c/nla-digbench-scaling/lcm2_valuebound100.c,32,c/properties/unreach-call.prp,True
CBMC,c/nla-digbench-scaling/lcm2_valuebound100.c,32,c/properties/no-overflow.prp,True
CBMC,c/hardware-verification-bv/btor2c-lazyMod.gear.1.prop4-func-interl.c,64,c/properties/unreach-call.prp,False
CBMC,c/recursified_loop-simple/recursified_nested_6.c,32,c/properties/termination.prp,True
CBMC,c/recursified_loop-simple/recursified_nested_6.c,32,c/properties/unreach-call.prp,True
CBMC,c/hardware-verification-bv/btor2c-lazyMod.peterson.6.prop1-func-interl.c,64,c/properties/unreach-call.prp,False
CBMC,c/Juliet_Test/CWE190_Integer_Overflow__int_fgets_square_42_good.i,64,c/properties/no-overflow.prp,True
CBMC,c/nla-digbench-scaling/fermat1-ll_valuebound20.c,32,c/properties/unreach-call.prp,True
CBMC,c/nla-digbench-scaling/fermat1-ll_valuebound20.c,32,c/properties/no-overflow.prp,True
CBMC,c/seq-mthreaded/rekh_ctm.3-2.c,32,c/properties/termination.prp,True
CBMC,c/seq-mthreaded/rekh_ctm.3-2.c,32,c/properties/unreach-call.prp,False
CBMC,c/nla-digbench-scaling/mannadiv_unwindbound20.c,32,c/properties/unreach-call.prp,False
CBMC,c/nla-digbench-scaling/mannadiv_unwindbound20.c,32,c/properties/no-overflow.prp,True
CBMC,c/hardware-verification-bv/btor2c-lazyMod.arbitrated_top_n4_w8_d16_e0.c,64,c/properties/unreach-call.prp,False
CBMC,c/hardware-verification-bv/btor2c-lazyMod.gear.2.prop4-func-interl.c,64,c/properties/unreach-call.prp,False
CBMC,c/ldv-linux-3.4-simple/32_1_cilled_ok_nondet_linux-3.4-32_1-drivers--net--wireless--ath--ath6kl--ath6kl_usb.ko-ldv_main0_sequence_infinite_withcheck_stateful.cil.out.i,64,c/properties/unreach-call.prp,True
CBMC,c/ldv-linux-3.16-rc1/43_2a_consumption_linux-3.16-rc1.tar.xz-43_2a-drivers--net--wireless--zd1211rw--zd1211rw.ko-entry_point.cil.out.i,64,c/properties/unreach-call.prp,True
CBMC,c/loop-lit/afnp2014.i,32,c/properties/termination.prp,True
CBMC,c/loop-lit/afnp2014.i,32,c/properties/unreach-call.prp,True
CBMC,c/Juliet_Test/CWE190_Integer_Overflow__int_fgets_square_52_good.i,64,c/properties/no-overflow.prp,True
CBMC,c/float-benchs/cos_polynomial.c,32,c/properties/termination.prp,True
CBMC,c/float-benchs/cos_polynomial.c,32,c/properties/unreach-call.prp,True
CBMC,c/ldv-linux-3.4-simple/43_1a_cilled_ok_nondet_linux-43_1a-drivers--media--dvb--dvb-usb--dvb-usb-az6027.ko-ldv_main0_sequence_infinite_withcheck_stateful.cil.out.i,64,c/properties/unreach-call.prp,True
CBMC,c/Juliet_Test/CWE190_Integer_Overflow__int64_t_max_square_05_good.i,64,c/properties/no-overflow.prp,True
CBMC,c/eca-rers2012/Problem06_label56.c,32,c/properties/unreach-call.prp,False
CBMC,c/recursified_loop-crafted/recursified_simple_array_index_value_2.i,32,c/properties/termination.prp,True
CBMC,c/recursified_loop-crafted/recursified_simple_array_index_value_2.i,32,c/properties/unreach-call.prp,True
CBMC,c/combinations/Problem05_label46+token_ring.04.cil-2.c,32,c/properties/unreach-call.prp,False
CBMC,c/Juliet_Test/CWE190_Integer_Overflow__int64_t_max_square_10_good.i,64,c/properties/no-overflow.prp,True
CBMC,c/Juliet_Test/CWE190_Integer_Overflow__int_fgets_square_41_good.i,64,c/properties/no-overflow.prp,True
CBMC,c/hardware-verification-bv/btor2c-lazyMod.brp.2.prop1-func-interl.c,64,c/properties/unreach-call.prp,False
CBMC,c/Juliet_Test/CWE190_Integer_Overflow__int_fgets_square_64_good.i,64,c/properties/no-overflow.prp,True
CBMC,c/eca-rers2012/Problem11_label58.c,32,c/properties/unreach-call.prp,False
CBMC,c/ldv-linux-3.4-simple/43_1a_cilled_ok_nondet_linux-43_1a-drivers--input--touchscreen--penmount.ko-ldv_main0_sequence_infinite_withcheck_stateful.cil.out.i,64,c/properties/unreach-call.prp,True
CBMC,c/Juliet_Test/CWE190_Integer_Overflow__int64_t_max_square_14_good.i,64,c/properties/no-overflow.prp,True
CBMC,c/weaver/chl-name-comparator-symm.wvr.c,32,c/properties/unreach-call.prp,True
CBMC,c/weaver/chl-name-comparator-symm.wvr.c,32,c/properties/valid-memsafety.prp,True
CBMC,c/weaver/chl-name-comparator-symm.wvr.c,32,c/properties/no-overflow.prp,True
CBMC,c/weaver/chl-name-comparator-symm.wvr.c,32,c/properties/no-data-race.prp,True
CBMC,c/combinations/square_8+soft_float_3a.c.cil.c,32,c/properties/unreach-call.prp,True
CBMC,c/seq-mthreaded/pals_floodmax.4.ufo.BOUNDED-8.pals.c,32,c/properties/termination.prp,True
CBMC,c/seq-mthreaded/pals_floodmax.4.ufo.BOUNDED-8.pals.c,32,c/properties/unreach-call.prp,True
CBMC,c/Juliet_Test/CWE190_Integer_Overflow__int_fgets_square_16_good.i,64,c/properties/no-overflow.prp,True
CBMC,c/recursified_loop-crafted/recursified_simple_array_index_value_3.i,32,c/properties/termination.prp,True
CBMC,c/recursified_loop-crafted/recursified_simple_array_index_value_3.i,32,c/properties/unreach-call.prp,True
CBMC,c/product-lines/email_spec7_productSimulator.cil.c,32,c/properties/termination.prp,True
CBMC,c/product-lines/email_spec7_productSimulator.cil.c,32,c/properties/unreach-call.prp,False
CBMC,c/Juliet_Test/CWE190_Integer_Overflow__int_fscanf_square_02_good.i,64,c/properties/no-overflow.prp,True
CBMC,c/Juliet_Test/CWE190_Integer_Overflow__int64_t_max_square_08_good.i,64,c/properties/no-overflow.prp,True
CBMC,c/Juliet_Test/CWE190_Integer_Overflow__int_fscanf_square_10_good.i,64,c/properties/no-overflow.prp,True
CBMC,c/seq-mthreaded/rekh_aso.3.M4.c,32,c/properties/unreach-call.prp,True
CBMC,c/product-lines/email_spec27_productSimulator.cil.c,32,c/properties/termination.prp,True
CBMC,c/product-lines/email_spec27_productSimulator.cil.c,32,c/properties/unreach-call.prp,False
CBMC,c/Juliet_Test/CWE190_Integer_Overflow__int64_t_max_square_06_good.i,64,c/properties/no-overflow.prp,True
CBMC,c/Juliet_Test/CWE190_Integer_Overflow__int64_t_max_square_13_good.i,64,c/properties/no-overflow.prp,True
CBMC,c/Juliet_Test/CWE190_Integer_Overflow__int64_t_max_square_03_good.i,64,c/properties/no-overflow.prp,True
CBMC,c/Juliet_Test/CWE190_Integer_Overflow__int64_t_max_square_04_good.i,64,c/properties/no-overflow.prp,True
CBMC,c/weaver/chl-name-comparator-trans.wvr.c,32,c/properties/unreach-call.prp,True
CBMC,c/weaver/chl-name-comparator-trans.wvr.c,32,c/properties/valid-memsafety.prp,True
CBMC,c/weaver/chl-name-comparator-trans.wvr.c,32,c/properties/no-overflow.prp,True
CBMC,c/weaver/chl-name-comparator-trans.wvr.c,32,c/properties/no-data-race.prp,True
CBMC,c/hardware-verification-bv/btor2c-lazyMod.cyclic_scheduler.4.prop1-func-interl.c,64,c/properties/unreach-call.prp,False
CBMC,c/eca-rers2012/Problem06_label01.c,32,c/properties/unreach-call.prp,False
CBMC,c/goblint-regression/13-privatized_32-traces-mine-vs-oplus-vs-meet_true.i,32,c/properties/unreach-call.prp,True
CBMC,c/goblint-regression/13-privatized_32-traces-mine-vs-oplus-vs-meet_true.i,32,c/properties/valid-memsafety.prp,True
CBMC,c/goblint-regression/13-privatized_32-traces-mine-vs-oplus-vs-meet_true.i,32,c/properties/no-overflow.prp,True
CBMC,c/goblint-regression/13-privatized_32-traces-mine-vs-oplus-vs-meet_true.i,32,c/properties/no-data-race.prp,True
CBMC,c/hardware-verification-bv/btor2c-lazyMod.arbitrated_top_n4_w16_d16_e0.c,64,c/properties/unreach-call.prp,False
CBMC,c/hardware-verification-bv/btor2c-lazyMod.production_cell.2.prop1-back-serstep.c,64,c/properties/unreach-call.prp,False
CBMC,c/nla-digbench-scaling/prodbin-ll_valuebound100.c,32,c/properties/unreach-call.prp,True
CBMC,c/nla-digbench-scaling/prodbin-ll_valuebound100.c,32,c/properties/no-overflow.prp,True
CBMC,c/loop-lit/afnp2014.i,32,c/properties/termination.prp,True
CBMC,c/loop-lit/afnp2014.i,32,c/properties/unreach-call.prp,True
CBMC,c/Juliet_Test/CWE190_Integer_Overflow__int64_t_max_square_22_good.i,64,c/properties/no-overflow.prp,True
CBMC,c/seq-mthreaded/pals_lcr.8.ufo.BOUNDED-16.pals.c,32,c/properties/termination.prp,True
CBMC,c/seq-mthreaded/pals_lcr.8.ufo.BOUNDED-16.pals.c,32,c/properties/unreach-call.prp,True
CBMC,c/combinations/square_8+soft_float_2a.c.cil.c,32,c/properties/unreach-call.prp,True
CBMC,c/ldv-linux-4.2-rc1/linux-4.2-rc1.tar.xz-43_2a-drivers--net--ethernet--3com--3c589_cs.ko-entry_point.cil.out.i,64,c/properties/unreach-call.prp,True
CBMC,c/Juliet_Test/CWE190_Integer_Overflow__int_fgets_square_65_good.i,64,c/properties/no-overflow.prp,True
CBMC,c/xcsp/AllInterval-018.c,32,c/properties/unreach-call.prp,False
CBMC,c/product-lines/elevator_spec3_productSimulator.cil.c,32,c/properties/termination.prp,True
CBMC,c/product-lines/elevator_spec3_productSimulator.cil.c,32,c/properties/unreach-call.prp,False
CBMC,c/ldv-linux-3.4-simple/32_1_cilled_ok_nondet_linux-3.4-32_1-drivers--media--dvb--dvb-usb--dvb-usb-dtt200u.ko-ldv_main1_sequence_infinite_withcheck_stateful.cil.out.i,64,c/properties/termination.prp,False
CBMC,c/ldv-linux-3.4-simple/32_1_cilled_ok_nondet_linux-3.4-32_1-drivers--media--dvb--dvb-usb--dvb-usb-dtt200u.ko-ldv_main1_sequence_infinite_withcheck_stateful.cil.out.i,64,c/properties/unreach-call.prp,True
CBMC,c/Juliet_Test/CWE190_Integer_Overflow__int_fgets_square_51_good.i,64,c/properties/no-overflow.prp,True
CBMC,c/hardware-verification-bv/btor2c-lazyMod.leader_filters.2.prop1-func-interl.c,64,c/properties/unreach-call.prp,False
CBMC,c/eca-rers2012/Problem06_label20.c,32,c/properties/unreach-call.prp,False
CBMC,c/neural-networks/softsign_w4_r3_case_0_safe.c-amalgamation.i,32,c/properties/unreach-call.prp,True
CBMC,c/Juliet_Test/CWE190_Integer_Overflow__int64_t_max_square_09_good.i,64,c/properties/no-overflow.prp,True
CBMC,c/combinations/gcd_1+newton_2_6.i,32,c/properties/unreach-call.prp,False
CBMC,c/Juliet_Test/CWE190_Integer_Overflow__int_fscanf_square_13_good.i,64,c/properties/no-overflow.prp,True
CBMC,c/Juliet_Test/CWE190_Integer_Overflow__int_fscanf_square_06_good.i,64,c/properties/no-overflow.prp,True
CBMC,c/nla-digbench-scaling/egcd2-ll_valuebound10.c,32,c/properties/unreach-call.prp,True
CBMC,c/nla-digbench-scaling/egcd2-ll_valuebound10.c,32,c/properties/no-overflow.prp,True
CBMC,c/combinations/gcd_2+newton_1_5.i,32,c/properties/unreach-call.prp,False
CBMC,c/hardware-verification-bv/btor2c-lazyMod.lamport.3.prop1-func-interl.c,64,c/properties/unreach-call.prp,False
CBMC,c/nla-digbench-scaling/freire2_valuebound100.c,32,c/properties/unreach-call.prp,False
CBMC,c/nla-digbench-scaling/freire2_valuebound100.c,32,c/properties/no-overflow.prp,True
CBMC,c/hardware-verification-bv/btor2c-lazyMod.train-gate.1.prop1-back-serstep.c,64,c/properties/unreach-call.prp,False
CBMC,c/Juliet_Test/CWE190_Integer_Overflow__int_fscanf_square_15_good.i,64,c/properties/no-overflow.prp,True
CBMC,c/Juliet_Test/CWE190_Integer_Overflow__int_fscanf_square_14_good.i,64,c/properties/no-overflow.prp,True
CBMC,c/ldv-linux-3.4-simple/43_1a_cilled_ok_nondet_linux-43_1a-drivers--media--dvb--dvb-usb--dvb-usb-digitv.ko-ldv_main0_sequence_infinite_withcheck_stateful.cil.out.i,64,c/properties/valid-memsafety.prp,False
CBMC,c/weaver/chl-name-comparator-subst.wvr.c,32,c/properties/unreach-call.prp,True
CBMC,c/weaver/chl-name-comparator-subst.wvr.c,32,c/properties/valid-memsafety.prp,True
CBMC,c/weaver/chl-name-comparator-subst.wvr.c,32,c/properties/no-overflow.prp,True
CBMC,c/weaver/chl-name-comparator-subst.wvr.c,32,c/properties/no-data-race.prp,True
CBMC,c/combinations/Problem05_label45+token_ring.01.cil-2.c,32,c/properties/unreach-call.prp,False
CBMC,c/neural-networks/poly_64_64_thresh_4_unsafe.c-amalgamation.i,32,c/properties/unreach-call.prp,False
CBMC,c/Juliet_Test/CWE190_Integer_Overflow__int_fscanf_square_04_good.i,64,c/properties/no-overflow.prp,True
CBMC,c/seq-mthreaded/rekh_ctm.1.c,32,c/properties/termination.prp,True
CBMC,c/seq-mthreaded/rekh_ctm.1.c,32,c/properties/unreach-call.prp,True
CBMC,c/Juliet_Test/CWE190_Integer_Overflow__int_fscanf_square_09_good.i,64,c/properties/no-overflow.prp,True
CBMC,c/Juliet_Test/CWE190_Integer_Overflow__int64_t_max_square_11_good.i,64,c/properties/no-overflow.prp,True
CBMC,c/eca-rers2012/Problem11_label15.c,32,c/properties/unreach-call.prp,False
CBMC,c/ldv-consumption/linux-3.8-rc1-32_7a-drivers--scsi--st.ko-ldv_main0.cil.out.i,64,c/properties/unreach-call.prp,True
CBMC,c/Juliet_Test/CWE190_Integer_Overflow__int64_t_max_square_21_good.i,64,c/properties/no-overflow.prp,True
CBMC,c/Juliet_Test/CWE190_Integer_Overflow__int_fscanf_square_12_good.i,64,c/properties/no-overflow.prp,True
CBMC,c/hardware-verification-bv/btor2c-lazyMod.loyd.2.prop1-func-interl.c,64,c/properties/unreach-call.prp,False
CBMC,c/combinations/square_8+soft_float_5a.c.cil.c,32,c/properties/unreach-call.prp,True
CBMC,c/seq-mthreaded/rekh_ctm.2-2.c,32,c/properties/termination.prp,True
CBMC,c/seq-mthreaded/rekh_ctm.2-2.c,32,c/properties/unreach-call.prp,True
CBMC,c/goblint-coreutils/instrumented_interval_nohup_comb.i,64,c/properties/unreach-call.prp,True
CBMC,c/goblint-coreutils/instrumented_interval_nohup_comb.i,64,c/properties/valid-memsafety.prp,True
CBMC,c/goblint-coreutils/instrumented_interval_nohup_comb.i,64,c/properties/no-overflow.prp,True
CBMC,c/combinations/Problem05_label45+token_ring.08.cil-2.c,32,c/properties/unreach-call.prp,False
CBMC,c/Juliet_Test/CWE190_Integer_Overflow__int_fscanf_square_07_good.i,64,c/properties/no-overflow.prp,True
CBMC,c/combinations/Problem05_label42+token_ring.01.cil-2.c,32,c/properties/unreach-call.prp,False
CBMC,c/hardware-verification-bv/btor2c-lazyMod.arbitrated_top_n5_w8_d16_e0.c,64,c/properties/unreach-call.prp,False
CBMC,c/floats-cbmc-regression/float4.i,32,c/properties/unreach-call.prp,True
CBMC,c/hardware-verification-bv/btor2c-lazyMod.krebs.2.prop1-back-serstep.c,64,c/properties/unreach-call.prp,False
CBMC,c/seq-mthreaded/pals_lcr.3_overflow.ufo.UNBOUNDED.pals.c,32,c/properties/no-overflow.prp,True
CBMC,c/seq-mthreaded/pals_lcr.3_overflow.ufo.UNBOUNDED.pals.c,32,c/properties/unreach-call.prp,False
CBMC,c/seq-mthreaded/pals_lcr.3_overflow.ufo.UNBOUNDED.pals.c,32,c/properties/termination.prp,True
CBMC,c/hardware-verification-bv/btor2c-lazyMod.arbitrated_top_n4_w32_d16_e0.c,64,c/properties/unreach-call.prp,False
CBMC,c/Juliet_Test/CWE190_Integer_Overflow__int_fscanf_square_05_good.i,64,c/properties/no-overflow.prp,True
CBMC,c/array-patterns/array24_pattern.c,32,c/properties/unreach-call.prp,True
CBMC,c/xcsp/AllInterval-019.c,32,c/properties/unreach-call.prp,False
CBMC,c/neural-networks/poly_512_thresh_4_unsafe.c-amalgamation.i,32,c/properties/unreach-call.prp,False
CBMC,c/array-programs/partial_mod_count_limited_2.c,32,c/properties/unreach-call.prp,True
CBMC,c/xcsp/AllInterval-016.c,32,c/properties/unreach-call.prp,False
CBMC,c/neural-networks/softsign_w64_r1_case_0_unsafe.c-amalgamation.i,32,c/properties/unreach-call.prp,False
CBMC,c/hardware-verification-bv/btor2c-lazyMod.arbitrated_top_n5_w16_d16_e0.c,64,c/properties/unreach-call.prp,False
CBMC,c/nla-digbench-scaling/hard2_unwindbound50.c,32,c/properties/unreach-call.prp,False
CBMC,c/nla-digbench-scaling/hard2_unwindbound50.c,32,c/properties/no-overflow.prp,True
CBMC,c/combinations/Problem05_label42+token_ring.02.cil-2.c,32,c/properties/unreach-call.prp,False
CBMC,c/neural-networks/poly_64_64_thresh_5_unsafe.c-amalgamation.i,32,c/properties/unreach-call.prp,False
CBMC,c/hardware-verification-bv/btor2c-lazyMod.circular_pointer_top_w16_d16_e0.c,64,c/properties/unreach-call.prp,False
CBMC,c/ldv-linux-3.4-simple/32_7_cpp_single_drivers-net-wireless-mwl8k.cil.out.i,64,c/properties/unreach-call.prp,False
CBMC,c/hardware-verification-bv/btor2c-lazyMod.bakery.6.prop1-func-interl.c,64,c/properties/unreach-call.prp,False
CBMC,c/seq-mthreaded/rekh_nxt.2.M4-1.c,32,c/properties/unreach-call.prp,True
CBMC,c/nla-digbench-scaling/fermat2-ll_unwindbound5.c,32,c/properties/unreach-call.prp,False
CBMC,c/nla-digbench-scaling/fermat2-ll_unwindbound5.c,32,c/properties/no-overflow.prp,True
CBMC,c/combinations/Problem05_label46+token_ring.03.cil-1.c,32,c/properties/unreach-call.prp,False
CBMC,c/seq-mthreaded-reduced/pals_lcr-var-start-time.3.1.ufo.UNBOUNDED.pals.c.v+sep-reducer.c,32,c/properties/unreach-call.prp,False
CBMC,c/eca-rers2012/Problem06_label59.c,32,c/properties/unreach-call.prp,False
CBMC,c/goblint-regression/13-privatized_32-traces-mine-vs-oplus-vs-meet_true.i,32,c/properties/unreach-call.prp,True
CBMC,c/goblint-regression/13-privatized_32-traces-mine-vs-oplus-vs-meet_true.i,32,c/properties/valid-memsafety.prp,True
CBMC,c/goblint-regression/13-privatized_32-traces-mine-vs-oplus-vs-meet_true.i,32,c/properties/no-overflow.prp,True
CBMC,c/goblint-regression/13-privatized_32-traces-mine-vs-oplus-vs-meet_true.i,32,c/properties/no-data-race.prp,True
CBMC,c/eca-rers2012/Problem11_label00.c,32,c/properties/unreach-call.prp,False
CBMC,c/combinations/Problem05_label45+token_ring.02.cil-2.c,32,c/properties/unreach-call.prp,False
CBMC,c/ldv-consumption/32_7a_cilled_linux-3.8-rc1-drivers--video--aty--radeonfb.ko-main.cil.out.i,64,c/properties/unreach-call.prp,True
CBMC,c/Juliet_Test/CWE190_Integer_Overflow__int_fgets_square_53_good.i,64,c/properties/no-overflow.prp,True
CBMC,c/Juliet_Test/CWE190_Integer_Overflow__int64_t_max_square_15_good.i,64,c/properties/no-overflow.prp,True
CBMC,c/combinations/Problem05_label46+token_ring.01.cil-2.c,32,c/properties/unreach-call.prp,False
CBMC,c/neural-networks/poly_64_64_thresh_3_unsafe.c-amalgamation.i,32,c/properties/unreach-call.prp,False
CBMC,c/combinations/Problem05_label45+token_ring.03.cil-1.c,32,c/properties/unreach-call.prp,False
CBMC,c/xcsp/Haystacks-10.c,32,c/properties/unreach-call.prp,True
CBMC,c/Juliet_Test/CWE190_Integer_Overflow__int_fscanf_square_08_good.i,64,c/properties/no-overflow.prp,True
CBMC,c/neural-networks/softsign_w4_r4_case_1_unsafe.c-amalgamation.i,32,c/properties/unreach-call.prp,False
CBMC,c/pthread-ext/26_stack_cas_longest-1.i,32,c/properties/unreach-call.prp,False
CBMC,c/pthread-ext/26_stack_cas_longest-1.i,32,c/properties/valid-memsafety.prp,True
CBMC,c/pthread-ext/26_stack_cas_longest-1.i,32,c/properties/no-overflow.prp,True
CBMC,c/pthread-ext/26_stack_cas_longest-1.i,32,c/properties/no-data-race.prp,True
CBMC,c/ldv-linux-3.4-simple/43_1a_cilled_ok_nondet_linux-43_1a-drivers--media--video--gspca--gspca_finepix.ko-ldv_main0_sequence_infinite_withcheck_stateful.cil.out.i,64,c/properties/unreach-call.prp,True
CBMC,c/hardware-verification-bv/btor2c-lazyMod.lann.3.prop1-func-interl.c,64,c/properties/unreach-call.prp,False
CBMC,c/Juliet_Test/CWE190_Integer_Overflow__int_fscanf_square_11_good.i,64,c/properties/no-overflow.prp,True
CBMC,c/eca-rers2012/Problem06_label21.c,32,c/properties/unreach-call.prp,False
CBMC,c/xcsp/AllInterval-017.c,32,c/properties/unreach-call.prp,False
CBMC,c/hardware-verification-bv/btor2c-lazyMod.brp.3.prop1-func-interl.c,64,c/properties/unreach-call.prp,False
CBMC,c/reducercommutativity/avg05-1.i,32,c/properties/termination.prp,True
CBMC,c/reducercommutativity/avg05-1.i,32,c/properties/unreach-call.prp,True
CBMC,c/Juliet_Test/CWE190_Integer_Overflow__int_fscanf_square_03_good.i,64,c/properties/no-overflow.prp,True
CBMC,c/eca-rers2012/Problem06_label04.c,32,c/properties/unreach-call.prp,False
CBMC,c/combinations/Problem05_label43+token_ring.01.cil-2.c,32,c/properties/unreach-call.prp,False
CBMC,c/pthread/stateful01-2.i,32,c/properties/unreach-call.prp,True
CBMC,c/pthread/stateful01-2.i,32,c/properties/valid-memsafety.prp,True
CBMC,c/pthread/stateful01-2.i,32,c/properties/no-overflow.prp,True
CBMC,c/pthread/stateful01-2.i,32,c/properties/no-data-race.prp,True
CBMC,c/ldv-linux-3.4-simple/32_7_cilled_const_ok_linux-32_1-drivers--usb--image--microtek.ko-ldv_main0_sequence_infinite_withcheck_stateful.cil.out.i,64,c/properties/unreach-call.prp,False
CBMC,c/seq-mthreaded-reduced/pals_lcr-var-start-time.3.1.ufo.BOUNDED-6.pals.c.v+sep-reducer.c,32,c/properties/unreach-call.prp,False
CBMC,c/reducercommutativity/max10-1.i,32,c/properties/no-overflow.prp,True
CBMC,c/reducercommutativity/max10-1.i,32,c/properties/termination.prp,True
CBMC,c/reducercommutativity/max10-1.i,32,c/properties/unreach-call.prp,True
CBMC,c/hardware-verification-bv/btor2c-lazyMod.lamport_nonatomic.3.prop1-func-interl.c,64,c/properties/unreach-call.prp,False
CBMC,c/ldv-commit-tester/main0_drivers-net-wireless-ath-carl9170-carl9170-ko--32_7a--8a9f335.i,64,c/properties/unreach-call.prp,True
CBMC,c/combinations/Problem05_label43+token_ring.02.cil-2.c,32,c/properties/unreach-call.prp,False
CBMC,c/neural-networks/softsign_w8_r2_case_0_safe.c-amalgamation.i,32,c/properties/unreach-call.prp,True
CBMC,c/Juliet_Test/CWE190_Integer_Overflow__int64_t_max_square_07_good.i,64,c/properties/no-overflow.prp,True
CBMC,c/hardware-verification-bv/btor2c-lazyMod.cambridge.6.prop1-back-serstep.c,64,c/properties/unreach-call.prp,False
CBMC,c/goblint-coreutils/instrumented_nohup_comb.i,64,c/properties/unreach-call.prp,True
CBMC,c/goblint-coreutils/instrumented_nohup_comb.i,64,c/properties/valid-memsafety.prp,True
CBMC,c/goblint-coreutils/instrumented_nohup_comb.i,64,c/properties/no-overflow.prp,True
CBMC,c/combinations/Problem05_label49+token_ring.08.cil-2.c,32,c/properties/unreach-call.prp,False
CBMC,c/hardware-verification-bv/btor2c-lazyMod.cambridge.7.prop1-back-serstep.c,64,c/properties/unreach-call.prp,False
CBMC,c/seq-mthreaded/pals_floodmax.3_overflow.ufo.UNBOUNDED.pals.c,32,c/properties/unreach-call.prp,False
CBMC,c/seq-mthreaded/pals_floodmax.3_overflow.ufo.UNBOUNDED.pals.c,32,c/properties/termination.prp,True
CBMC,c/neural-networks/tanh_w64_r1_case_1_safe.c-amalgamation.i,32,c/properties/unreach-call.prp,True
CBMC,c/combinations/Problem05_label42+token_ring.04.cil-2.c,32,c/properties/unreach-call.prp,False
CBMC,c/hardware-verification-bv/btor2c-lazyMod.at.6.prop1-func-interl.c,64,c/properties/unreach-call.prp,False
CBMC,c/hardware-verification-bv/btor2c-lazyMod.v_DAIO.c,64,c/properties/unreach-call.prp,False
CBMC,c/eca-rers2012/Problem15_label33.c,32,c/properties/unreach-call.prp,False
CBMC,c/combinations/Problem05_label46+token_ring.02.cil-2.c,32,c/properties/unreach-call.prp,False
CBMC,c/combinations/Problem05_label43+token_ring.04.cil-2.c,32,c/properties/unreach-call.prp,False
CBMC,c/combinations/Problem05_label49+token_ring.02.cil-2.c,32,c/properties/unreach-call.prp,False
CBMC,c/ldv-linux-3.4-simple/32_1_cilled_ok_nondet_linux-3.4-32_1-drivers--staging--iio--dds--ad9832.ko-ldv_main0_sequence_infinite_withcheck_stateful.cil.out.i,64,c/properties/unreach-call.prp,True
CBMC,c/hardware-verification-bv/btor2c-lazyMod.cambridge.6.prop1-func-interl.c,64,c/properties/unreach-call.prp,False
CBMC,c/combinations/Problem05_label45+token_ring.07.cil-2.c,32,c/properties/unreach-call.prp,False
CBMC,c/hardware-verification-bv/btor2c-lazyMod.shift_register_top_w8_d16_e0.c,64,c/properties/unreach-call.prp,False
CBMC,c/neural-networks/tanh_w64_r2_case_1_unsafe.c-amalgamation.i,32,c/properties/unreach-call.prp,False
CBMC,c/ldv-linux-3.4-simple/43_1a_cilled_ok_nondet_linux-43_1a-drivers--media--dvb--dvb-usb--dvb-usb-dibusb-mb.ko-ldv_main0_sequence_infinite_withcheck_stateful.cil.out.i,64,c/properties/valid-memsafety.prp,False
CBMC,c/busybox-1.22.0/realpath-1.i,64,c/properties/no-overflow.prp,True
CBMC,c/busybox-1.22.0/realpath-1.i,64,c/properties/valid-memsafety.prp,True
CBMC,c/ntdrivers/floppy.i.cil-3.c,32,c/properties/unreach-call.prp,True
CBMC,c/ntdrivers/floppy.i.cil-3.c,32,c/properties/valid-memsafety.prp,False
CBMC,c/combinations/Problem05_label45+token_ring.05.cil-2.c,32,c/properties/unreach-call.prp,False
CBMC,c/hardware-verification-bv/btor2c-lazyMod.brp.5.prop1-func-interl.c,64,c/properties/unreach-call.prp,False
CBMC,c/combinations/Problem05_label45+token_ring.06.cil-1.c,32,c/properties/unreach-call.prp,False
CBMC,c/hardware-verification-bv/btor2c-lazyMod.brp.4.prop1-func-interl.c,64,c/properties/unreach-call.prp,False
CBMC,c/Juliet_Test/CWE190_Integer_Overflow__int64_t_max_square_02_good.i,64,c/properties/no-overflow.prp,True
CBMC,c/ldv-linux-4.2-rc1/linux-4.2-rc1.tar.xz-08_1a-drivers--media--usb--dvb-usb--dvb-usb-dw2102.ko-entry_point.cil.out.i,64,c/properties/valid-memsafety.prp,False
CBMC,c/loop-acceleration/array_2-1.i,32,c/properties/no-overflow.prp,True
CBMC,c/loop-acceleration/array_2-1.i,32,c/properties/termination.prp,True
CBMC,c/loop-acceleration/array_2-1.i,32,c/properties/unreach-call.prp,False
CBMC,c/hardware-verification-bv/btor2c-lazyMod.production_cell.4.prop1-back-serstep.c,64,c/properties/unreach-call.prp,False
CBMC,c/combinations/Problem05_label46+token_ring.07.cil-2.c,32,c/properties/unreach-call.prp,False
CBMC,c/neural-networks/poly_512_thresh_3_unsafe.c-amalgamation.i,32,c/properties/unreach-call.prp,False
CBMC,c/seq-mthreaded/pals_lcr-var-start-time.6.ufo.BOUNDED-12.pals.c,32,c/properties/termination.prp,True
CBMC,c/seq-mthreaded/pals_lcr-var-start-time.6.ufo.BOUNDED-12.pals.c,32,c/properties/unreach-call.prp,True
CBMC,c/hardware-verification-bv/btor2c-lazyMod.itc99_b12.c,64,c/properties/unreach-call.prp,False
CBMC,c/hardware-verification-bv/btor2c-lazyMod.arbitrated_top_n2_w16_d32_e0.c,64,c/properties/unreach-call.prp,False
CBMC,c/busybox-1.22.0/sleep-1.i,64,c/properties/valid-memsafety.prp,False
CBMC,c/ldv-linux-4.0-rc1-mav/linux-4.0-rc1---drivers--scsi--BusLogic.ko.cil.i,64,c/properties/unreach-call.prp,True
CBMC,c/hardware-verification-bv/btor2c-lazyMod.msmie.2.prop1-func-interl.c,64,c/properties/unreach-call.prp,False
CBMC,c/combinations/Problem05_label45+token_ring.11.cil-1.c,32,c/properties/unreach-call.prp,False
CBMC,c/combinations/Problem05_label49+token_ring.03.cil-1.c,32,c/properties/unreach-call.prp,False
CBMC,c/floats-cdfpl/sine_8.i,32,c/properties/termination.prp,True
CBMC,c/floats-cdfpl/sine_8.i,32,c/properties/unreach-call.prp,True
CBMC,c/ldv-consumption/32_7a_cilled_linux-3.8-rc1-drivers--vfio--pci--vfio-pci.ko-main.cil.out.i,64,c/properties/unreach-call.prp,True
CBMC,c/nla-digbench-scaling/prod4br-ll_unwindbound5.c,32,c/properties/unreach-call.prp,False
CBMC,c/nla-digbench-scaling/prod4br-ll_unwindbound5.c,32,c/properties/no-overflow.prp,True
CBMC,c/product-lines/email_spec0_productSimulator.cil.c,32,c/properties/termination.prp,True
CBMC,c/product-lines/email_spec0_productSimulator.cil.c,32,c/properties/unreach-call.prp,False
CBMC,c/seq-mthreaded/rekh_nxt.3.M4.c,32,c/properties/unreach-call.prp,True
CBMC,c/nla-digbench-scaling/egcd2-ll_valuebound2.c,32,c/properties/unreach-call.prp,True
CBMC,c/nla-digbench-scaling/egcd2-ll_valuebound2.c,32,c/properties/no-overflow.prp,True
CBMC,c/seq-mthreaded-reduced/pals_lcr.5.1.ufo.UNBOUNDED.pals.c.v+sep-reducer.c,32,c/properties/unreach-call.prp,False
CBMC,c/nla-digbench-scaling/freire1_valuebound5.c,32,c/properties/unreach-call.prp,True
CBMC,c/nla-digbench-scaling/freire1_valuebound5.c,32,c/properties/no-overflow.prp,True
CBMC,c/nla-digbench-scaling/fermat2-ll_valuebound50.c,32,c/properties/unreach-call.prp,True
CBMC,c/nla-digbench-scaling/fermat2-ll_valuebound50.c,32,c/properties/no-overflow.prp,True
CBMC,c/hardware-verification-bv/btor2c-lazyMod.peg_solitaire.5.prop1-func-interl.c,64,c/properties/unreach-call.prp,False
CBMC,c/combinations/square_8+soft_float_4-2a.c.cil.c,32,c/properties/unreach-call.prp,True
CBMC,c/pthread/fib_safe-5.i,32,c/properties/unreach-call.prp,True
CBMC,c/pthread/fib_safe-5.i,32,c/properties/valid-memsafety.prp,True
CBMC,c/pthread/fib_safe-5.i,32,c/properties/no-overflow.prp,True
CBMC,c/pthread/fib_safe-5.i,32,c/properties/no-data-race.prp,True
CBMC,c/Juliet_Test/CWE190_Integer_Overflow__int_listen_socket_square_52_good.i,64,c/properties/no-overflow.prp,True
CBMC,c/weaver/parallel-ticket-6.wvr.c,32,c/properties/unreach-call.prp,True
CBMC,c/weaver/parallel-ticket-6.wvr.c,32,c/properties/valid-memsafety.prp,True
CBMC,c/weaver/parallel-ticket-6.wvr.c,32,c/properties/no-overflow.prp,True
CBMC,c/weaver/parallel-ticket-6.wvr.c,32,c/properties/no-data-race.prp,True
CBMC,c/ldv-linux-3.4-simple/32_1_cilled_ok_nondet_linux-3.4-32_1-drivers--scsi--iscsi_boot_sysfs.ko-ldv_main0_sequence_infinite_withcheck_stateful.cil.out.i,64,c/properties/unreach-call.prp,True
CBMC,c/combinations/Problem05_label45+token_ring.04.cil-2.c,32,c/properties/unreach-call.prp,False
CBMC,c/combinations/Problem05_label46+token_ring.05.cil-2.c,32,c/properties/unreach-call.prp,False
CBMC,c/ldv-linux-3.4-simple/32_1_cilled_ok_nondet_linux-3.4-32_1-drivers--media--common--tuners--mc44s803.ko-ldv_main0_sequence_infinite_withcheck_stateful.cil.out.i,64,c/properties/unreach-call.prp,True
CBMC,c/combinations/gcd_3+newton_2_7.i,32,c/properties/unreach-call.prp,False
CBMC,c/combinations/Problem05_label49+token_ring.01.cil-2.c,32,c/properties/unreach-call.prp,False
CBMC,c/Juliet_Test/CWE190_Integer_Overflow__int_connect_socket_square_17_good.i,64,c/properties/no-overflow.prp,True
CBMC,c/hardware-verification-bv/btor2c-lazyMod.lann.7.prop1-func-interl.c,64,c/properties/unreach-call.prp,False
CBMC,c/hardware-verification-bv/btor2c-lazyMod.blocks.3.prop1-back-serstep.c,64,c/properties/unreach-call.prp,False
CBMC,c/combinations/Problem05_label45+token_ring.09.cil-2.c,32,c/properties/unreach-call.prp,False
CBMC,c/combinations/Problem05_label43+token_ring.11.cil-1.c,32,c/properties/unreach-call.prp,False
CBMC,c/combinations/Problem05_label42+token_ring.08.cil-2.c,32,c/properties/unreach-call.prp,False
CBMC,c/ldv-linux-3.4-simple/43_1a_cilled_ok_nondet_linux-43_1a-drivers--isdn--hardware--avm--t1pci.ko-ldv_main0_sequence_infinite_withcheck_stateful.cil.out.i,64,c/properties/unreach-call.prp,True
CBMC,c/ldv-linux-4.2-rc1/linux-4.2-rc1.tar.xz-32_7a-drivers--scsi--3w-9xxx.ko-entry_point.cil.out.i,64,c/properties/unreach-call.prp,True
CBMC,c/neural-networks/poly_1024_thresh_5_unsafe.c-amalgamation.i,32,c/properties/unreach-call.prp,False
CBMC,c/combinations/Problem05_label49+token_ring.04.cil-2.c,32,c/properties/unreach-call.prp,False
CBMC,c/hardware-verification-bv/btor2c-lazyMod.arbitrated_top_n2_w8_d32_e0.c,64,c/properties/unreach-call.prp,False
CBMC,c/combinations/gcd_1+newton_2_7.i,32,c/properties/unreach-call.prp,False
CBMC,c/product-lines/email_spec11_productSimulator.cil.c,32,c/properties/termination.prp,True
CBMC,c/product-lines/email_spec11_productSimulator.cil.c,32,c/properties/unreach-call.prp,False
CBMC,c/combinations/Problem05_label45+token_ring.12.cil-1.c,32,c/properties/unreach-call.prp,False
CBMC,c/seq-mthreaded-reduced/pals_lcr.5.1.ufo.BOUNDED-10.pals.c.v+sep-reducer.c,32,c/properties/unreach-call.prp,False
CBMC,c/ldv-commit-tester/main0_drivers-net-wireless-ath-carl9170-carl9170-ko--32_7a--8a9f335-1.i,64,c/properties/unreach-call.prp,False
CBMC,c/combinations/Problem05_label43+token_ring.14.cil.c,32,c/properties/unreach-call.prp,False
CBMC,c/ldv-linux-3.4-simple/32_1_cilled_ok_nondet_linux-3.4-32_1-drivers--input--touchscreen--penmount.ko-ldv_main0_sequence_infinite_withcheck_stateful.cil.out.i,64,c/properties/unreach-call.prp,True
CBMC,c/Juliet_Test/CWE190_Integer_Overflow__int_rand_square_13_good.i,64,c/properties/no-overflow.prp,True
CBMC,c/weaver/parallel-ticket-8.wvr.c,32,c/properties/unreach-call.prp,True
CBMC,c/weaver/parallel-ticket-8.wvr.c,32,c/properties/valid-memsafety.prp,True
CBMC,c/weaver/parallel-ticket-8.wvr.c,32,c/properties/no-overflow.prp,True
CBMC,c/weaver/parallel-ticket-8.wvr.c,32,c/properties/no-data-race.prp,True
CBMC,c/Juliet_Test/CWE190_Integer_Overflow__int_rand_square_22_good.i,64,c/properties/no-overflow.prp,True
CBMC,c/eca-rers2012/Problem15_label25.c,32,c/properties/unreach-call.prp,False
CBMC,c/combinations/Problem05_label49+token_ring.05.cil-2.c,32,c/properties/unreach-call.prp,False
CBMC,c/Juliet_Test/CWE190_Integer_Overflow__int_rand_square_06_good.i,64,c/properties/no-overflow.prp,True
CBMC,c/hardware-verification-bv/btor2c-lazyMod.circular_pointer_top_w8_d32_e0.c,64,c/properties/unreach-call.prp,False
CBMC,c/Juliet_Test/CWE190_Integer_Overflow__int_rand_square_04_good.i,64,c/properties/no-overflow.prp,True
CBMC,c/combinations/Problem05_label42+token_ring.07.cil-2.c,32,c/properties/unreach-call.prp,False
CBMC,c/Juliet_Test/CWE190_Integer_Overflow__int_connect_socket_square_34_good.i,64,c/properties/no-overflow.prp,True
CBMC,c/ldv-linux-3.4-simple/32_1_cilled_ok_nondet_linux-3.4-32_1-drivers--media--common--tuners--mt20xx.ko-ldv_main0_sequence_infinite_withcheck_stateful.cil.out.i,64,c/properties/termination.prp,False
CBMC,c/ldv-linux-3.4-simple/32_1_cilled_ok_nondet_linux-3.4-32_1-drivers--media--common--tuners--mt20xx.ko-ldv_main0_sequence_infinite_withcheck_stateful.cil.out.i,64,c/properties/unreach-call.prp,True
CBMC,c/hardware-verification-bv/btor2c-lazyMod.brp.6.prop1-func-interl.c,64,c/properties/unreach-call.prp,False
CBMC,c/combinations/Problem05_label42+token_ring.05.cil-2.c,32,c/properties/unreach-call.prp,False
CBMC,c/nla-digbench-scaling/freire1_valuebound10.c,32,c/properties/unreach-call.prp,True
CBMC,c/nla-digbench-scaling/freire1_valuebound10.c,32,c/properties/no-overflow.prp,True
CBMC,c/seq-mthreaded/pals_lcr.6_overflow.ufo.UNBOUNDED.pals.c,32,c/properties/unreach-call.prp,False
CBMC,c/seq-mthreaded/pals_lcr.6_overflow.ufo.UNBOUNDED.pals.c,32,c/properties/termination.prp,True
CBMC,c/combinations/Problem05_label49+token_ring.10.cil-1.c,32,c/properties/unreach-call.prp,False
CBMC,c/ldv-linux-4.2-rc1/linux-4.2-rc1.tar.xz-43_2a-drivers--net--ethernet--mellanox--mlx4--mlx4_en.ko-entry_point.cil.out.i,64,c/properties/unreach-call.prp,True
CBMC,c/Juliet_Test/CWE190_Integer_Overflow__int_listen_socket_square_17_good.i,64,c/properties/no-overflow.prp,True
CBMC,c/neural-networks/poly_32_32_32_32_thresh_4_unsafe.c-amalgamation.i,32,c/properties/unreach-call.prp,False
CBMC,c/Juliet_Test/CWE190_Integer_Overflow__int_listen_socket_square_45_good.i,64,c/properties/no-overflow.prp,True
CBMC,c/nla-digbench-scaling/geo3-ll_valuebound10.c,32,c/properties/unreach-call.prp,True
CBMC,c/nla-digbench-scaling/geo3-ll_valuebound10.c,32,c/properties/no-overflow.prp,True
CBMC,c/Juliet_Test/CWE190_Integer_Overflow__int_listen_socket_square_18_good.i,64,c/properties/no-overflow.prp,True
CBMC,c/combinations/Problem05_label42+token_ring.14.cil.c,32,c/properties/unreach-call.prp,False
CBMC,c/Juliet_Test/CWE190_Integer_Overflow__int_rand_square_12_good.i,64,c/properties/no-overflow.prp,True
CBMC,c/hardware-verification-bv/btor2c-lazyMod.gear.1.prop3-func-interl.c,64,c/properties/unreach-call.prp,False
CBMC,c/ldv-linux-4.2-rc1/linux-4.2-rc1.tar.xz-32_7a-drivers--net--ethernet--mellanox--mlx4--mlx4_en.ko-entry_point.cil.out.i,64,c/properties/unreach-call.prp,True
CBMC,c/Juliet_Test/CWE190_Integer_Overflow__int_listen_socket_square_41_good.i,64,c/properties/no-overflow.prp,True
CBMC,c/Juliet_Test/CWE190_Integer_Overflow__int_rand_square_11_good.i,64,c/properties/no-overflow.prp,True
CBMC,c/combinations/Problem05_label42+token_ring.03.cil-1.c,32,c/properties/unreach-call.prp,False
CBMC,c/hardware-verification-bv/btor2c-lazyMod.gear.2.prop3-func-interl.c,64,c/properties/unreach-call.prp,False
CBMC,c/Juliet_Test/CWE190_Integer_Overflow__int_listen_socket_square_61_good.i,64,c/properties/no-overflow.prp,True
CBMC,c/combinations/Problem05_label49+token_ring.09.cil-2.c,32,c/properties/unreach-call.prp,False
CBMC,c/ldv-consumption/linux-3.8-rc1-32_7a-drivers--net--wireless--mwl8k.ko-ldv_main0.cil.out.i,64,c/properties/unreach-call.prp,False
CBMC,c/Juliet_Test/CWE190_Integer_Overflow__int_rand_square_21_good.i,64,c/properties/no-overflow.prp,True
CBMC,c/combinations/gcd_3+newton_2_6.i,32,c/properties/unreach-call.prp,False
CBMC,c/eca-rers2012/Problem15_label37.c,32,c/properties/unreach-call.prp,False
CBMC,c/nla-digbench-scaling/egcd2-ll_unwindbound5.c,32,c/properties/unreach-call.prp,False
CBMC,c/nla-digbench-scaling/egcd2-ll_unwindbound5.c,32,c/properties/no-overflow.prp,True
CBMC,c/nla-digbench-scaling/bresenham-ll_valuebound20.c,32,c/properties/unreach-call.prp,True
CBMC,c/nla-digbench-scaling/bresenham-ll_valuebound20.c,32,c/properties/no-overflow.prp,True
CBMC,c/ldv-linux-3.4-simple/43_1a_cilled_ok_nondet_linux-43_1a-drivers--message--i2o--i2o_scsi.ko-ldv_main0_sequence_infinite_withcheck_stateful.cil.out.i,64,c/properties/unreach-call.prp,True
CBMC,c/combinations/Problem05_label49+token_ring.07.cil-2.c,32,c/properties/unreach-call.prp,False
CBMC,c/Juliet_Test/CWE190_Integer_Overflow__int_listen_socket_square_01_good.i,64,c/properties/no-overflow.prp,True
CBMC,c/Juliet_Test/CWE190_Integer_Overflow__int_connect_socket_square_67_good.i,64,c/properties/no-overflow.prp,True
CBMC,c/combinations/Problem05_label43+token_ring.05.cil-2.c,32,c/properties/unreach-call.prp,False
CBMC,c/Juliet_Test/CWE190_Integer_Overflow__int_connect_socket_square_51_good.i,64,c/properties/no-overflow.prp,True
CBMC,c/Juliet_Test/CWE190_Integer_Overflow__int_listen_socket_square_64_good.i,64,c/properties/no-overflow.prp,True
CBMC,c/seq-mthreaded/rekcba_aso.2.M4-1.c,32,c/properties/unreach-call.prp,False
CBMC,c/Juliet_Test/CWE190_Integer_Overflow__int_connect_socket_square_18_good.i,64,c/properties/no-overflow.prp,True
CBMC,c/hardware-verification-bv/btor2c-lazyMod.firewire_tree.2.prop3-back-serstep.c,64,c/properties/unreach-call.prp,False
CBMC,c/hardware-verification-bv/btor2c-lazyMod.cambridge.7.prop1-func-interl.c,64,c/properties/unreach-call.prp,False
CBMC,c/combinations/Problem05_label46+token_ring.08.cil-2.c,32,c/properties/unreach-call.prp,False
CBMC,c/Juliet_Test/CWE190_Integer_Overflow__int_connect_socket_square_61_good.i,64,c/properties/no-overflow.prp,True
CBMC,c/Juliet_Test/CWE190_Integer_Overflow__int_rand_square_09_good.i,64,c/properties/no-overflow.prp,True
CBMC,c/ldv-linux-4.2-rc1/linux-4.2-rc1.tar.xz-32_7a-drivers--media--usb--hdpvr--hdpvr.ko-entry_point.cil.out.i,64,c/properties/unreach-call.prp,False
CBMC,c/seq-mthreaded/rekh_ctm.3-1.c,32,c/properties/termination.prp,True
CBMC,c/seq-mthreaded/rekh_ctm.3-1.c,32,c/properties/unreach-call.prp,True
CBMC,c/Juliet_Test/CWE190_Integer_Overflow__int_connect_socket_square_53_good.i,64,c/properties/no-overflow.prp,True
CBMC,c/combinations/Problem05_label42+token_ring.09.cil-2.c,32,c/properties/unreach-call.prp,False
CBMC,c/Juliet_Test/CWE190_Integer_Overflow__int_listen_socket_square_65_good.i,64,c/properties/no-overflow.prp,True
CBMC,c/hardware-verification-bv/btor2c-lazyMod.arbitrated_top_n2_w32_d32_e0.c,64,c/properties/unreach-call.prp,False
CBMC,c/ldv-linux-3.4-simple/32_1_cilled_ok_nondet_linux-3.4-32_1-drivers--staging--telephony--ixj_pcmcia.ko-ldv_main0_sequence_infinite_withcheck_stateful.cil.out.i,64,c/properties/unreach-call.prp,True
CBMC,c/Juliet_Test/CWE190_Integer_Overflow__int_listen_socket_square_53_good.i,64,c/properties/no-overflow.prp,True
CBMC,c/Juliet_Test/CWE190_Integer_Overflow__int_rand_square_08_good.i,64,c/properties/no-overflow.prp,True
CBMC,c/Juliet_Test/CWE190_Integer_Overflow__int_listen_socket_square_34_good.i,64,c/properties/no-overflow.prp,True
CBMC,c/neural-networks/tanh_w64_r1_case_0_unsafe.c-amalgamation.i,32,c/properties/unreach-call.prp,False
CBMC,c/combinations/Problem05_label43+token_ring.07.cil-2.c,32,c/properties/unreach-call.prp,False
CBMC,c/ldv-linux-3.4-simple/32_1_cilled_ok_nondet_linux-3.4-32_1-drivers--media--dvb--frontends--stb6000.ko-ldv_main0_sequence_infinite_withcheck_stateful.cil.out.i,64,c/properties/unreach-call.prp,True
CBMC,c/coreutils-v8.31/uniq_3args_klee-sa_ko_257-267-292_csa_nd.c,64,c/properties/valid-memsafety.prp,False
CBMC,c/combinations/Problem05_label43+token_ring.09.cil-2.c,32,c/properties/unreach-call.prp,False
CBMC,c/Juliet_Test/CWE190_Integer_Overflow__int_listen_socket_square_63_good.i,64,c/properties/no-overflow.prp,True
CBMC,c/combinations/gcd_4+newton_1_1.i,32,c/properties/unreach-call.prp,True
CBMC,c/Juliet_Test/CWE190_Integer_Overflow__int_connect_socket_square_41_good.i,64,c/properties/no-overflow.prp,True
CBMC,c/Juliet_Test/CWE190_Integer_Overflow__int_listen_socket_square_67_good.i,64,c/properties/no-overflow.prp,True
CBMC,c/product-lines/email_spec0_productSimulator.cil.c,32,c/properties/termination.prp,True
CBMC,c/product-lines/email_spec0_productSimulator.cil.c,32,c/properties/unreach-call.prp,False
CBMC,c/Juliet_Test/CWE190_Integer_Overflow__int_connect_socket_square_01_good.i,64,c/properties/no-overflow.prp,True
CBMC,c/Juliet_Test/CWE190_Integer_Overflow__int_listen_socket_square_51_good.i,64,c/properties/no-overflow.prp,True
CBMC,c/ldv-linux-3.4-simple/32_1_cilled_ok_nondet_linux-3.4-32_1-drivers--media--common--tuners--tda18218.ko-ldv_main0_sequence_infinite_withcheck_stateful.cil.out.i,64,c/properties/unreach-call.prp,True
CBMC,c/Juliet_Test/CWE190_Integer_Overflow__int_connect_socket_square_64_good.i,64,c/properties/no-overflow.prp,True
CBMC,c/Juliet_Test/CWE190_Integer_Overflow__int_listen_socket_square_66_good.i,64,c/properties/no-overflow.prp,True
CBMC,c/nla-digbench-scaling/egcd3-ll_unwindbound5.c,32,c/properties/unreach-call.prp,False
CBMC,c/nla-digbench-scaling/egcd3-ll_unwindbound5.c,32,c/properties/no-overflow.prp,True
CBMC,c/coreutils-v8.31/uniq_3args_ok.c,64,c/properties/valid-memsafety.prp,True
CBMC,c/coreutils-v8.31/uniq_3args_ok.c,64,c/properties/no-overflow.prp,True
CBMC,c/coreutils-v8.31/join_3args_klee-sa_ko_273-295-314_csa_nd.c,64,c/properties/valid-memsafety.prp,False
CBMC,c/neural-networks/softsign_w4_r4_case_0_safe.c-amalgamation.i,32,c/properties/unreach-call.prp,True
CBMC,c/hardware-verification-bv/btor2c-lazyMod.szymanski.2.prop1-func-interl.c,64,c/properties/unreach-call.prp,False
CBMC,c/combinations/Problem05_label42+token_ring.06.cil-1.c,32,c/properties/unreach-call.prp,False
CBMC,c/eca-rers2012/Problem15_label15.c,32,c/properties/unreach-call.prp,False
CBMC,c/Juliet_Test/CWE190_Integer_Overflow__int_connect_socket_square_68_good.i,64,c/properties/no-overflow.prp,True
CBMC,c/combinations/Problem05_label49+token_ring.06.cil-1.c,32,c/properties/unreach-call.prp,False
CBMC,c/Juliet_Test/CWE190_Integer_Overflow__int_listen_socket_square_31_good.i,64,c/properties/no-overflow.prp,True
CBMC,c/Juliet_Test/CWE190_Integer_Overflow__int_connect_socket_square_16_good.i,64,c/properties/no-overflow.prp,True
CBMC,c/Juliet_Test/CWE190_Integer_Overflow__int_connect_socket_square_66_good.i,64,c/properties/no-overflow.prp,True
CBMC,c/floats-cdfpl/newton_1_5.i,32,c/properties/termination.prp,True
CBMC,c/floats-cdfpl/newton_1_5.i,32,c/properties/unreach-call.prp,False
CBMC,c/Juliet_Test/CWE190_Integer_Overflow__int_listen_socket_square_42_good.i,64,c/properties/no-overflow.prp,True
CBMC,c/floats-cdfpl/newton_1_1.i,32,c/properties/termination.prp,True
CBMC,c/floats-cdfpl/newton_1_1.i,32,c/properties/unreach-call.prp,True
CBMC,c/Juliet_Test/CWE190_Integer_Overflow__int_rand_square_07_good.i,64,c/properties/no-overflow.prp,True
CBMC,c/coreutils-v8.31/uniq_3args_klee-sa_ko_292_infer_nd.c,64,c/properties/valid-memsafety.prp,False
CBMC,c/Juliet_Test/CWE190_Integer_Overflow__int_rand_square_05_good.i,64,c/properties/no-overflow.prp,True
CBMC,c/seq-mthreaded/pals_opt-floodmax.3_overflow.ufo.UNBOUNDED.pals.c,32,c/properties/unreach-call.prp,False
CBMC,c/seq-mthreaded/pals_opt-floodmax.3_overflow.ufo.UNBOUNDED.pals.c,32,c/properties/termination.prp,True
CBMC,c/Juliet_Test/CWE190_Integer_Overflow__int_connect_socket_square_54_good.i,64,c/properties/no-overflow.prp,True
CBMC,c/hardware-verification-bv/btor2c-lazyMod.circular_pointer_top_w64_d16_e0.c,64,c/properties/unreach-call.prp,False
CBMC,c/Juliet_Test/CWE190_Integer_Overflow__int_rand_square_02_good.i,64,c/properties/no-overflow.prp,True
CBMC,c/Juliet_Test/CWE190_Integer_Overflow__int_rand_square_10_good.i,64,c/properties/no-overflow.prp,True
CBMC,c/Juliet_Test/CWE190_Integer_Overflow__int_listen_socket_square_32_good.i,64,c/properties/no-overflow.prp,True
CBMC,c/Juliet_Test/CWE190_Integer_Overflow__int_connect_socket_square_44_good.i,64,c/properties/no-overflow.prp,True
CBMC,c/combinations/Problem05_label43+token_ring.13.cil-1.c,32,c/properties/unreach-call.prp,False
CBMC,c/Juliet_Test/CWE190_Integer_Overflow__int_rand_square_03_good.i,64,c/properties/no-overflow.prp,True
CBMC,c/combinations/gcd_4+newton_1_5.i,32,c/properties/unreach-call.prp,False
CBMC,c/seq-mthreaded/pals_lcr.5_overflow.ufo.UNBOUNDED.pals.c,32,c/properties/unreach-call.prp,False
CBMC,c/seq-mthreaded/pals_lcr.5_overflow.ufo.UNBOUNDED.pals.c,32,c/properties/termination.prp,True
CBMC,c/hardware-verification-bv/btor2c-lazyMod.circular_pointer_top_w16_d32_e0.c,64,c/properties/unreach-call.prp,False
CBMC,c/combinations/Problem05_label45+token_ring.10.cil-1.c,32,c/properties/unreach-call.prp,False
CBMC,c/loop-new/count_by_2.i,32,c/properties/no-overflow.prp,True
CBMC,c/loop-new/count_by_2.i,32,c/properties/termination.prp,True
CBMC,c/loop-new/count_by_2.i,32,c/properties/unreach-call.prp,True
CBMC,c/Juliet_Test/CWE190_Integer_Overflow__int_rand_square_15_good.i,64,c/properties/no-overflow.prp,True
CBMC,c/combinations/Problem05_label49+token_ring.11.cil-1.c,32,c/properties/unreach-call.prp,False
CBMC,c/coreutils-v8.31/uniq_3args_klee-sa_ko_513-654_csa_uaf.c,64,c/properties/valid-memsafety.prp,False
CBMC,c/coreutils-v8.31/uniq_3args_klee-sa_ko_654_csa_nd.c,64,c/properties/valid-memsafety.prp,False
CBMC,c/coreutils-v8.31/uniq_3args_klee-sa_ko_292_infer_uaf.c,64,c/properties/valid-memsafety.prp,False
CBMC,c/combinations/Problem05_label43+token_ring.03.cil-1.c,32,c/properties/unreach-call.prp,False
CBMC,c/product-lines/email_spec11_productSimulator.cil.c,32,c/properties/termination.prp,True
CBMC,c/product-lines/email_spec11_productSimulator.cil.c,32,c/properties/unreach-call.prp,False
CBMC,c/combinations/Problem05_label45+token_ring.14.cil.c,32,c/properties/unreach-call.prp,False
CBMC,c/ldv-linux-3.4-simple/32_1_cilled_ok_nondet_linux-3.4-32_1-drivers--staging--zram--zram.ko-ldv_main0_sequence_infinite_withcheck_stateful.cil.out.i,64,c/properties/unreach-call.prp,True
CBMC,c/combinations/Problem05_label42+token_ring.10.cil-1.c,32,c/properties/unreach-call.prp,False
CBMC,c/aws-c-common/aws_hash_table_create_harness_negated.i,64,c/properties/unreach-call.prp,False
CBMC,c/Juliet_Test/CWE190_Integer_Overflow__int_rand_square_14_good.i,64,c/properties/no-overflow.prp,True
CBMC,c/coreutils-v8.31/join_3args_klee-sa_ko_768_csa_nd.c,64,c/properties/valid-memsafety.prp,False
CBMC,c/hardware-verification-bv/btor2c-lazyMod.shift_register_top_w128_d8_e0.c,64,c/properties/unreach-call.prp,False
CBMC,c/coreutils-v8.31/uniq_3args_klee-sa_ko_345-292_csa_nd.c,64,c/properties/valid-memsafety.prp,False
CBMC,c/coreutils-v8.31/uniq_3args_klee-sa_ko_499-513-538-654_csa_uaf.c,64,c/properties/valid-memsafety.prp,False
CBMC,c/ldv-linux-3.4-simple/43_1a_cilled_ok_nondet_linux-43_1a-drivers--hwmon--asus_atk0110.ko-ldv_main0_sequence_infinite_withcheck_stateful.cil.out.i,64,c/properties/unreach-call.prp,True
CBMC,c/Juliet_Test/CWE190_Integer_Overflow__int_connect_socket_square_32_good.i,64,c/properties/no-overflow.prp,True
CBMC,c/coreutils-v8.31/join_3args_klee-sa_ko_473-810_csa_nd.c,64,c/properties/valid-memsafety.prp,False
CBMC,c/coreutils-v8.31/uniq_3args_klee-sa_ko_292_csa_uaf.c,64,c/properties/valid-memsafety.prp,False
CBMC,c/Juliet_Test/CWE190_Integer_Overflow__int_connect_socket_square_65_good.i,64,c/properties/no-overflow.prp,True
CBMC,c/loop-new/count_by_2.i,32,c/properties/no-overflow.prp,True
CBMC,c/loop-new/count_by_2.i,32,c/properties/termination.prp,True
CBMC,c/loop-new/count_by_2.i,32,c/properties/unreach-call.prp,True
CBMC,c/ldv-linux-3.4-simple/32_1_cilled_ok_nondet_linux-3.4-32_1-drivers--media--common--tuners--mt2060.ko-ldv_main0_sequence_infinite_withcheck_stateful.cil.out.i,64,c/properties/unreach-call.prp,True
CBMC,c/coreutils-v8.31/join_3args_klee-sa_ko_489_csa_uaf.c,64,c/properties/valid-memsafety.prp,False
CBMC,c/seq-mthreaded/pals_lcr.4_overflow.ufo.UNBOUNDED.pals.c,32,c/properties/unreach-call.prp,False
CBMC,c/seq-mthreaded/pals_lcr.4_overflow.ufo.UNBOUNDED.pals.c,32,c/properties/termination.prp,True
CBMC,c/ldv-consumption/32_7a_cilled_linux-3.8-rc1-drivers--tty--synclink.ko-main.cil.out.i,64,c/properties/unreach-call.prp,True
CBMC,c/Juliet_Test/CWE190_Integer_Overflow__int_fscanf_square_21_good.i,64,c/properties/no-overflow.prp,True
CBMC,c/combinations/Problem05_label43+token_ring.06.cil-1.c,32,c/properties/unreach-call.prp,False
CBMC,c/busybox-1.22.0/sleep-2.i,64,c/properties/no-overflow.prp,False
CBMC,c/ldv-linux-3.4-simple/43_1a_cilled_ok_nondet_linux-43_1a-drivers--isdn--hardware--avm--b1pci.ko-ldv_main0_sequence_infinite_withcheck_stateful.cil.out.i,64,c/properties/unreach-call.prp,True
CBMC,c/Juliet_Test/CWE190_Integer_Overflow__int_connect_socket_square_45_good.i,64,c/properties/no-overflow.prp,True
CBMC,c/hardware-verification-bv/btor2c-lazyMod.exit.4.prop1-back-serstep.c,64,c/properties/unreach-call.prp,False
CBMC,c/hardware-verification-bv/btor2c-lazyMod.telephony.3.prop1-func-interl.c,64,c/properties/unreach-call.prp,False
CBMC,c/recursive-simple/fibo_25-1.c,32,c/properties/unreach-call.prp,False
CBMC,c/combinations/Problem05_label42+token_ring.15.cil.c,32,c/properties/unreach-call.prp,False
CBMC,c/coreutils-v8.31/uniq_3args_klee-sa_ko_513-654_csa_nd.c,64,c/properties/valid-memsafety.prp,False
CBMC,c/ldv-linux-3.12-rc1/linux-3.12-rc1.tar.xz-144_2a-drivers--media--usb--s2255--s2255drv.ko-entry_point.cil.out.i,64,c/properties/valid-memsafety.prp,False
CBMC,c/neural-networks/poly_32_32_32_32_thresh_5_unsafe.c-amalgamation.i,32,c/properties/unreach-call.prp,False
CBMC,c/nla-digbench-scaling/dijkstra-u_unwindbound20.c,32,c/properties/unreach-call.prp,False
CBMC,c/nla-digbench-scaling/dijkstra-u_unwindbound20.c,32,c/properties/no-overflow.prp,True
CBMC,c/Juliet_Test/CWE190_Integer_Overflow__int_connect_socket_square_31_good.i,64,c/properties/no-overflow.prp,True
CBMC,c/combinations/Problem05_label49+token_ring.12.cil-1.c,32,c/properties/unreach-call.prp,False
CBMC,c/combinations/Problem05_label43+token_ring.15.cil.c,32,c/properties/unreach-call.prp,False
CBMC,c/coreutils-v8.31/uniq_3args_klee-sa_ko_654_csa_uaf.c,64,c/properties/valid-memsafety.prp,False
CBMC,c/hardware-verification-bv/btor2c-lazyMod.train-gate.3.prop1-back-serstep.c,64,c/properties/unreach-call.prp,False
CBMC,c/seq-mthreaded/pals_lcr.8_overflow.ufo.UNBOUNDED.pals.c,32,c/properties/unreach-call.prp,False
CBMC,c/seq-mthreaded/pals_lcr.8_overflow.ufo.UNBOUNDED.pals.c,32,c/properties/termination.prp,True
CBMC,c/coreutils-v8.31/join_3args_klee-sa_ko_768_csa_uaf.c,64,c/properties/valid-memsafety.prp,False
CBMC,c/Juliet_Test/CWE190_Integer_Overflow__int_connect_socket_square_52_good.i,64,c/properties/no-overflow.prp,True
CBMC,c/coreutils-v8.31/join_3args_klee-sa_ko_273-295-314_csa_uaf.c,64,c/properties/valid-memsafety.prp,False
CBMC,c/combinations/Problem05_label45+token_ring.13.cil-1.c,32,c/properties/unreach-call.prp,False
CBMC,c/Juliet_Test/CWE190_Integer_Overflow__int_listen_socket_square_68_good.i,64,c/properties/no-overflow.prp,True
CBMC,c/recursive-simple/fibo_2calls_25-1.c,32,c/properties/unreach-call.prp,False
CBMC,c/combinations/Problem05_label46+token_ring.12.cil-1.c,32,c/properties/unreach-call.prp,False
CBMC,c/coreutils-v8.31/uniq_3args_klee-sa_ko_292_csa_nd.c,64,c/properties/valid-memsafety.prp,False
CBMC,c/combinations/Problem05_label49+token_ring.15.cil.c,32,c/properties/unreach-call.prp,False
CBMC,c/ldv-linux-3.4-simple/32_1_cilled_ok_nondet_linux-3.4-32_1-drivers--media--dvb--frontends--tua6100.ko-ldv_main0_sequence_infinite_withcheck_stateful.cil.out.i,64,c/properties/unreach-call.prp,True
CBMC,c/coreutils-v8.31/join_3args_klee-sa_ko_473-810_csa_uaf.c,64,c/properties/valid-memsafety.prp,False
CBMC,c/coreutils-v8.31/uniq_3args_klee-sa_ko_345-292_csa_uaf.c,64,c/properties/valid-memsafety.prp,False
CBMC,c/combinations/Problem05_label49+token_ring.13.cil-1.c,32,c/properties/unreach-call.prp,False
CBMC,c/coreutils-v8.31/join_3args_klee-sa_ko_489_csa_nd.c,64,c/properties/valid-memsafety.prp,False
CBMC,c/seq-mthreaded/pals_lcr.7_overflow.ufo.UNBOUNDED.pals.c,32,c/properties/unreach-call.prp,False
CBMC,c/seq-mthreaded/pals_lcr.7_overflow.ufo.UNBOUNDED.pals.c,32,c/properties/termination.prp,True
CBMC,c/combinations/Problem05_label46+token_ring.15.cil.c,32,c/properties/unreach-call.prp,False
CBMC,c/ldv-linux-4.2-rc1/linux-4.2-rc1.tar.xz-43_2a-drivers--staging--lustre--lustre--obdecho--obdecho.ko-entry_point.cil.out.i,64,c/properties/unreach-call.prp,True
CBMC,c/combinations/gcd_1+newton_3_6.i,32,c/properties/unreach-call.prp,False
CBMC,c/ntdrivers/cdaudio.i.cil-1.c,32,c/properties/unreach-call.prp,False
CBMC,c/combinations/Problem05_label46+token_ring.06.cil-1.c,32,c/properties/unreach-call.prp,False
CBMC,c/array-patterns/array21_pattern.c,32,c/properties/unreach-call.prp,True
CBMC,c/Juliet_Test/CWE190_Integer_Overflow__int_listen_socket_square_16_good.i,64,c/properties/no-overflow.prp,True
CBMC,c/eca-rers2012/Problem15_label09.c,32,c/properties/unreach-call.prp,False
CBMC,c/coreutils-v8.31/join_3args_ok.c,64,c/properties/valid-memsafety.prp,True
CBMC,c/coreutils-v8.31/join_3args_ok.c,64,c/properties/no-overflow.prp,True
CBMC,c/ldv-linux-3.4-simple/43_1a_cilled_ok_nondet_linux-43_1a-drivers--video--backlight--tdo24m.ko-ldv_main0_sequence_infinite_withcheck_stateful.cil.out.i,64,c/properties/unreach-call.prp,True
CBMC,c/hardware-verification-bv/btor2c-lazyMod.blocks.3.prop1-func-interl.c,64,c/properties/unreach-call.prp,False
CBMC,c/combinations/Problem05_label42+token_ring.11.cil-1.c,32,c/properties/unreach-call.prp,False
CBMC,c/aws-c-common/aws_linked_list_pop_back_harness.i,64,c/properties/unreach-call.prp,True
CBMC,c/Juliet_Test/CWE190_Integer_Overflow__int_connect_socket_square_42_good.i,64,c/properties/no-overflow.prp,True
CBMC,c/neural-networks/softsign_w8_r4_case_1_unsafe.c-amalgamation.i,32,c/properties/unreach-call.prp,False
CBMC,c/hardware-verification-bv/btor2c-lazyMod.arbitrated_top_n2_w64_d32_e0.c,64,c/properties/unreach-call.prp,False
CBMC,c/ldv-linux-3.4-simple/43_1a_cilled_ok_nondet_linux-43_1a-drivers--net--arcnet--arc-rimi.ko-ldv_main0_sequence_infinite_withcheck_stateful.cil.out.i,64,c/properties/termination.prp,True
CBMC,c/ldv-linux-3.4-simple/43_1a_cilled_ok_nondet_linux-43_1a-drivers--net--arcnet--arc-rimi.ko-ldv_main0_sequence_infinite_withcheck_stateful.cil.out.i,64,c/properties/unreach-call.prp,True
CBMC,c/Juliet_Test/CWE190_Integer_Overflow__int_listen_socket_square_54_good.i,64,c/properties/no-overflow.prp,True
CBMC,c/ldv-linux-3.4-simple/32_1_cilled_ok_nondet_linux-3.4-32_1-drivers--usb--serial--iuu_phoenix.ko-ldv_main0_sequence_infinite_withcheck_stateful.cil.out.i,64,c/properties/unreach-call.prp,True
CBMC,c/seq-mthreaded/pals_lcr.3_overflow.ufo.UNBOUNDED.pals.c,32,c/properties/no-overflow.prp,True
CBMC,c/seq-mthreaded/pals_lcr.3_overflow.ufo.UNBOUNDED.pals.c,32,c/properties/unreach-call.prp,False
CBMC,c/seq-mthreaded/pals_lcr.3_overflow.ufo.UNBOUNDED.pals.c,32,c/properties/termination.prp,True
CBMC,c/combinations/Problem05_label49+token_ring.14.cil.c,32,c/properties/unreach-call.prp,False
CBMC,c/hardware-verification-bv/btor2c-lazyMod.brp2.1.prop1-back-serstep.c,64,c/properties/unreach-call.prp,False
CBMC,c/neural-networks/poly_32_32_32_32_thresh_3_unsafe.c-amalgamation.i,32,c/properties/unreach-call.prp,False
CBMC,c/loop-lit/gsv2008.i,32,c/properties/termination.prp,True
CBMC,c/loop-lit/gsv2008.i,32,c/properties/unreach-call.prp,True
CBMC,c/combinations/Problem05_label43+token_ring.08.cil-2.c,32,c/properties/unreach-call.prp,False
CBMC,c/coreutils-v8.31/join_3args_klee-sa_ko_489_infer_uaf.c,64,c/properties/valid-memsafety.prp,False
CBMC,c/combinations/Problem05_label46+token_ring.13.cil-1.c,32,c/properties/unreach-call.prp,False
CBMC,c/eca-rers2012/Problem15_label23.c,32,c/properties/unreach-call.prp,False
CBMC,c/hardware-verification-bv/btor2c-lazyMod.lamport.2.prop1-func-interl.c,64,c/properties/unreach-call.prp,False
CBMC,c/hardware-verification-bv/btor2c-lazyMod.extinction.3.prop1-back-serstep.c,64,c/properties/unreach-call.prp,False
CBMC,c/coreutils-v8.31/uniq_3args_klee-sa_ko_499-513-538-654_csa_nd.c,64,c/properties/valid-memsafety.prp,False
CBMC,c/eca-rers2012/Problem15_label22.c,32,c/properties/unreach-call.prp,False
CBMC,c/seq-mthreaded/pals_floodmax.4_overflow.ufo.UNBOUNDED.pals.c,32,c/properties/unreach-call.prp,False
CBMC,c/seq-mthreaded/pals_floodmax.4_overflow.ufo.UNBOUNDED.pals.c,32,c/properties/termination.prp,True
CBMC,c/combinations/Problem05_label43+token_ring.10.cil-1.c,32,c/properties/unreach-call.prp,False
CBMC,c/neural-networks/poly_1024_thresh_4_unsafe.c-amalgamation.i,32,c/properties/unreach-call.prp,False
CBMC,c/hardware-verification-bv/btor2c-lazyMod.telephony.1.prop1-func-interl.c,64,c/properties/unreach-call.prp,False
CBMC,c/eca-rers2012/Problem15_label03.c,32,c/properties/unreach-call.prp,False
CBMC,c/seq-mthreaded/pals_floodmax.3_overflow.ufo.UNBOUNDED.pals.c,32,c/properties/unreach-call.prp,False
CBMC,c/seq-mthreaded/pals_floodmax.3_overflow.ufo.UNBOUNDED.pals.c,32,c/properties/termination.prp,True
CBMC,c/eca-rers2012/Problem15_label45.c,32,c/properties/unreach-call.prp,False
CBMC,c/hardware-verification-bv/btor2c-lazyMod.arbitrated_top_n3_w8_d32_e0.c,64,c/properties/unreach-call.prp,False
CBMC,c/Juliet_Test/CWE190_Integer_Overflow__int_listen_socket_square_44_good.i,64,c/properties/no-overflow.prp,True
CBMC,c/pthread/fib_safe-6.i,32,c/properties/unreach-call.prp,True
CBMC,c/pthread/fib_safe-6.i,32,c/properties/valid-memsafety.prp,True
CBMC,c/pthread/fib_safe-6.i,32,c/properties/no-overflow.prp,True
CBMC,c/pthread/fib_safe-6.i,32,c/properties/no-data-race.prp,True
CBMC,c/Juliet_Test/CWE190_Integer_Overflow__int_fscanf_square_22_good.i,64,c/properties/no-overflow.prp,True
CBMC,c/combinations/Problem05_label46+token_ring.09.cil-2.c,32,c/properties/unreach-call.prp,False
CBMC,c/neural-networks/poly_1024_thresh_3_unsafe.c-amalgamation.i,32,c/properties/unreach-call.prp,False
CBMC,c/hardware-verification-bv/btor2c-lazyMod.lamport.8.prop1-func-interl.c,64,c/properties/unreach-call.prp,False
CBMC,c/nla-digbench-scaling/prod4br-ll_valuebound10.c,32,c/properties/unreach-call.prp,True
CBMC,c/nla-digbench-scaling/prod4br-ll_valuebound10.c,32,c/properties/no-overflow.prp,True
CBMC,c/nla-digbench-scaling/prodbin-ll_unwindbound10.c,32,c/properties/unreach-call.prp,False
CBMC,c/nla-digbench-scaling/prodbin-ll_unwindbound10.c,32,c/properties/no-overflow.prp,True
CBMC,c/coreutils-v8.31/uniq_3args_klee-sa_ko_257-267-292_csa_uaf.c,64,c/properties/valid-memsafety.prp,False
CBMC,c/combinations/Problem05_label46+token_ring.11.cil-1.c,32,c/properties/unreach-call.prp,False
CBMC,c/eca-rers2012/Problem14_label58.c,32,c/properties/termination.prp,False
CBMC,c/eca-rers2012/Problem14_label58.c,32,c/properties/unreach-call.prp,False
CBMC,c/Juliet_Test/CWE190_Integer_Overflow__int_connect_socket_square_63_good.i,64,c/properties/no-overflow.prp,True
CBMC,c/coreutils-v8.31/join_3args_klee-sa_ko_489_infer_nd.c,64,c/properties/valid-memsafety.prp,False
CBMC,c/ldv-linux-4.0-rc1-mav/linux-4.0-rc1---drivers--mtd--ubi--ubi.ko.cil.i,64,c/properties/unreach-call.prp,False
CBMC,c/ldv-consumption/32_7a_cilled_linux-3.8-rc1-32_7a-drivers--scsi--aic7xxx_old.ko-ldv_main0_sequence_infinite_withcheck_stateful.cil.out.i,64,c/properties/unreach-call.prp,True
CBMC,c/hardware-verification-bv/btor2c-lazyMod.pouring.2.prop1-back-serstep.c,64,c/properties/unreach-call.prp,False
CBMC,c/hardware-verification-bv/btor2c-lazyMod.lamport.6.prop1-func-interl.c,64,c/properties/unreach-call.prp,False
CBMC,c/eca-rers2012/Problem15_label14.c,32,c/properties/unreach-call.prp,False
CBMC,c/combinations/gcd_2+newton_2_7.i,32,c/properties/unreach-call.prp,False
CBMC,c/ldv-challenges/linux-3.14_linux-kernel-locking-spinlock_drivers-net-ethernet-via-via-velocity.cil.i,64,c/properties/unreach-call.prp,True
CBMC,c/combinations/Problem05_label46+token_ring.10.cil-1.c,32,c/properties/unreach-call.prp,False
CBMC,c/eca-rers2012/Problem15_label02.c,32,c/properties/unreach-call.prp,False
CBMC,c/xcsp/Haystacks-11.c,32,c/properties/unreach-call.prp,True
CBMC,c/seq-mthreaded-reduced/pals_lcr.5.ufo.BOUNDED-10.pals.c.v+sep-reducer.c,32,c/properties/unreach-call.prp,True
CBMC,c/ldv-linux-3.16-rc1/43_2a_consumption_linux-3.16-rc1.tar.xz-43_2a-drivers--video--fbdev--aty--radeonfb.ko-entry_point.cil.out.i,64,c/properties/unreach-call.prp,True
CBMC,c/eca-rers2012/Problem15_label50.c,32,c/properties/unreach-call.prp,False
CBMC,c/hardware-verification-bv/btor2c-lazyMod.train-gate.1.prop1-func-interl.c,64,c/properties/unreach-call.prp,False
CBMC,c/nla-digbench-scaling/knuth_valuebound50.i,32,c/properties/unreach-call.prp,True
CBMC,c/nla-digbench-scaling/knuth_valuebound50.i,32,c/properties/no-overflow.prp,True
CBMC,c/coreutils-v8.31/join_3args_klee-sa_ko_696-489_csa_uaf.c,64,c/properties/valid-memsafety.prp,False
CBMC,c/combinations/gcd_1+newton_1_1.i,32,c/properties/unreach-call.prp,True
CBMC,c/ldv-consumption/32_7a_cilled_linux-3.8-rc1-32_7a-drivers--video--udlfb.ko-ldv_main0_sequence_infinite_withcheck_stateful.cil.out.i,64,c/properties/unreach-call.prp,True
CBMC,c/eca-rers2012/Problem15_label48.c,32,c/properties/unreach-call.prp,False
CBMC,c/hardware-verification-bv/btor2c-lazyMod.production_cell.2.prop1-func-interl.c,64,c/properties/unreach-call.prp,False
CBMC,c/neural-networks/tanh_w64_r3_case_1_safe.c-amalgamation.i,32,c/properties/unreach-call.prp,True
CBMC,c/coreutils-v8.31/join_3args_klee-sa_ko_696-489_csa_nd.c,64,c/properties/valid-memsafety.prp,False
CBMC,c/nla-digbench-scaling/bresenham-ll_unwindbound20.c,32,c/properties/unreach-call.prp,False
CBMC,c/nla-digbench-scaling/bresenham-ll_unwindbound20.c,32,c/properties/no-overflow.prp,True
CBMC,c/eca-rers2012/Problem15_label38.c,32,c/properties/unreach-call.prp,False
CBMC,c/hardware-verification-bv/btor2c-lazyMod.arbitrated_top_n3_w16_d32_e0.c,64,c/properties/unreach-call.prp,False
CBMC,c/hardware-verification-bv/btor2c-lazyMod.leader_filters.6.prop1-func-interl.c,64,c/properties/unreach-call.prp,False
CBMC,c/combinations/Problem05_label42+token_ring.13.cil-1.c,32,c/properties/unreach-call.prp,False
CBMC,c/hardware-verification-bv/btor2c-lazyMod.synapse.1.prop1-back-serstep.c,64,c/properties/unreach-call.prp,False
CBMC,c/eca-rers2012/Problem15_label34.c,32,c/properties/unreach-call.prp,False
CBMC,c/ldv-linux-3.14/linux-3.14_linux-usb-dev_drivers-net-ethernet-via-via-velocity.cil.i,64,c/properties/unreach-call.prp,True
CBMC,c/ldv-linux-3.16-rc1/205_9a_array_unsafes_linux-3.16-rc1.tar.xz-205_9a-drivers--net--wireless--rtlwifi--rtl8192cu--rtl8192cu.ko-entry_point.cil.out.i,64,c/properties/unreach-call.prp,False
CBMC,c/eca-rers2012/Problem15_label51.c,32,c/properties/unreach-call.prp,False
CBMC,c/floats-cdfpl/sine_6.i,32,c/properties/termination.prp,True
CBMC,c/floats-cdfpl/sine_6.i,32,c/properties/unreach-call.prp,True
CBMC,c/eca-rers2012/Problem15_label29.c,32,c/properties/unreach-call.prp,False
CBMC,c/eca-rers2012/Problem14_label56.c,32,c/properties/termination.prp,False
CBMC,c/eca-rers2012/Problem14_label56.c,32,c/properties/unreach-call.prp,False
CBMC,c/eca-rers2012/Problem14_label12.c,32,c/properties/termination.prp,False
CBMC,c/eca-rers2012/Problem14_label12.c,32,c/properties/unreach-call.prp,False
CBMC,c/hardware-verification-bv/btor2c-lazyMod.bridge.2.prop1-func-interl.c,64,c/properties/unreach-call.prp,False
CBMC,c/hardware-verification-bv/btor2c-lazyMod.telephony.7.prop1-func-interl.c,64,c/properties/unreach-call.prp,False
CBMC,c/combinations/Problem05_label42+token_ring.12.cil-1.c,32,c/properties/unreach-call.prp,False
CBMC,c/eca-rers2012/Problem15_label07.c,32,c/properties/unreach-call.prp,False
CBMC,c/hardware-verification-bv/btor2c-lazyMod.brp2.3.prop1-back-serstep.c,64,c/properties/unreach-call.prp,False
CBMC,c/seq-mthreaded/rekh_aso.1.M4-1.c,32,c/properties/unreach-call.prp,True
CBMC,c/combinations/Problem05_label45+token_ring.15.cil.c,32,c/properties/unreach-call.prp,False
CBMC,c/weaver/chl-name-comparator-subst.wvr.c,32,c/properties/unreach-call.prp,True
CBMC,c/weaver/chl-name-comparator-subst.wvr.c,32,c/properties/valid-memsafety.prp,True
CBMC,c/weaver/chl-name-comparator-subst.wvr.c,32,c/properties/no-overflow.prp,True
CBMC,c/weaver/chl-name-comparator-subst.wvr.c,32,c/properties/no-data-race.prp,True
CBMC,c/eca-rers2012/Problem15_label30.c,32,c/properties/unreach-call.prp,False
CBMC,c/hardware-verification-bv/btor2c-lazyMod.pouring.2.prop1-func-interl.c,64,c/properties/unreach-call.prp,False
CBMC,c/eca-rers2012/Problem15_label00.c,32,c/properties/unreach-call.prp,False
CBMC,c/eca-rers2012/Problem15_label40.c,32,c/properties/unreach-call.prp,False
CBMC,c/combinations/Problem05_label43+token_ring.12.cil-1.c,32,c/properties/unreach-call.prp,False
